tree
version=v4
num_class=1
num_tree_per_iteration=1
label_index=0
max_feature_idx=4
objective=tweedie
feature_names=ema32 ema128 mem_cur_state tok_since_hit hits16
feature_infos=[0:0.36363083124160767] [0:0.13475595414638519] [0:0.83333331346511841] [16:100000] [0:16]
tree_sizes=1860 1896 1897 1897 1893 1899 1897 1917 1920 1910 1922 1881 1876 1899 1875 1884 1890 1898 1864 1906 1916 1889 1915 1859 1822 1898 1878 1921 1866 1885 1837 1894 1843 1863 1929 1842 1869 1847 1932 1852 1878 1894 1877 1899 1838 1880 1881 1921 1839 1798 1875 1899 1859 1855 1878 1923 1913 1903 1902 1831

Tree=0
num_leaves=15
num_cat=0
split_feature=0 1 0 1 2 0 0 0 2 2 0 1 2 4
split_gain=1.07584e+07 2.15683e+06 2.15022e+06 546044 489375 481959 437838 228456 222219 181886 127068 123874 118585 96534.6
threshold=0.036059260368347175 0.023777268826961521 0.078723412007093443 0.043128140270709998 0.02520281728357077 0.13330135494470599 0.0050735124386847028 0.015459300950169565 0.020732789300382141 0.029845309443771843 0.015205891802906992 0.036185801029205329 0.019054379314184192 7.5000000000000009
decision_type=2 2 2 2 2 2 2 2 2 2 2 2 2 2
left_child=1 6 3 9 10 -4 12 -6 -8 -2 -3 -9 -1 -7
right_child=2 4 5 -5 7 13 8 11 -10 -11 -12 -13 -14 -15
leaf_value=0.32097000662414443 0.60829480139018677 0.43960962693588412 0.80640209362096726 0.72657542461488278 0.54311201574086188 0.92939645646755475 0.41826560883354408 0.59101634629456745 0.50238880877402914 0.67580539280973184 0.52913131597948393 0.64961746739550619 0.40446063312078162 1.0860503657563507
leaf_weight=2300656.5767067671 6974901.4244692922 2031736.25356704 9088681.333853364 13814695.074055851 5148074.2030475736 1965995.2114859223 4483875.9109685421 7127274.8011953831 7644147.3480206132 7404699.8608121872 4794202.9335634112 5962306.1310610771 4577141.5100532174 431788.0498495698
leaf_count=2521009 5187331 1930976 4553152 8271998 4239869 688614 4378774 5451549 6677028 4894447 4030555 4132358 4547278 68357
internal_value=0.615241 0.513212 0.728555 0.683981 0.571006 0.837966 0.436998 0.596652 0.471287 0.643059 0.502485 0.617709 0.376533 0.957606
internal_weight=8.37502e+07 4.40694e+07 3.96808e+07 2.81943e+07 2.50636e+07 1.14865e+07 1.90058e+07 1.82377e+07 1.2128e+07 1.43796e+07 6.82594e+06 1.30896e+07 6.8778e+06 2.39778e+06
internal_count=61573295 37909396 23663899 18353776 19785307 5310123 18124089 13823776 11055802 10081778 5961531 9583907 7068287 756971
is_linear=0
shrinkage=1


Tree=1
num_leaves=15
num_cat=0
split_feature=0 0 0 1 1 2 0 2 2 0 2 0 0 0
split_gain=5.56895e+06 1.44245e+06 998792 523045 274333 274018 218763 193099 154234 149147 144956 67891.9 52096.3 51418.6
threshold=0.04249252192676068 0.010592155624181034 0.097505155950784697 0.030080205760896209 0.016668065451085571 0.040926272049546249 0.1654932647943497 0.018705323338508609 0.0170652074739337 0.060962252318859107 0.033802518621087081 0.060962252318859107 0.023192874155938629 0.00029223597084637737
decision_type=2 2 2 2 2 2 2 2 2 2 2 2 2 2
left_child=1 4 5 7 13 9 -4 -3 -6 -2 -5 -7 -9 -1
right_child=2 3 6 10 8 11 -8 12 -10 -11 -12 -13 -14 -15
leaf_value=-0.24832561588249089 0.019339509840864064 -0.12496793718326754 0.18050651825014671 -0.025444325005894802 -0.19904632976069533 0.082972532494903425 0.33645282531244086 -0.067101753095259106 -0.091761695227616652 0.077497876707622482 0.028398338820026355 0.13124828684060899 -0.02919885688196425 -0.17960121722033656
leaf_weight=1259335.973426044 8625929.5085729361 4099528.626791358 5248380.7738361955 8045047.8986622095 1450817.7627618909 4967857.7515533566 957252.45086729527 7435602.0232986212 7147025.1759719253 7350158.9564653039 10212835.106254399 5551831.0126465559 5816765.22876513 4414241.892454505
leaf_count=1480437 5988998 3926865 2419272 6257594 1586180 3005485 259624 6374470 6475712 4447954 7071765 2979758 4597469 4696936
internal_value=1.023e-05 -0.0630678 0.0962266 -0.0307715 -0.143653 0.0708531 0.204562 -0.0680672 -0.109865 0.0460966 0.00467342 0.10845 -0.0504653 -0.194856
internal_weight=8.25826e+07 4.98812e+07 3.27014e+07 3.56098e+07 1.42714e+07 2.64958e+07 6.20563e+06 1.73519e+07 8.59784e+06 1.59761e+07 1.82579e+07 1.05197e+07 1.32524e+07 5.67358e+06
internal_count=61568519 42467428 19101091 28228163 14239265 16422195 2678896 14898804 8061892 10436952 13329359 5985243 10971939 6177373
is_linear=0
shrinkage=0.3


Tree=2
num_leaves=15
num_cat=0
split_feature=0 0 1 4 1 2 0 0 2 2 0 1 2 2
split_gain=2.88679e+06 818272 493579 278777 235040 185168 109342 105509 86033.7 84596.3 72174.5 67815.3 53308.7 52556
threshold=0.029040736146271232 0.070339605212211623 0.020460635423660282 5.5000000000000009 0.038969019427895553 0.021947713568806652 0.00099747814238071463 0.11399380117654802 0.023758514784276489 0.01549832569435239 0.0036090534413233404 0.05326164327561856 0.037373363971710212 0.054352393373847015
decision_type=2 2 2 2 2 2 2 2 2 2 2 2 2 2
left_child=2 4 6 7 8 -4 -1 13 -2 -8 -7 -6 -12 -3
right_child=1 3 5 -5 11 10 9 -9 -10 -11 12 -13 -14 -15
leaf_value=-0.16951463361360317 -0.036263779392490744 0.073835667482443149 -0.088147307023325919 0.27185139284200416 0.034441436597196062 -0.10079780824234659 -0.15035673072068895 0.15082866592731525 0.011912358603666569 -0.083848743363596906 -0.0341767119728483 0.075075723978828307 -0.0005336618780275974 0.12534287420667981
leaf_weight=2365326.8376419544 4932895.6650722027 8121099.1327347159 5109052.0875635147 897233.1999334693 11235540.210914969 1025097.1404281259 2185683.2811058164 2791264.2249760032 10306640.940375268 8100612.3170365691 9299588.1941376328 5508834.429964304 7789338.2838574052 2284429.93538028
leaf_count=2795394 3975558 4583873 4877840 269542 7358858 984246 2441975 1229069 7318859 7796441 7637723 3264206 5896125 1139200
internal_value=0.000132278 0.0498138 -0.0636794 0.110038 0.0232754 -0.0377066 -0.111355 0.0990367 -0.00368181 -0.0979807 -0.0234798 0.04781 -0.0188418 0.0851436
internal_weight=8.19526e+07 4.60779e+07 3.58747e+07 1.4094e+07 3.19839e+07 2.32231e+07 1.26516e+07 1.31968e+07 1.52395e+07 1.02863e+07 1.8114e+07 1.67444e+07 1.70889e+07 1.04055e+07
internal_count=61568909 29139165 32429744 7221684 21917481 19395934 13033810 6952142 11294417 10238416 14518094 10623064 13533848 5723073
is_linear=0
shrinkage=0.3


Tree=3
num_leaves=15
num_cat=0
split_feature=1 0 0 1 4 2 1 2 2 3 2 0 4 2
split_gain=1.49535e+06 385559 324447 135980 131033 129400 90105.3 71307.3 64191.6 59112.2 53472.9 50167.3 43704.1 38587.9
threshold=0.033859223127365119 0.090950872749090209 0.017812326550483707 0.050597930327057845 8.5000000000000018 0.014788470696657898 0.014355433173477651 0.031163454055786136 1.0000000180025095e-35 24.000000000000004 0.0065365158952772626 0.14482135325670245 2.5000000000000004 0.017641471698880199
decision_type=2 2 2 2 2 2 2 2 2 2 2 2 2 2
left_child=2 3 5 9 11 8 -7 12 -1 -2 -10 -3 -4 -11
right_child=1 4 7 -5 -6 6 -8 -9 10 13 -12 -13 -14 -15
leaf_value=-0.016361775847618821 0.02942392495861082 0.083379451736532287 -0.033621053297192838 0.052166168603567424 0.34415943358690704 -0.10420605057693923 -0.048262075145515587 0.006696210981309892 -0.23764945650009681 -0.055481972272709269 -0.12454060697824684 0.14918816735381957 0.063929830104943297 0.0041021238136077229
leaf_weight=409863.75232544541 10579403.086009443 5748551.0963068008 11487986.960583866 11870657.60156709 195751.66970908642 3243342.0559597909 12884840.169912487 7862425.6055832505 454089.88677033782 1065879.8371896744 2192149.6829288304 1273511.2418344021 428761.81694048643 11893240.90197134
leaf_count=419481 6870228 2868899 9701015 7056735 35867 3601770 11829078 5800037 623062 915841 2547322 478914 266049 8555607
internal_value=3.94936e-05 0.0388688 -0.0424407 0.0259872 0.102063 -0.0702375 -0.0595123 -0.0154799 -0.126839 0.0127849 -0.14395 0.0953144 -0.0301112 -0.000798632
internal_weight=8.15905e+07 4.2627e+07 3.89635e+07 3.54092e+07 7.21781e+06 1.91843e+07 1.61282e+07 1.97792e+07 3.0561e+06 2.35385e+07 2.64624e+06 7.02206e+06 1.19167e+07 1.29591e+07
internal_count=61569905 26782091 34787814 23398411 3383680 19020713 15430848 15767101 3589865 16341676 3170384 3347813 9967064 9471448
is_linear=0
shrinkage=0.3


Tree=4
num_leaves=15
num_cat=0
split_feature=0 0 4 2 2 2 4 2 1 0 2 3 3 1
split_gain=820920 271287 140225 140113 85207.1 61128.2 53702.1 52134.8 48614.9 40917.5 39218.2 36314.6 35967.9 27908.7
threshold=0.04889368265867234 0.0073033575899899015 4.5000000000000009 0.028362810611724857 0.051961185410618789 0.02465782500803471 9.5000000000000018 0.012462443672120573 0.060771346092224128 7.1942773502087234e-05 0.050660487264394767 50624.000000000007 248.00000000000003 0.026745173148810867
decision_type=2 2 2 2 2 2 2 2 2 2 2 2 2 2
left_child=1 5 4 7 8 11 -4 -3 -2 -7 -5 12 -1 -9
right_child=2 3 6 10 -6 9 -8 13 -10 -11 -12 -13 -14 -15
leaf_value=-0.085990828115548992 0.019726984522328645 -0.07212068514078096 0.11540343507739843 -0.0034545030837872391 0.069800260589356553 -0.15286402897757975 0.32665038602102248 -0.037661557043818135 0.054530292556818148 -0.038916745334409357 0.02356542777819472 0.056630948320423737 -0.16705463839750639 -0.012627798147760782
leaf_weight=3719301.776750356 14724915.588446677 2408375.2552849054 1392959.5917419195 19564779.860939562 5756495.317322135 299216.48007959127 117437.08877027035 7791991.9655357301 4786341.155466795 5442846.7064879537 6421392.1354268193 143621.4482024312 567815.20860612392 8253335.2075011134
leaf_count=4226903 9304797 2406240 551637 14690585 3044625 395351 19307 7174655 2518237 5272848 4464724 137642 789794 6572114
internal_value=8.02935e-06 -0.0210893 0.043035 -0.010973 0.0377273 -0.0652825 0.131828 -0.0309625 0.0282646 -0.0448545 0.00322234 -0.0917564 -0.0967275 -0.0247848
internal_weight=8.13908e+07 5.46127e+07 2.67781e+07 4.44399e+07 2.52678e+07 1.01728e+07 1.5104e+06 1.84537e+07 1.95113e+07 5.74206e+06 2.59862e+07 4.43074e+06 4.28712e+06 1.60453e+07
internal_count=61569459 46130856 15438603 35308318 14867659 10822538 570944 16153009 11823034 5668199 19155309 5154339 5016697 13746769
is_linear=0
shrinkage=0.3


Tree=5
num_leaves=15
num_cat=0
split_feature=0 0 0 4 2 2 2 4 2 4 2 1 0 0
split_gain=442186 135655 78409.4 73901.4 54073.1 48479.6 40621.2 28251.3 25407.7 24836.1 22923.1 22659.9 20507.4 28460
threshold=0.024221520870923999 0.054566008970141418 0.0017673937254585328 6.5000000000000009 0.029694532044231895 0.03895376808941365 0.060064414516091354 3.5000000000000004 0.010393839795142414 11.500000000000002 0.015696670860052112 0.06529663130640985 1.0000000180025095e-35 2.874549318221398e-05
decision_type=2 2 2 2 2 2 2 2 2 2 2 2 2 2
left_child=2 5 12 6 8 10 7 11 -4 -5 -2 -3 -1 -14
right_child=1 3 4 9 -6 -7 -8 -9 -10 -11 -12 -13 13 -15
leaf_value=0.040751289709525226 -0.034751252854553043 0.01673142480634621 -0.074526328500083242 0.12973607069087825 -0.0092617588723031656 0.019704531577712181 0.062732164564986204 0.059355188723850427 -0.032019483356127296 0.36221805893083042 -0.0021211651785423263 0.043877212281326086 -0.15837914344664672 -0.066088293229844025
leaf_weight=143675.18734058738 2201444.4918672442 13319822.342749774 1412415.8750578761 418575.25715994835 12794130.413888901 10270261.125463665 3257757.0758215189 2090015.9093903303 12173970.816806614 45891.079275250435 16171593.467863262 3493396.2115637064 332481.85084342957 3147757.5715739131
leaf_count=137761 1919783 8156888 1614753 127695 10538591 6777876 1643245 988264 11626649 5574 12076249 1801890 493219 3663298
internal_value=-1.65394e-05 0.0169119 -0.0289422 0.0342749 -0.0232582 0.00319674 0.0317928 0.0264607 -0.0364384 0.152706 -0.00603088 0.0223717 -0.0703199 -0.0749052
internal_weight=8.12732e+07 5.12688e+07 3.00044e+07 2.26255e+07 2.63805e+07 2.86433e+07 2.2161e+07 1.89032e+07 1.35864e+07 464466 1.8373e+07 1.68132e+07 3.62391e+06 3.48024e+06
internal_count=61571735 33497464 28074271 12723556 23779993 20773908 12590287 10947042 13241402 133269 13996032 9958778 4294278 4156517
is_linear=0
shrinkage=0.3


Tree=6
num_leaves=15
num_cat=0
split_feature=1 4 3 2 2 0 2 2 1 1 4 3 0 3
split_gain=223721 75576.8 51157.7 42277.8 34909.2 33426.1 25660.7 24842.8 21135.9 19112.4 17872.7 17732.2 14102.8 13259.6
threshold=0.032154094427824027 1.5000000000000002 24.000000000000004 0.012462443672120573 0.047002023085951812 0.1654932647943497 1.0000000180025095e-35 0.0030078291893005375 0.01864720601588488 0.010537574067711832 10.500000000000002 40.000000000000007 0.00085215287981554877 168.00000000000003
decision_type=2 2 2 2 2 2 2 2 2 2 2 2 2 2
left_child=2 4 9 6 11 -3 -4 -8 -5 -1 -7 -2 -10 -9
right_child=1 5 3 8 -6 10 7 13 12 -11 -12 -13 -14 -15
leaf_value=0.070930689240374115 0.0063555914420344922 0.030265021188681563 0.0069524676536349556 -0.033355788861729921 0.021742460005174418 0.08143887612712071 -0.21377545690499186 -0.054917394268484451 -0.088138583036945231 -0.00082609383193396971 0.24630943202766653 -0.010917448665623814 -0.013194073085117464 -0.1168026688061269
leaf_weight=347693.67239326239 15657132.147451878 11350306.011227369 431142.84388145804 7637907.2407137156 9785749.6694829464 684244.41822612286 107358.65529745817 1758518.1757709384 229189.06506422162 8522998.8707712293 64778.33068215847 8124544.2019356489 16137475.973456025 378706.8858422339
leaf_count=265161 10405421 6262142 442877 8064612 6086261 232040 177589 1999486 258373 6656150 10282 6223913 13933868 551511
internal_value=9.53895e-05 0.0139877 -0.0177499 -0.0243119 0.00666054 0.0343157 -0.060081 -0.0729569 -0.0203248 0.00198647 0.0956975 0.000454595 -0.0142436 -0.0658832
internal_weight=8.12177e+07 4.56668e+07 3.5551e+07 2.66803e+07 3.35674e+07 1.20993e+07 2.67573e+06 2.24458e+06 2.40046e+07 8.87069e+06 749023 2.37817e+07 1.63667e+07 2.13723e+06
internal_count=61569686 29220059 32349627 25428316 22715595 6504464 3171463 2728586 22256853 6921311 242322 16629334 14192241 2550997
is_linear=0
shrinkage=0.3


Tree=7
num_leaves=15
num_cat=0
split_feature=0 1 0 2 2 4 1 4 0 2 2 1 2 2
split_gain=116512 53358.2 27627.7 23641.5 22845.7 17752.9 16273.9 15138.3 14349 11164.5 18542.2 10832.5 8688.21 8063.06
threshold=0.021494368091225628 0.05840596370398999 0.10971909761428834 0.02650416269898415 0.035536542534828193 12.500000000000002 0.0046697242651134738 1.0000000180025095e-35 0.0026503745466470723 1.0000000180025095e-35 0.0090290107764303702 0.0051872471813112506 0.020878562703728679 0.061854703351855285
decision_type=2 2 2 2 2 2 2 2 2 2 2 2 2 2
left_child=3 2 4 8 12 7 -5 -3 9 -1 -11 -10 -2 -6
right_child=1 5 -4 6 13 -7 -8 -9 11 10 -12 -13 -14 -15
leaf_value=0.010961649878121494 -0.012140970406019495 0.0095306323015221274 0.058836914117252621 -0.16824025574224713 0.0074145274386097403 0.28102823060599408 -0.0076279893786969843 0.034077222934443305 0.047907879575614605 -0.11772166428752889 -0.041862456935811775 -0.022457288351684587 0.00010620004394105749 0.023876207161619558
leaf_weight=265899.29475843906 7531497.0832099915 3272064.3967496753 793983.64863246679 56995.692978262901 15374597.383414805 24718.985639333725 14825405.037401617 7319254.6521228552 201206.75358340144 346575.17703804374 1776233.0974422693 9208479.6536215544 16935806.69853574 3242701.4207852483
leaf_count=276380 6029116 1918149 349652 90129 10107125 2971 12949089 3612452 186259 543543 2145307 9215062 12161404 1983246
internal_value=4.88743e-05 0.00800161 0.00338418 -0.0161943 0.00236228 0.0270865 -0.00824309 0.0264938 -0.0262239 -0.0469887 -0.0542474 -0.0209527 -0.00366371 0.0102818
internal_weight=8.11754e+07 5.44946e+07 4.38786e+07 2.66808e+07 4.30846e+07 1.0616e+07 1.48824e+07 1.05913e+07 1.17984e+07 2.38871e+06 2.12281e+06 9.40969e+06 2.44673e+07 1.86173e+07
internal_count=61569884 36164115 30630543 25405769 30280891 5533572 13039218 5530601 12366551 2965230 2688850 9401321 18190520 12090371
is_linear=0
shrinkage=0.3


Tree=8
num_leaves=15
num_cat=0
split_feature=4 2 1 1 4 1 2 2 2 0 2 1 1 4
split_gain=68020.6 32940.4 24592 17073.8 13146.9 10512.5 9992.01 17356.3 10913.2 9519.52 8746.23 8713.23 8774.45 8542.55
threshold=1.0000000180025095e-35 0.020420230925083164 0.070652905851602568 0.02749130874872208 2.5000000000000004 0.0083249718882143515 0.0095046884380280989 1.0000000180025095e-35 0.0045221976470202216 0.0024694221792742614 0.05548455938696862 0.046727640554308898 0.0051872471813112506 12.500000000000002
decision_type=2 2 2 2 2 2 2 2 2 2 2 2 2 2
left_child=1 6 4 5 11 -3 7 -1 -9 -5 -11 12 -2 -4
right_child=2 3 13 9 -6 -7 -8 8 -10 10 -12 -13 -14 -15
leaf_value=0.0024967590677635013 0.06927897261757375 -0.055126101753091662 0.034628429319726858 -0.065624707652441452 0.022352900026036231 -0.0098540578214777828 -0.017681319128855955 -0.11163125170595298 -0.045990803217842643 -0.00028735265891628438 0.015074939807938153 0.013301375344459221 0.00067453523211967817 0.21924385847066832
leaf_weight=577612.62909969687 169449.9002648592 477876.37279638648 3062762.685444057 186979.75842857361 4746466.7065231204 13571939.926984578 8210337.8403518498 285326.18239912391 1133722.2973534465 19544154.45079267 4021791.5186399817 8045497.4273718596 17096660.803292632 22725.026785612106
leaf_count=568512 126781 596341 1384110 188301 2508174 12521467 8117806 419099 1340200 14104480 2588013 4644345 12459145 2833
internal_value=2.91557e-05 -0.00718729 0.0104825 -0.00310402 0.00786428 -0.0113939 -0.0223101 -0.041344 -0.059189 0.00179943 0.00233439 0.00514735 0.00134782 0.0359881
internal_weight=8.11533e+07 4.80097e+07 3.31436e+07 3.78027e+07 3.00581e+07 1.40498e+07 1.0207e+07 1.99666e+06 1.41905e+06 2.37529e+07 2.35659e+07 2.53116e+07 1.72661e+07 3.08549e+06
internal_count=61569607 40444219 21125388 29998602 19738445 13117808 10445617 2327811 1759299 16880794 16692493 17230271 12585926 1386943
is_linear=0
shrinkage=0.3


Tree=9
num_leaves=15
num_cat=0
split_feature=1 2 0 4 2 0 3 3 2 1 2 2 2 0
split_gain=34802.1 15210.6 12877.9 11906.4 8682.69 8294.53 7833.08 6606.5 6149.16 6096.06 4486.42 3929.21 3816.46 9229.39
threshold=0.027945894747972492 0.067753646522760405 0.0050735124386847028 6.5000000000000009 0.01379427593201399 0.054566008970141418 24.000000000000004 504.00000000000006 0.022407670505344871 0.07544910162687303 0.0095046884380280989 0.030878958292305473 1.0000000180025095e-35 4.962078264725279e-06
decision_type=2 2 2 2 2 2 2 2 2 2 2 2 2 2
left_child=4 2 -2 6 12 7 9 11 -5 -4 -8 -6 -1 -14
right_child=1 -3 3 8 5 -7 10 -9 -10 -11 -12 -13 13 -15
leaf_value=0.0054498469568675881 -0.039521510346964606 0.022360055658054163 0.0056246394060407053 0.1156235379347057 -0.010507834842604716 0.034050119818186425 -0.028363419252704934 -0.098449322778330087 0.032180837833404988 0.02513825102201105 -0.00014955200152778222 -0.0025793311912158559 -0.18965263594041243 -0.024220682498006168
leaf_weight=394960.96681883931 634380.34933844209 3918462.3399727046 23117322.54828012 109652.86963772774 13404631.275596887 441439.01324671507 518319.31621730328 71599.963939785957 288900.61475765705 1536614.2005593777 23738306.717650324 9693764.6789121628 30639.294557183981 3228579.2116675377
leaf_count=407980 630925 2238576 14407002 29012 12805749 280827 481735 112242 90068 695689 17151089 8473797 63857 3700123
internal_value=-5.92631e-05 0.00436159 0.00294947 0.00349587 -0.00879246 -0.00668638 0.00307506 -0.0074625 0.0551382 0.00684087 -0.00075243 -0.00718046 -0.0224009 -0.0257759
internal_weight=8.11276e+07 5.3862e+07 4.99435e+07 4.93091e+07 2.72656e+07 2.36114e+07 4.89106e+07 2.317e+07 398553 2.46539e+07 2.42566e+07 2.30984e+07 3.65418e+06 3.25922e+06
internal_count=61568671 35724096 33485520 32854595 25844575 21672615 32735515 21391788 119080 15102691 17632824 21279546 4171960 3763980
is_linear=0
shrinkage=0.3


Tree=10
num_leaves=15
num_cat=0
split_feature=4 2 1 3 1 2 1 1 1 0 1 1 2 1
split_gain=19928.2 14606.5 9668.05 7942.84 5824.4 5593.61 5121.45 3994.96 5507.72 5041.39 3934.16 3694.94 3665.47 2983.04
threshold=1.5000000000000002 0.031027773395180706 0.045259874314069755 136.00000000000003 0.089474968612194075 0.062500134110450759 0.0046697242651134738 0.019476373679935936 0.0051872471813112506 0.036059260368347175 0.023777268826961521 0.028695321641862396 1.0000000180025095e-35 0.0051872471813112506
decision_type=2 2 2 2 2 2 2 2 2 2 2 2 2 2
left_child=1 3 6 7 5 -2 -3 8 -1 -9 -5 -11 -13 -8
right_child=4 2 -4 10 -6 -7 13 9 -10 11 -12 12 -14 -15
leaf_value=0.035967955196804582 0.0068986952996505958 -0.097999613937922503 0.0089866901910269411 -0.016121431604525029 0.043729395122808414 0.025858763992671882 0.041027770944963231 7.1389049667723741e-05 -0.014314754724948723 -0.025625148704520956 -0.043826171565668919 -0.086769089531360047 -0.0062776500462725813 -0.001594679309023657
leaf_weight=203544.34538465738 12271384.12116605 49420.840491145849 11870589.430271208 2782308.392780602 450356.58687239885 1580811.4455783367 148732.0389547646 13941971.699907929 5328088.0476682484 1070175.089433223 552988.34158498049 51259.166028559208 7654545.5433412194 23165605.128161371
leaf_count=190008 7112242 81445 7141241 3365840 163744 782582 121742 12179261 5517903 884094 601671 40622 5266810 18121257
internal_value=-9.18381e-06 -0.0021846 0.00201492 -0.00686935 0.010154 0.00906242 -0.00152727 -0.00523468 -0.0124645 -0.00347427 -0.0207148 -0.00910709 -0.00681308 -0.00132277
internal_weight=8.11218e+07 6.68192e+07 3.52343e+07 3.15849e+07 1.43026e+07 1.38522e+07 2.33638e+07 2.82496e+07 5.53163e+06 2.2718e+07 3.3353e+06 8.77598e+06 7.7058e+06 2.33143e+07
internal_count=61570462 53511894 25465685 28046209 8058568 7894824 18324444 24078698 5707911 18370787 3967511 6191526 5307432 18242999
is_linear=0
shrinkage=0.3


Tree=11
num_leaves=15
num_cat=0
split_feature=3 2 1 4 2 3 3 3 2 0 3 1 1 0
split_gain=11633.2 6368 6997.6 5404.22 5318.02 3963.02 5114.02 6066.54 3782.3 3430.26 3327.13 4060.93 3293.03 2726.91
threshold=24.000000000000004 0.032830914482474334 0.010915465187281372 9.5000000000000018 0.061854703351855285 200.00000000000003 50624.000000000007 536.00000000000011 0.10763395950198175 0.00099747814238071463 296.00000000000006 0.016668065451085571 0.021236494183540348 7.1942773502087234e-05
decision_type=2 2 2 2 2 2 2 2 2 2 2 2 2 2
left_child=3 5 8 4 -1 -2 7 12 9 -3 -4 -12 13 -7
right_child=1 2 10 -5 -6 6 -8 -9 -10 -11 11 -13 -14 -15
leaf_value=0.00278512464345488 -0.005279504802403843 -0.0072965821983352504 0.0018337496616845029 0.075051873488054685 0.015208800264910607 -0.045313988395409767 0.03260187548674575 -0.15353314784633801 -0.12587100143263055 -0.059649322414035935 -0.0050013621413412578 -0.11823907220615333 -0.061964530627663023 -0.010206461828889263
leaf_weight=29566344.325009972 24347653.786821783 306527.25960993767 21470244.589209408 96866.600552797318 3464263.5954098701 254306.0182133615 144732.44460126758 33112.538478881121 37140.944113641977 178077.26672008634 74950.01684358716 45993.510877370834 174812.99588316679 917549.30845922232
leaf_count=19226928 21847305 383393 15869999 19318 1878764 381499 137287 65729 55099 194458 90418 57083 216030 1145217
internal_value=-2.83822e-05 -0.00301355 0.000724653 0.00429563 0.00408812 -0.00620859 -0.0210468 -0.0266743 -0.033606 -0.0265346 0.00155424 -0.0480644 -0.023555 -0.0178252
internal_weight=8.11126e+07 4.79851e+07 2.21129e+07 3.31275e+07 3.30306e+07 2.58722e+07 1.52451e+06 1.37978e+06 521745 484605 2.15912e+07 120944 1.34667e+06 1.17186e+06
internal_count=61568527 40443517 16650450 21125010 21105692 23793067 1945762 1808475 632950 577851 16017500 147501 1742746 1526716
is_linear=0
shrinkage=0.3


Tree=12
num_leaves=15
num_cat=0
split_feature=1 0 4 1 2 3 2 2 3 4 1 2 0 0
split_gain=6987.46 6259.34 4047.26 4192.68 3199.62 3208.21 3057.97 2821.45 3364.3 2718.47 2148.83 2832.2 2132.21 2074.75
threshold=0.026002876460552219 0.0023072715848684315 7.5000000000000009 0.048610009253025062 0.010393839795142414 792.00000000000011 0.072218317538499846 1.0000000180025095e-35 552.00000000000011 13.500000000000002 0.083821848034858717 0.0266614118590951 0.054566008970141418 0.078723412007093443
decision_type=2 2 2 2 2 2 2 2 2 2 2 2 2 2
left_child=4 -2 6 -4 7 12 10 -1 -9 -5 13 -12 -6 -3
right_child=1 2 3 9 5 -7 -8 8 -10 -11 11 -13 -14 -15
leaf_value=0.0067814147992039256 -0.042504620789098758 0.0018810236125403051 0.19888460326243632 0.022935642596458274 -0.0036293716365827654 -0.20928055058451081 0.011131384633469629 -0.021210872629879467 -0.18805840172836563 0.16629103721508481 0.051058217924754706 0.0078370391572964247 0.022215176604061204 -0.0032396482874454892
leaf_weight=373397.1765255034 285811.68246218562 44731201.506903261 14009.688635468483 235215.43898761272 21323450.15230006 6806.2910434901714 3014193.4603862762 1430716.3553430438 10960.029479041696 12539.974029779434 167023.82998299599 745411.93732482195 291222.6615601778 8469580.4430885315
leaf_count=387156 311745 31920151 3176 63613 20297079 14587 1724505 1783393 28198 1470 68650 335045 186188 4444855
internal_value=6.41951e-06 0.0017814 0.00200195 0.0392199 -0.00436162 -0.00334601 0.00183141 -0.0164598 -0.0224793 0.0301915 0.00131339 0.0157488 -0.00328116 0.00106581
internal_weight=8.11115e+07 5.7675e+07 5.73892e+07 261765 2.34366e+07 2.16215e+07 5.71274e+07 1.81507e+06 1.44168e+06 247755 5.41132e+07 912436 2.16147e+07 5.32008e+07
internal_count=61569811 38873210 38561465 68259 22696601 20497854 38493206 2198747 1811591 65083 36768701 403695 20483267 36365006
is_linear=0
shrinkage=0.3


Tree=13
num_leaves=15
num_cat=0
split_feature=4 2 2 2 0 1 0 0 2 0 0 1 1 3
split_gain=5617.01 4559.92 5385.8 4660.98 3647.53 3024.54 3005.08 2485.98 3033.12 2460.57 2276.32 3449.31 3376.7 5726.3
threshold=1.5000000000000002 0.0085164527408778685 1.0000000180025095e-35 0.0030078291893005375 0.047975910827517516 0.040502918884158141 0.036687551066279418 0.036059260368347175 0.025769695639610294 0.021013804711401466 0.00013018237223150211 0.015051762573421003 0.0051872471813112506 72.000000000000014
decision_type=2 2 2 2 2 2 2 2 2 2 2 2 2 2
left_child=1 2 4 -4 -1 10 -2 9 -9 -7 11 -3 13 -12
right_child=6 5 3 -5 -6 7 -8 8 -10 -11 12 -13 -14 -15
leaf_value=0.013334710206495147 0.064392800056865873 -0.013275460522370908 -0.077044478597411564 -0.020034659208052665 -0.097635018898927478 -0.0020373537241004879 0.0051250999758700446 -0.0093441465910535197 0.002156523839314875 0.011950004968515669 0.039631985316468783 -0.092469614732861624 -0.0020799513904731855 -0.10443926729933951
leaf_weight=564991.73895683885 77413.920828998089 540747.57448750734 145255.62106049061 1158194.4925052077 27978.43517780304 1608394.7420332134 14229134.53005749 2447630.8658950329 13164120.182696104 3820634.2466096282 309694.20322564244 54485.430923610926 42939555.771977305 26993.273198336363
leaf_count=557746 51028 739312 226088 1361440 21878 1240466 8007923 1591649 7890570 2630833 258249 74052 36880078 38756
internal_value=5.10479e-05 -0.0011042 -0.0156046 -0.0263878 0.00809876 -0.000680565 0.0054458 0.00227641 0.000353434 0.00780613 -0.00209873 -0.0205246 -0.0018453 0.0280813
internal_weight=8.11152e+07 6.68087e+07 1.89642e+06 1.30345e+06 592970 6.49123e+07 1.43065e+07 2.10408e+07 1.56118e+07 5.42903e+06 4.38715e+07 595233 4.32762e+07 336687
internal_count=61570068 53511117 2167152 1587528 579624 51343965 8058951 13353518 9482219 3871299 37990447 813364 37177083 297005
is_linear=0
shrinkage=0.3


Tree=14
num_leaves=15
num_cat=0
split_feature=4 1 2 1 4 0 2 0 0 2 4 1 0 0
split_gain=3833.8 7876.82 4656.99 4558.5 3988.26 3241.26 3104.26 3070.53 3009.04 2883.85 2347.64 2117.11 2106.73 2104.62
threshold=3.5000000000000004 0.042849780991673476 0.018705323338508609 0.063601884990930571 6.5000000000000009 0.078723412007093443 0.01326319156214595 0.12517732381820681 0.078723412007093443 0.017641471698880199 2.5000000000000004 0.034195251762866981 0.14482135325670245 0.060962252318859107
decision_type=2 2 2 2 2 2 2 2 2 2 2 2 2 2
left_child=3 4 12 7 11 6 -5 8 9 -1 -11 -2 -3 -12
right_child=1 2 -4 5 -6 -7 -8 -9 -10 10 13 -13 -14 -15
leaf_value=-0.0054119905515154281 0.064634220781061832 0.015379688249883908 -0.00084750853205287731 -0.060446854520657393 0.18527182616362803 0.002100058007588502 0.01803505014744991 0.045155879586513598 -0.0091828052196591993 -9.3549577938796804e-05 0.03787911680132925 0.024298466623942149 0.073002298834317983 0.0065614371752518007
leaf_weight=9746865.5478277802 186932.07711559534 114176.00972145796 2157710.1590439677 46292.838781654835 17448.183318138123 3701141.0685102344 2248013.0634412169 129391.81214588881 3919478.6693351269 57379040.770379275 256551.8647351265 313556.76171886921 114239.52361130714 781151.99506121874
leaf_count=9779937 95214 54017 940376 35506 4679 1843695 1276892 57825 2197156 44465476 156248 158873 34240 469947
internal_value=4.06223e-05 0.0107439 0.00346464 -0.000356817 0.0442792 0.00759199 0.0164515 -0.00101677 -0.00109965 -0.000634859 0.000162208 0.0393638 0.044199 0.0143041
internal_weight=8.1112e+07 2.90406e+06 2.38613e+06 7.82079e+07 517937 5.99545e+06 2.29431e+06 7.22125e+07 7.20831e+07 6.81636e+07 5.84167e+07 500489 228416 1.0377e+06
internal_count=61570081 1287399 1028633 60282682 258766 3156093 1312398 57126589 57068764 54871608 45091671 254087 88257 626195
is_linear=0
shrinkage=0.3


Tree=15
num_leaves=15
num_cat=0
split_feature=4 3 1 0 1 2 2 1 1 0 3 0 2 0
split_gain=2348.96 2072.34 2594.74 2071.54 3990.98 1991 1764.4 1729.32 1553.75 8381.13 2719.15 2696 3405.51 3410.99
threshold=10.500000000000002 24.000000000000004 0.010537574067711832 0.022714023478329185 0.0051872471813112506 0.12890359014272693 0.085822165012359633 0.0088431136682629603 0.011944500729441644 0.015459300950169565 312.00000000000006 0.00099747814238071463 0.021008719690144066 0.0075354431755840787
decision_type=2 2 2 2 2 2 2 2 2 2 2 2 2 2
left_child=1 2 3 4 -1 8 -4 -7 9 11 -10 -3 13 -13
right_child=-2 5 6 -5 -6 7 -8 -9 10 -11 -12 12 -14 -15
leaf_value=0.032206913575858642 0.059933121602544555 -0.0026814313697408809 0.0011627333913280336 0.058476339694983684 -0.06377019990356525 -0.12713757428847483 0.014667069645353956 -0.024153412994713921 -0.00061076716636110221 0.059338827379256824 -0.039284886050592625 -0.025201210886611976 -0.039951079365546018 0.01761709914232127
leaf_weight=169703.54330003262 58854.483648777008 1288425.4050215632 31824133.671811581 125223.36075982451 50625.177643507719 16337.168107628822 895245.23907083273 144231.14857056737 44964942.204566211 155948.13130572438 164217.23502634466 426786.5660623014 548358.51073333621 275547.75763115287
leaf_count=126843 10219 1648265 20384468 87549 51156 27810 465472 115201 36872295 133300 225237 531233 606791 284867
internal_value=2.14027e-05 -2.21024e-05 0.00180534 0.0276654 0.0101541 -0.00128134 0.00153223 -0.0346316 -0.00116937 -0.00816668 -0.000751496 -0.0123127 -0.0222346 -0.00840225
internal_weight=8.11086e+07 8.10497e+07 3.30649e+07 345552 220329 4.79848e+07 3.27194e+07 160568 4.78242e+07 2.69507e+06 4.51292e+07 2.53912e+06 1.25069e+06 702334
internal_count=61570706 61560487 21115488 265548 177999 40444999 20849940 143011 40301988 3204456 37097532 3071156 1422891 816100
is_linear=0
shrinkage=0.3


Tree=16
num_leaves=15
num_cat=0
split_feature=1 2 0 2 3 0 1 2 0 2 0 4 2 2
split_gain=2025.79 2107.85 2939.16 1502.26 2088.91 1761.84 2781.87 1247.48 1093.1 3013.18 1909.58 1880.2 1413.25 3417.43
threshold=0.077551558613777175 0.02225148864090443 0.13330135494470599 0.044339228421449668 840.00000000000011 0.14482135325670245 0.057384250685572631 1.0000000180025095e-35 0.078723412007093443 0.015035758260637523 0.090950872749090209 3.5000000000000004 0.0079194158315658587 1.0000000180025095e-35
decision_type=2 2 2 2 2 2 2 2 2 2 2 2 2 2
left_child=3 7 -3 5 -5 8 -7 -2 11 10 -10 12 13 -1
right_child=1 2 -4 4 -6 6 -8 -9 9 -11 -12 -13 -14 -15
leaf_value=0.009180708005293697 -0.13763951779007308 0.016153460826794377 -0.0071548331329700119 0.0020317560711084967 -0.23676661552035516 0.071300504748786978 0.0070393448707216097 0.041487752911721777 -0.0076253747481231492 -0.0075093543631854255 0.034991254420447197 0.038854198322366286 -0.00056131406970921912 -0.018984811210039317
leaf_weight=590721.02578312159 3562.3439056873322 1121458.5621514916 860516.00407350063 19847197.391848326 3297.3955169916153 73718.645283460617 341460.12829464674 197013.73639389873 149331.2460103631 4691316.2749068737 258324.13189995289 107599.79919141531 51730529.439634934 1128151.9291890711
leaf_count=578228 2643 558678 338864 13213957 8440 22983 129217 79232 89547 2566087 125889 60212 42408880 1387818
internal_value=-1.64425e-05 0.00899953 0.00603367 -0.000265776 0.00199209 -0.00102452 0.0184495 0.0383064 -0.00116236 -0.00535959 0.01938 -0.000762755 -0.000842509 -0.00930523
internal_weight=8.11042e+07 2.18255e+06 1.98197e+06 7.89216e+07 1.98505e+07 5.90712e+07 415179 200576 5.8656e+07 5.09897e+06 407655 5.3557e+07 5.34494e+07 1.71887e+06
internal_count=61570675 979417 897542 60591258 13222397 47368861 152200 81875 47216661 2781523 215436 44435138 44374926 1966046
is_linear=0
shrinkage=0.3


Tree=17
num_leaves=15
num_cat=0
split_feature=0 1 4 1 0 1 1 1 2 3 1 3 0 1
split_gain=1478.01 5202.05 1435.74 1360.96 2135.71 1384.54 1339.08 3667.52 1337.52 1171.14 1164.07 1113.49 1105.45 6443.49
threshold=0.00060625103651545953 0.02030282095074654 13.500000000000002 0.0067024372983723888 1.0000000180025095e-35 0.016481264494359497 0.0051872471813112506 0.0067024372983723888 0.033802518621087081 88.000000000000014 0.089474968612194075 904.00000000000011 0.0050735124386847028 0.023777268826961521
decision_type=2 2 2 2 2 2 2 2 2 2 2 2 2 2
left_child=1 3 6 4 -1 8 9 -8 -5 -2 12 -6 13 -9
right_child=2 -3 -4 5 11 -7 7 10 -10 -11 -12 -13 -14 -15
leaf_value=0.0099177088864435808 0.02227413850321304 -0.066298096790344568 0.1033305352540632 -0.0028443515247777947 -0.033757209685637918 -0.025330692920430751 -0.080969157965699798 0.0095512680135264073 0.018852478006394471 -0.073144006602358008 0.013023285496667144 -0.21366752520411206 -0.00024864847816089621 -0.014732892276646339
leaf_weight=142649.95915615559 330105.19920393825 129703.36716905236 12150.744150161743 783438.3342808187 249862.5710811913 162434.45058624446 50168.921991318464 4386058.6978738308 379616.29088070989 11997.544263005257 629047.76809704304 3134.9545145183802 72563522.114887416 1267563.9468789697
leaf_count=136986 281629 164068 1440 1031846 383337 199871 67883 4706335 436104 17727 252996 8719 52637225 1242916
internal_value=1.92425e-05 -0.00836111 0.000214959 -0.00399503 -0.0194358 0.000613929 0.000199147 0.000117938 0.00423741 0.0189278 0.000169533 -0.0359865 6.61585e-05 0.00410667
internal_weight=8.11015e+07 1.85084e+06 7.92506e+07 1.72114e+06 395647 1.32549e+06 7.92385e+07 7.88964e+07 1.16305e+06 342103 7.88462e+07 252998 7.82171e+07 5.65362e+06
internal_count=61569082 2360931 59208151 2196863 529042 1667821 59206711 58907355 1467950 299356 58839472 392056 58586476 5949251
is_linear=0
shrinkage=0.3


Tree=18
num_leaves=15
num_cat=0
split_feature=2 4 1 2 1 3 0 1 1 1 0 3 0 2
split_gain=1304.22 1337.01 5634.52 1680.15 1167.24 1683.3 1562.02 2406.48 1514.98 1098.92 1469.43 1006.48 908.307 1153.85
threshold=0.04574121721088887 4.5000000000000009 0.042849780991673476 0.02650416269898415 0.0097399353981018084 104.00000000000001 0.027166091836988929 0.015687440522015098 0.042849780991673476 0.031670995056629188 0.12517732381820681 72.000000000000014 0.1654932647943497 0.017455600202083591
decision_type=2 2 2 2 2 2 2 2 2 2 2 2 2 2
left_child=1 12 9 -4 -2 6 8 -8 11 -3 -11 -6 -1 -14
right_child=4 2 3 -5 5 -7 7 -9 -10 10 -12 -13 13 -15
leaf_value=-0.00091224944899715083 -0.017195044750176941 0.12678511443531107 0.01688436885021953 -0.010080060128877915 -0.0097179648376795949 0.012107834463645358 0.050474296620572151 0.0028251146094592679 0.0083954194521209009 0.039665339788101231 0.1289561799852624 0.0019855261295362589 0.084490288028154614 0.011414980761283357
leaf_weight=60688184.277400702 276478.30074967444 21615.97888892889 350360.70835793018 511744.85011810064 2333194.6395606697 1492971.6146531999 96079.450433433056 13339997.519937336 770110.34260457754 106474.2673792243 19648.317910671234 922923.03133201599 22436.7259978652 145935.75614762306
leaf_count=48571584 321335 8717 125920 205030 1834957 1356366 61206 7691748 522110 47854 5730 752770 7402 56189
internal_value=-7.79103e-07 -0.000671549 0.0101549 0.000878315 0.00215701 0.00243928 0.00161265 0.00316585 -0.00357059 0.0642872 0.0535757 -0.00640069 -0.000851202 0.0211527
internal_weight=8.10982e+07 6.18664e+07 1.00984e+06 862106 1.92318e+07 1.89553e+07 1.74623e+07 1.34361e+07 4.02623e+06 147739 126123 3.25612e+06 6.08566e+07 168372
internal_count=61568918 49028426 393251 330950 12540492 12219157 10862791 7752954 3109837 62301 53584 2587727 48635175 63591
is_linear=0
shrinkage=0.3


Tree=19
num_leaves=15
num_cat=0
split_feature=1 0 0 1 1 0 1 0 0 2 0 3 1 0
split_gain=903.544 3741.03 4710.7 4513.5 3960.87 3632.83 2885.77 2641.94 2370.85 2474.29 1547.91 2850.82 2115.46 2965.18
threshold=0.01831047143787146 0.025857142172753814 0.0050735124386847028 0.0093351202085614222 0.01016414910554886 0.0014487481676042082 0.01389054721221328 0.00085215287981554877 0.0096896337345242518 0.020732789300382141 0.036059260368347175 40.000000000000007 0.029467368498444561 0.067714840173721327
decision_type=2 2 2 2 2 2 2 2 2 2 2 2 2 2
left_child=1 2 4 8 7 -2 -3 -1 9 -4 -7 12 13 -12
right_child=5 6 3 -5 -6 10 -8 -9 -10 -11 11 -13 -14 -15
leaf_value=-0.0037355842076220048 -0.023030050593013166 0.043256276833998596 -0.0013750310414567654 -0.015000404534782491 0.007608709880137259 0.002049411694436668 0.0049168773121142989 -0.034497819140844287 0.023927711078792224 -0.10099159064854554 -0.0093897917826316155 -0.0094148579182199033 0.00076674448624825702 0.029361760918209665
leaf_weight=938907.83551597595 594181.56659804285 252837.9017367065 121681.93831193447 3950824.9215075672 3389303.0295622647 32416526.858712822 586680.48675772548 343074.89042276144 447104.64879709482 27514.614330261946 3133701.065422982 3150326.248350054 31551454.977112621 188395.00901663303
leaf_count=1228184 681951 188331 131956 4007686 3800990 26764025 483034 430744 380013 33878 2374562 2106192 18850037 108779
internal_value=-4.75413e-05 -0.00270879 -0.00445482 -0.0113284 0.00223611 0.000329271 0.0164636 -0.0119679 0.0130004 -0.0197462 0.000526312 -0.000772177 8.5656e-06 -0.0071922
internal_weight=8.10925e+07 1.00579e+07 9.21841e+06 4.54713e+06 4.67129e+06 7.10346e+07 839518 1.28198e+06 596301 149197 7.04404e+07 3.80239e+07 3.48736e+07 3.3221e+06
internal_count=61570362 10684816 10013451 4553533 5459918 50885546 671365 1658928 545847 165834 50203595 23439570 21333378 2483341
is_linear=0
shrinkage=0.3


Tree=20
num_leaves=15
num_cat=0
split_feature=4 0 2 2 3 1 1 0 2 0 0 1 3 1
split_gain=782.448 1702.05 1073.49 956.936 2443.07 2031.99 1568.82 2229.87 1577.3 1421.96 1155.41 4331.15 1437.51 1182.13
threshold=1.0000000180025095e-35 0.078723412007093443 0.12890359014272693 0.036246230825781829 88.000000000000014 0.05840596370398999 0.015687440522015098 0.022008107975125316 0.047002023085951812 0.036059260368347175 0.013527863193303348 0.0097399353981018084 88.000000000000014 0.033859223127365119
decision_type=2 2 2 2 2 2 2 2 2 2 2 2 2 2
left_child=1 2 3 9 5 6 7 -5 -9 10 13 -12 -13 -1
right_child=-2 -3 -4 4 -6 -7 -8 8 -10 -11 11 12 -14 -15
leaf_value=-0.0017947007542905772 0.0011517727278421163 -0.011738587158039729 -0.026141601726683152 -0.03309135332283164 0.0079857913778718023 0.0094535331484429316 -0.0012722386391236446 0.062946531151626892 -0.027929963286228054 -0.0059408957610456127 0.066355243943806361 0.0017827330300525365 -0.014842359385579781 -0.014301045550544005
leaf_weight=11126840.514215782 33135089.130272239 1234584.6057690978 145953.74534164369 289110.72864103317 3913849.3932478577 1616905.9206843376 11544010.158850789 42434.772390067577 28892.628138363361 5162766.8769218922 92268.273134708405 11554310.788056165 487848.02450752258 724507.5905982852
leaf_count=11801177 21128815 686370 135753 292776 3555616 942222 8256432 31131 23665 3708135 77242 9836012 420421 675160
internal_value=3.06445e-05 -0.000743863 -0.000453385 -0.0003729 0.00138519 -0.000525404 -0.00188078 -0.021371 0.0261351 -0.0014245 -0.000452378 0.00160534 0.00110922 -0.00255925
internal_weight=8.10994e+07 4.79643e+07 4.67297e+07 4.65837e+07 1.74352e+07 1.35214e+07 1.19044e+07 360438 71327.4 2.91485e+07 2.39858e+07 1.21344e+07 1.20422e+07 1.18513e+07
internal_count=61570927 40442112 39755742 39619989 13101842 9546226 8604004 347572 54796 26518147 22810012 10333675 10256433 12476337
is_linear=0
shrinkage=0.3


Tree=21
num_leaves=15
num_cat=0
split_feature=1 0 0 1 2 0 4 1 0 3 1 3 2 2
split_gain=649.791 3325.84 2016.66 3642.09 1776.57 1756.47 2285.56 1509.98 2456.34 1460.16 1309.35 1723.45 1316.22 924.006
threshold=0.069377671927213683 0.097505155950784697 0.12517732381820681 0.051722118631005294 0.014539493247866632 0.078723412007093443 3.5000000000000004 0.034721987321972854 0.090950872749090209 40.000000000000007 0.056874541565775878 40.000000000000007 0.0170652074739337 1.0000000180025095e-35
decision_type=2 2 2 2 2 2 2 2 2 2 2 2 2 2
left_child=2 9 5 -4 13 6 10 8 -7 -2 -1 -12 -13 -3
right_child=1 4 3 -5 -6 7 -8 -9 -10 -11 11 12 -14 -15
leaf_value=-0.00041592120551667424 0.017690915049140315 -0.14818972632274538 0.058733451326488002 0.0055491530600515378 -0.0043830534091440403 -0.0045188232702311534 0.038118917466011648 -0.0062237020894748496 0.061954358824791882 -0.0033333234658974981 0.0087942765250236948 -0.047365848830886008 -0.0024693943320072669 0.052165350364510192
leaf_weight=65277987.078825429 1443515.2788778543 2141.6503127813339 138865.88710296154 700242.94398850203 2675450.0750360489 140199.12217253447 141206.10492962599 5888645.3617337346 77791.023643136024 374422.02001228929 3033387.6760722995 62206.00518861413 1063648.2384812534 63381.89089769125
leaf_count=53141800 757188 1402 50722 295872 1187257 80165 76071 3214483 34948 226077 1745769 52189 681456 23429
internal_value=-6.82566e-05 0.0034112 -0.000275545 0.0143507 -0.0031878 -0.000437704 -9.5494e-06 -0.00531606 0.0192025 0.0133608 -8.70867e-05 0.00507387 -0.00495003 0.0456167
internal_weight=8.10831e+07 4.55891e+06 7.65242e+07 839109 2.74097e+06 7.56851e+07 6.95784e+07 6.10664e+06 217990 1.81794e+06 6.94372e+07 4.15924e+06 1.12585e+06 65523.5
internal_count=61568828 2195353 59373475 346594 1212088 59026881 55697285 3329596 115113 983265 55621214 2479414 733645 24831
is_linear=0
shrinkage=0.3


Tree=22
num_leaves=15
num_cat=0
split_feature=4 1 0 3 0 1 1 2 0 2 2 1 1 0
split_gain=589.018 548.573 2578.9 947.47 1100.32 3780.15 2012.73 1883.75 1596.32 1254.94 2528.29 1347.96 1232.62 1093.61
threshold=15.000000000000002 0.011614131275564434 0.021013804711401466 280.00000000000006 0.0050735124386847028 0.023777268826961521 0.021691785193979744 0.028076305054128173 0.015459300950169565 1.0000000180025095e-35 0.0045221976470202216 0.033166397362947471 0.033859223127365119 0.051260612905025489
decision_type=2 2 2 2 2 2 2 2 2 2 2 2 2 2
left_child=1 2 -1 4 5 7 13 -3 9 -8 11 -11 -12 -6
right_child=-2 3 -4 -5 6 -7 8 -9 -10 10 12 -13 -14 -15
leaf_value=-0.0064836345459665162 0.16598729961314454 0.0028787186382084875 0.029164077901317132 -0.016234161505676949 -0.0047824908723884752 -0.0098061455713135248 0.041165195473313883 0.015737579818718692 -5.4225511735136135e-05 -0.031845999619368147 0.0071750743557524631 -0.15434304611980318 -0.0019733092000897121 0.02691456571182976
leaf_weight=2701849.9976264238 1923.6416897773743 2244998.3378663659 195890.03215524554 317155.26413421333 8512125.9117517471 1298240.8516787291 84250.64892822504 1887263.5049670041 56918724.721065581 22416.490137845278 4981830.6078871489 12645.573443323374 1806041.2211066484 99104.676787793636
leaf_count=3173640 188 2552249 146000 415280 8072557 1275222 78453 1842320 38063445 31504 4371503 17987 1466442 62622
internal_value=-1.65991e-05 -2.05374e-05 -0.00407381 0.000129688 0.000196338 0.00431506 -0.000112436 0.00875155 0.000468419 0.00477527 0.00432592 -0.0760261 0.00474097 -0.0044177
internal_weight=8.10845e+07 8.10825e+07 2.89774e+06 7.81848e+07 7.78676e+07 5.4305e+06 7.24371e+07 4.13226e+06 6.38259e+07 6.90718e+06 6.82293e+06 35062.1 6.78787e+06 8.61123e+06
internal_count=61569412 61569224 3319640 58249584 57834304 5669791 52164513 4394569 44029334 5965889 5887436 49491 5837945 8135179
is_linear=0
shrinkage=0.3


Tree=23
num_leaves=15
num_cat=0
split_feature=1 2 0 4 3 0 2 2 1 3 2 4 4 0
split_gain=575.508 612.192 1094.91 550.734 496.503 408.915 1887 1662.17 1438.37 1290.6 1077.79 1004.13 901.823 872.619
threshold=0.083821848034858717 0.028957329690456394 0.13330135494470599 13.500000000000002 24.000000000000004 0.078723412007093443 0.012170988135039808 1.0000000180025095e-35 0.056332429870963104 56.000000000000007 0.090638600289821639 3.5000000000000004 1.5000000000000002 0.10283394530415536
decision_type=2 2 2 2 2 2 2 2 2 2 2 2 2 2
left_child=5 4 -3 -4 -2 8 7 -7 11 12 -8 -1 -10 -9
right_child=1 2 3 -5 -6 6 10 13 9 -11 -12 -13 -14 -15
leaf_value=-0.00031636662425771681 0.026222796347806419 0.014556694154380705 -0.0072902040236726851 0.083039467185241259 -0.009384674384660209 -0.11732516001177401 -0.0033257300309445614 0.011079557487230458 0.0049057953820062115 -0.0070877976887117203 0.013702888171550175 0.025276835493747322 0.016649434656652688 0.047058242026727398
leaf_weight=64955419.138808653 200738.22956466675 412983.23400211334 505872.44885122776 6148.5185723304749 42749.269264221191 7304.3477529287338 8814119.4174811244 129669.48577147722 4013597.4725373089 710767.69707405567 347712.77350223064 138262.7805762291 689638.11720383167 114017.28583449125
leaf_count=52942887 72215 200512 198239 730 22829 5131 4574252 73024 2347483 480429 158068 74766 373565 46258
internal_value=-2.25332e-05 0.00658717 0.00306412 -0.0062055 0.0199712 -0.000119172 -0.00197641 0.0236867 0.000128771 0.00482715 -0.00267945 -0.000262005 0.00662777 0.0279134
internal_weight=8.1089e+07 1.16849e+06 925004 512021 243487 7.99205e+07 9.41282e+06 250991 7.05077e+07 5.414e+06 9.16183e+06 6.50937e+07 4.70324e+06 243687
internal_count=61570388 494525 399481 198969 95044 61075863 4856733 124413 56219130 3201477 4732320 53017653 2721048 119282
is_linear=0
shrinkage=0.3


Tree=24
num_leaves=15
num_cat=0
split_feature=2 2 0 3 1 1 0 3 1 3 0 0 2 2
split_gain=424.311 1860.6 1811.77 1563.74 2944.1 1291.55 1031.95 975.007 886.159 878.122 655.117 640.411 625.589 604.762
threshold=0.0056581648532301196 1.0000000180025095e-35 0.042101046070456512 88.000000000000014 0.032992927357554443 0.034195251762866981 0.084281202405691161 472.00000000000006 0.014123246073722841 616.00000000000011 0.017812326550483707 0.029040736146271232 0.017455600202083591 0.10763395950198175
decision_type=2 2 2 2 2 2 2 2 2 2 2 2 2 2
left_child=1 2 5 6 7 -1 10 8 -5 -2 -3 -7 -11 -14
right_child=9 3 -4 4 -6 11 -8 -9 -10 12 -12 -13 13 -15
leaf_value=0.0034063018984351696 3.7139432462956692e-05 0.011738031899032778 -0.052015625527229353 0.0032133415803785393 -0.12757094723573006 0.054687979817892231 0.059555552125677771 -0.1055872322876123 -0.036206253918356003 -0.16330452779149454 -0.019602910952683402 0.0015785367984836587 -0.013216224082823578 -0.13406656487884397
leaf_weight=450660.44805008173 79910624.43028532 92352.580733478069 45323.836586534977 88829.279403805733 28028.820100009441 76303.195071339607 21611.03869342804 12566.197863206267 121564.41078972816 3922.1275241822004 171483.29074084759 27908.048765778542 21034.379978194833 4529.2230901420116
leaf_count=460401 60224822 118360 35418 145996 40406 66350 9523 32907 193944 9462 163498 22724 35019 10747
internal_value=-6.37956e-05 -0.00581936 0.00565559 -0.0186582 -0.0359317 0.0103664 -0.00346992 -0.0244115 -0.0195631 1.804e-05 -0.00863239 0.0404651 -0.0517441 -0.0346278
internal_weight=8.10767e+07 1.13663e+06 600196 536436 250989 554872 285447 222960 210394 7.99401e+07 263836 104211 29485.7 25563.6
internal_count=61569577 1289527 584893 704634 413253 549475 291381 372847 339940 60280050 281858 89074 55228 45766
is_linear=0
shrinkage=0.3


Tree=25
num_leaves=15
num_cat=0
split_feature=1 2 0 0 4 1 1 3 2 3 1 2 1 2
split_gain=368.235 557.637 384.704 345.81 1608.9 1331.9 1182.78 1442.15 1219.45 1129.13 1128.92 919.422 867.404 2997.15
threshold=0.089474968612194075 0.030280564911663536 0.13330135494470599 0.04249252192676068 1.5000000000000002 0.015687440522015098 0.044171731919050224 72.000000000000014 0.064224835485219969 40.000000000000007 0.023634997196495536 0.01270378101617098 0.029467368498444561 0.021159051917493347
decision_type=2 2 2 2 2 2 2 2 2 2 2 2 2 2
left_child=3 -2 -3 4 6 -5 8 -8 -1 12 -6 -9 13 -7
right_child=1 2 -4 5 10 9 7 11 -10 -11 -12 -13 -14 -15
leaf_value=6.0283972725633486e-05 0.02252129423859189 0.014288658662111771 -0.0038734229537440248 0.049736373163809765 0.0010864862415084992 -0.022419816831653627 0.0071523461289680085 -0.037756420767938885 -0.007676883646835584 -0.0079707886503065633 0.024655254365892078 -0.0025823141889496424 -4.5042480036563791e-06 0.0020416056241355555
leaf_weight=41152163.15319328 159956.78766828775 155825.12447273731 321577.73595786095 46816.082051277161 326098.52292174101 692725.59097242355 4091722.7305270135 71076.802986651659 1918813.6457972527 1909916.9128339589 416546.85135835409 1133339.4251520932 27398271.560671687 1290843.3741908073
leaf_count=36665058 58095 74063 122060 28783 247832 543347 2743037 73971 1609699 1240461 289630 836916 16154491 884236
internal_value=8.62459e-06 0.00719117 0.00205471 -4.82798e-05 0.000448584 -0.0008269 0.000235811 0.00446649 -0.000284407 -0.000902549 0.0143061 -0.00465806 -0.00044309 -0.0065011
internal_weight=8.10857e+07 637360 477403 8.04483e+07 4.91098e+07 3.13386e+07 4.83671e+07 5.29614e+06 4.3071e+07 3.12918e+07 742645 1.20442e+06 2.93818e+07 1.98357e+06
internal_count=61571679 254218 196123 61317461 42466143 18851318 41928681 3653924 38274757 18822535 537462 910887 17582074 1427583
is_linear=0
shrinkage=0.3


Tree=26
num_leaves=15
num_cat=0
split_feature=0 4 1 1 0 2 3 2 4 2 2 1 0 0
split_gain=320.097 1755.48 1260.11 1013.04 1635.84 882.493 839.53 1179.89 839.459 897.848 736.001 667.524 643.152 597.79
threshold=0.060962252318859107 2.5000000000000004 0.046125071123242385 0.03199745528399945 0.087331548333168044 0.034635031595826156 56.000000000000007 0.053349234163761146 1.0000000180025095e-35 0.0090290107764303702 1.0000000180025095e-35 0.030855807475745681 0.055086584761738784 0.036059260368347175
decision_type=2 2 2 2 2 2 2 2 2 2 2 2 2 2
left_child=1 2 -1 4 5 -2 -4 13 -5 10 -10 12 -3 -8
right_child=3 11 6 8 -6 -7 7 -9 9 -11 -12 -13 -14 -15
leaf_value=-0.00030934316267266842 -0.0012957948841699645 0.04404161977915972 0.00495995317727167 -0.0059397878418481686 0.067653114141454362 0.023192129695806706 -0.0031740748132964985 0.0095470879437004746 -0.058769810012419363 -0.00074146658145426828 0.031712956303520765 0.039101273492723979 0.0013923902742509085 -0.017608809357687306
leaf_weight=53054351.503846854 410014.23592859507 41102.827644765377 7310755.2675052583 3129306.3165718317 42274.483542263508 195651.82833850384 1055643.341031462 564434.83299696445 8718.4794099330902 14542233.335589707 112373.30144518614 131047.41931444407 140942.21718192101 341819.03781580925
leaf_count=45283228 272190 24396 4590788 1843536 18553 112810 799428 366401 5941 7793814 56909 77575 93196 231655
internal_value=4.37366e-05 0.000367155 0.000254593 -0.00105487 0.0105971 0.00661468 0.0034812 -0.00202916 -0.00147919 -0.000527252 0.0251983 0.0227748 0.0110219 -0.00670481
internal_weight=8.10807e+07 6.26401e+07 6.2327e+07 1.84406e+07 647941 605666 9.27265e+06 1.9619e+06 1.77926e+07 1.46633e+07 121092 313092 182045 1.39746e+06
internal_count=61570420 51466667 51271500 10103753 403553 385000 5988272 1397484 9700200 7856664 62850 195167 117592 1031083
is_linear=0
shrinkage=0.3


Tree=27
num_leaves=15
num_cat=0
split_feature=4 0 2 1 1 1 0 1 0 0 3 1 0 1
split_gain=332.905 303.806 854.42 873.185 838.337 968.276 1445.3 1387.64 1350.55 1114.3 868.136 834.381 1558.81 1585.38
threshold=11.500000000000002 0.036059260368347175 0.074099339544773116 0.028097096830606464 0.015279006212949755 0.035819536074996002 0.090950872749090209 0.043128140270709998 0.10283394530415536 0.078723412007093443 40.000000000000007 0.0479674730449915 0.097505155950784697 0.067150384187698378
decision_type=2 2 2 2 2 2 2 2 2 2 2 2 2 2
left_child=1 -1 4 -4 -3 6 -6 8 9 -7 11 -9 13 -13
right_child=-2 2 3 -5 5 7 -8 10 -10 -11 -12 12 -14 -15
leaf_value=0.00062214332117597896 0.028634920189632866 0.022905655699511078 0.032211485314362652 0.003988194944632306 -0.0042765212945205652 0.0042922561520835146 0.032266799582626959 -0.0045818375834436112 0.033090272188046999 -0.0096625960365226901 -0.0071158379976028804 0.00074460219340339424 -0.0042391598561297783 0.010765163574112073
leaf_weight=42750297.492844537 36742.353558540344 132894.38134336472 103933.55613362789 1943784.6889699101 8081922.8123331666 5849481.488224268 98593.67993670702 3908815.5366242528 137710.04569476843 564700.02757120132 2081756.5695992112 9024130.9077599049 4683167.2199597955 1686568.4933109879
leaf_count=37904693 5623 89807 62807 1007947 5889292 3952308 45447 2440197 60273 327187 1342752 5337417 2198408 899561
internal_value=8.53374e-05 7.23947e-05 -0.000541273 0.00542069 -0.00087806 -0.000965573 -0.00383609 -0.000125008 0.00369479 0.00306368 -0.00129534 -0.000667611 0.000326291 0.0023225
internal_weight=8.10845e+07 8.10478e+07 3.82975e+07 2.04772e+06 3.62497e+07 3.61168e+07 8.18052e+06 2.79363e+07 6.55189e+06 6.41418e+06 2.13844e+07 1.93027e+07 1.53939e+07 1.07107e+07
internal_count=61563719 61558096 23653403 1070754 22582649 22492842 5934739 16558103 4339768 4279495 12218335 10875583 8435386 6236978
is_linear=0
shrinkage=0.3


Tree=28
num_leaves=15
num_cat=0
split_feature=1 0 0 3 1 2 0 2 0 2 2 1 3 3
split_gain=377.732 1465.76 1311.52 1673.88 1852.16 1255 1030.7 1016.63 928.234 961.398 938.113 886.35 1898.99 1157.19
threshold=0.017963331192731861 0.00038987054722383624 0.025857142172753814 72.000000000000014 0.0088431136682629603 0.013537848368287088 0.016692651435732845 0.0072675796691328296 0.0096896337345242518 0.014044861774891617 0.066519264131784453 0.0088431136682629603 232.00000000000003 568.00000000000011
decision_type=2 2 2 2 2 2 2 2 2 2 2 2 2 2
left_child=2 -2 3 4 7 -4 -6 -1 9 -9 -10 12 -5 -13
right_child=1 -3 5 11 6 -7 -8 8 10 -11 -12 13 -14 -15
leaf_value=-0.080138162303920568 -0.032315621062017408 0.00029095242579504693 -0.022246896461472602 -0.026202649701106615 -0.016195097271532573 0.014717342403288206 -0.0043638717599290625 0.026967505244237439 0.0187228587287777 -0.037705811620370434 -0.14580164472391649 0.0021462272005136362 0.0021457008300133757 -0.17281822260715843
leaf_weight=11309.043741941452 124294.07687291503 71396486.195688993 94314.484985947609 334518.55753296614 1600795.1229864061 669291.04679730535 1130850.6241411865 31104.330861032009 381022.55380925536 61766.874848306179 3144.8964932858944 4649662.857453391 583871.73154096305 3404.5868817269802
leaf_count=14544 161322 51197591 93256 430331 1674899 514642 1074623 32902 319566 68456 3634 5194325 776931 7196
internal_value=-2.39712e-06 0.000234286 -0.001774 -0.00280985 -0.00825501 0.0101518 -0.0112972 0.00876189 0.0108694 -0.0160455 0.017376 0.000337147 -0.00818003 0.00201821
internal_weight=8.10758e+07 7.15208e+07 9.55506e+06 8.79145e+06 3.21999e+06 763606 2.73165e+06 488348 477039 92871.2 384167 5.57146e+06 918390 4.65307e+06
internal_count=61564218 51358913 10205305 9597407 3188624 607898 2749522 439102 424558 101358 323200 6408783 1207262 5201521
is_linear=0
shrinkage=0.3


Tree=29
num_leaves=15
num_cat=0
split_feature=0 4 1 3 2 1 2 0 2 0 1 1 1 0
split_gain=255.991 1036.86 692.55 682.15 798.881 678.617 593.534 577.935 515.713 3255.81 1173.79 894.745 827.063 518.372
threshold=0.04249252192676068 1.5000000000000002 0.042124299332499511 88.000000000000014 0.061854703351855285 0.022594188340008262 0.10763395950198175 0.037916213274002082 0.024932812899351123 0.1061365492641926 0.040274757891893394 0.021989954635500911 0.026002876460552219 0.13330135494470599
decision_type=2 2 2 2 2 2 2 2 2 2 2 2 2 2
left_child=1 2 6 -4 -5 -3 -1 -7 9 12 -11 -10 -2 -13
right_child=8 5 3 4 -6 7 -8 -9 11 10 -12 13 -14 -15
leaf_value=-5.3578916172856643e-05 -0.017750133447635288 0.00013942618900741451 0.0043191897344983824 -0.0091903293319178913 0.01522990493278048 0.042875567762811394 -0.014620666562714853 0.014034125474061115 0.02048135908888598 0.063905684667843327 0.01143426509287611 0.00020875415012598438 -0.0044579607924155476 -0.0055645631543816765
leaf_weight=41524568.070797265 456285.37940239906 287782.6381111145 5776024.4087685347 683161.42562028766 146403.75500649214 74638.0788179636 253269.72959850729 385450.74070692062 190886.21876090765 40126.574185729027 876313.98912847042 23410988.22181505 5494271.8726817071 1488699.2639819384
leaf_count=37095522 359996 217597 3937956 556513 102312 50851 239432 271002 121641 15427 374479 13909926 3717829 600496
internal_value=5.08781e-05 0.000480771 0.000309428 0.00316383 -0.00488058 0.0115658 -0.000141889 0.0187129 -0.000610036 -0.00291365 0.0137317 2.04375e-05 -0.0054772 -0.00013642
internal_weight=8.10889e+07 4.91313e+07 4.83834e+07 6.60559e+06 829565 747871 4.17778e+07 460089 3.19576e+07 6.867e+06 916441 2.50906e+07 5.95056e+06 2.48997e+07
internal_count=61570979 42471185 41931735 4596781 658825 539450 37334954 321853 19099794 4467731 389906 14632063 4077825 14510422
is_linear=0
shrinkage=0.3


Tree=30
num_leaves=15
num_cat=0
split_feature=0 1 4 2 4 1 3 4 4 0 4 1 2 1
split_gain=503.579 893.57 661.288 474.07 390.587 310.547 308.896 265.743 242.298 232.857 1161.7 836.543 713.008 606.413
threshold=0.1654932647943497 0.061403155326843269 8.5000000000000018 0.037180824205279357 5.5000000000000009 0.089474968612194075 24.000000000000004 10.500000000000002 10.500000000000002 0.060962252318859107 2.5000000000000004 0.033684847876429565 1.0000000180025095e-35 0.047320313751697547
decision_type=2 2 2 2 2 2 2 2 2 2 2 2 2 2
left_child=2 8 9 6 -5 7 -3 -6 -2 10 13 -11 -13 -1
right_child=1 3 -4 4 5 -7 -8 -9 -10 11 -12 12 -14 -15
leaf_value=-0.00033912380565530331 0.04599102999917349 0.013911965221042601 0.1038059093142058 0.0070311181856770565 -0.027587416192367459 0.0028581901384816064 -0.044034611733393979 0.025597682095943888 0.15248926829135961 0.0077063293481668396 0.0183685609652047 -0.061964637154109277 -0.001534463899906698 0.0024190562749717092
leaf_weight=54035656.700740114 37554.421090722084 368382.28407418728 5507.3316655158997 184332.61143505573 96875.41732275486 69438.731724858284 8469.765575170517 9263.72580742836 2026.4326467514038 917331.2652938962 312348.30649811029 17590.807626366615 16729575.561478913 8272361.3092096746
leaf_count=45954345 10394 118333 1274 70659 33249 20484 3865 1779 316 571768 194392 13341 9262534 5308041
internal_value=-7.21481e-05 0.00753179 -0.000145672 0.00517274 -0.0026142 -0.0127405 0.0126096 -0.0229455 0.0514435 -0.000152803 0.000118554 -0.00111476 -0.00159794 2.70676e-05
internal_weight=8.10667e+07 776343 8.02904e+07 736763 359910 175578 376852 106139 39580.9 8.02849e+07 6.26204e+07 1.76645e+07 1.67472e+07 6.2308e+07
internal_count=61564774 259079 61305695 248369 126171 55512 122198 35028 10710 61304421 51456778 9847643 9275875 51262386
is_linear=0
shrinkage=0.3


Tree=31
num_leaves=15
num_cat=0
split_feature=1 0 2 0 4 1 4 0 0 1 0 1 3 1
split_gain=317.21 1028.73 673.069 647.711 1212.63 1196.87 604.96 483.119 676.909 632.634 1338.44 1233.97 1023.34 1298.84
threshold=0.073655750602483763 0.11399380117654802 0.010393839795142414 0.14482135325670245 4.5000000000000009 0.054945008829236038 1.5000000000000002 0.029040736146271232 0.030506694689393047 0.015279006212949755 0.00072663964238017808 0.023777268826961521 152.00000000000003 0.0075850929133594045
decision_type=2 2 2 2 2 2 2 2 2 2 2 2 2 2
left_child=3 2 -2 7 -5 -6 -4 9 -9 12 11 -11 -1 -14
right_child=1 -3 6 4 5 -7 -8 8 -10 10 -12 -13 13 -15
leaf_value=-0.0052704911054075156 -0.053485229239205831 -0.0021291091728552632 0.005441217586257212 0.033701511866792995 0.040221199515029962 -0.0082233029927671845 0.01884057363076554 -0.0070399379185197824 -0.00063081523446737646 -0.0077459267193975912 0.0014605302169315147 -0.048804348891186296 -0.010152942975516216 0.0068697852929546785
leaf_weight=3679462.9150573611 15469.333296597004 1668543.1358630657 1020136.4030970037 146031.5405100584 56035.200622081757 253726.48950636387 431528.69803595543 1539502.5182269812 40493538.410064489 384891.95883414149 29073741.683412671 79482.801883414388 527640.88019345701 1713245.676698342
leaf_count=3855644 11002 695289 544661 59459 16802 90702 207236 1179070 26339552 466174 25229295 100082 711522 2063730
internal_value=7.77706e-06 0.00296623 0.00876106 -0.000111236 0.0111647 0.0005402 0.00942437 -0.00017756 -0.000865556 0.000638002 0.00120531 -0.0147735 -0.00219245 0.0028616
internal_weight=8.1083e+07 3.13568e+06 1.46713e+06 7.79473e+07 455793 309762 1.45167e+06 7.74915e+07 4.2033e+07 3.54585e+07 2.95381e+07 464375 5.92035e+06 2.24089e+06
internal_count=61570220 1458188 762899 60112032 166963 107504 751897 59945069 27518622 32426447 25795551 566256 6630896 2775252
is_linear=0
shrinkage=0.3


Tree=32
num_leaves=15
num_cat=0
split_feature=3 3 2 2 1 1 2 3 2 1 2 3 1 1
split_gain=291.118 1217.91 870.84 584.294 276.344 197.265 618.11 536.718 599.744 627.338 378.28 427.861 810.363 329.458
threshold=50624.000000000007 760.00000000000011 0.017455600202083591 0.072218317538499846 0.089474968612194075 0.0051872471813112506 0.0072675796691328296 472.00000000000006 0.058582717552781112 0.01389054721221328 0.067753646522760405 424.00000000000006 0.0046697242651134738 0.0067024372983723888
decision_type=2 2 2 2 2 2 2 2 2 2 2 2 2 2
left_child=1 4 -3 -4 5 6 -1 13 9 -9 -8 -12 -13 -7
right_child=-2 2 3 -5 -6 7 10 8 -10 -11 11 12 -14 -15
leaf_value=-0.043180183833743765 0.013470340766073468 -0.25326909112069673 0.024167804648016961 -0.14290839227607174 0.0061645931346674286 -0.01380720604743293 0.010557648803486525 -0.035867491690082472 0.024446456883663207 -0.19014837573029705 -0.07673487858629631 -0.032306641199295702 0.1729748532882375 -9.5493297544090808e-05
leaf_weight=21793.546779364347 143098.8858807683 2608.6926891207695 4113.7576957643032 3475.3259859681129 636890.29752519727 158023.26257076859 413157.51067042351 46436.968132540584 15215.405254215002 2499.7149618119001 9739.816274523735 8272.220363765955 2188.5996240377426 79521313.699482098
leaf_count=38119 137162 8388 7223 9569 253760 217844 409031 78141 20676 5472 16509 14953 2253 60286761
internal_value=-4.89432e-05 -7.28727e-05 -0.103742 -0.0523427 -5.97944e-05 -0.000109225 0.00611854 -0.000144771 -0.027574 -0.0437483 0.00859777 -0.0314871 0.0106421 -0.000122687
internal_weight=8.09888e+07 8.08457e+07 10197.8 7589.08 8.08355e+07 8.01986e+07 455152 7.97435e+07 64152.1 48936.7 433358 20200.6 10460.8 7.96793e+07
internal_count=61505861 61368699 25180 16792 61343519 61089759 480865 60608894 104289 83613 442746 33715 17206 60504605
is_linear=0
shrinkage=0.3


Tree=33
num_leaves=15
num_cat=0
split_feature=1 3 2 2 3 2 2 0 2 3 3 1 0 1
split_gain=309.302 566.411 822.593 271.14 264.871 319.772 292.065 232.563 758.403 1425.5 919.735 959.608 838.578 1094.04
threshold=1.0000000180025095e-35 712.00000000000011 0.0275001609697938 0.074099339544773116 936.00000000000011 0.042522720992565162 0.029106955043971542 0.036059260368347175 0.02520281728357077 40.000000000000007 88.000000000000014 0.033684847876429565 0.012944946065545084 0.020928452722728256
decision_type=2 2 2 2 2 2 2 2 2 2 2 2 2 2
left_child=-1 7 -3 4 5 6 -4 8 9 12 -10 -12 -2 -14
right_child=1 2 3 -5 -6 -7 -8 -9 10 -11 11 -13 13 -15
leaf_value=0.013924676687904671 0.043050082926281118 -0.15745321168876861 0.23160989685462136 -0.062314298857895252 -0.20219581259539668 0.10179126207118742 -0.10817776061877742 -0.00050530758478506009 -0.0015097636745527295 0.00023590809998510877 0.0042129469313390427 -0.004389889934815064 9.1616745521553208e-05 0.0094158697354000207
leaf_weight=144233.32434725761 55553.0497148633 4999.3684166967869 269.93820253014565 4825.0372665673494 397.72774662077427 3651.771607235074 1453.9991466701031 38327779.882659584 19744781.148502856 10747029.464454949 5712196.0242294967 1466557.439138025 1792830.6493149996 3075000.6154889166
leaf_count=137215 49052 14303 286 11823 1141 5183 2901 23662448 15372140 11236357 5551504 1152855 1745224 2627073
internal_value=4.45466e-05 1.98117e-05 -0.0571429 -0.00982587 0.0340403 0.0515185 -0.054973 3.083e-05 0.000513269 0.00217256 -0.000452496 0.00245546 0.00639999 0.00598173
internal_weight=8.10816e+07 8.09373e+07 15597.8 10598.5 5773.44 5375.71 1723.94 8.09217e+07 4.25939e+07 1.56704e+07 2.69235e+07 7.17875e+06 4.92338e+06 4.86783e+06
internal_count=61569505 61432290 35637 21334 9511 8370 3187 61396653 37734205 15657706 22076499 6704359 4421349 4372297
is_linear=0
shrinkage=0.3


Tree=34
num_leaves=15
num_cat=0
split_feature=1 0 0 3 2 2 1 3 1 1 0 0 2 0
split_gain=234.567 1059.06 922.26 967.978 875.614 1668.56 875.059 1087.02 778.084 728.666 755.981 998.169 728.656 584.74
threshold=0.026002876460552219 0.00554146757349372 0.015459300950169565 72.000000000000014 1.0000000180025095e-35 0.0030078291893005375 0.030080205760896209 56.000000000000007 0.034022009000182159 0.023777268826961521 0.002120754681527615 0.017812326550483707 0.017455600202083591 0.0050735124386847028
decision_type=2 2 2 2 2 2 2 2 2 2 2 2 2 2
left_child=9 4 6 -4 -2 -6 -3 -8 -7 13 -11 -12 -5 -1
right_child=1 2 3 12 5 8 7 -9 -10 10 11 -13 -14 -15
leaf_value=0.0023362879855895755 0.043930329679741746 0.010176486070183838 0.00036655746404854503 -0.023346251241146126 -0.13454230636857004 -0.0040757330908215662 -0.017352402816299975 0.00327154032147196 -0.022195215678341484 -0.027723709377974616 0.0019425069340185737 -0.0075682757713442022 -0.0044635244295678309 -0.0011998027576938101
leaf_weight=6234486.3822309822 27429.171411275864 1618611.2152926624 50176181.991254389 205827.78188380599 9649.1890993267298 751526.27206623554 252552.67626351118 2576215.2065173984 297818.12505587935 121451.9919565022 1671468.7608405054 2447247.4790778458 1728211.4374235272 12953488.453637004
leaf_count=7070897 27428 1401160 32591278 192816 18158 733944 210374 2124041 285952 133799 1504732 1993026 1283525 11998532
internal_value=-3.69225e-05 0.000288398 0.000466618 0.000112708 -0.00898951 -0.0103602 0.00461341 0.00143023 -0.00921829 -0.00083736 -0.00439645 -0.00370858 -0.0064731 -5.08691e-05
internal_weight=8.10722e+07 5.7644e+07 5.65576e+07 5.21102e+07 1.08642e+06 1.05899e+06 4.44738e+06 2.82877e+06 1.04934e+06 2.34281e+07 4.24017e+06 4.11872e+06 1.93404e+06 1.9188e+07
internal_count=61569662 38868676 37803194 34067619 1065482 1038054 3735575 2334415 1019896 22700986 3631557 3497758 1476341 19069429
is_linear=0
shrinkage=0.3


Tree=35
num_leaves=15
num_cat=0
split_feature=0 1 2 0 2 3 2 2 3 0 1 3 2 1
split_gain=277.419 787.633 919.915 747.254 655.586 440.886 431.125 398.237 360.694 400.567 483.86 315.484 358.577 311.844
threshold=0.0024694221792742614 0.023777268826961521 0.037180824205279357 0.001153624209109694 0.025483980774879459 120.00000000000001 0.097214210778474822 0.097214210778474822 152.00000000000003 0.00060625103651545953 0.017417207360267643 328.00000000000006 0.012985006440430881 0.0067024372983723888
decision_type=2 2 2 2 2 2 2 2 2 2 2 2 2 2
left_child=1 2 5 4 11 -1 8 -6 -4 10 -10 -3 -13 -11
right_child=-2 3 6 -5 7 -7 -8 -9 9 13 -12 12 -14 -15
leaf_value=-0.032132235467438978 4.3954780146542365e-05 0.0030372641707220893 -0.005047795001367335 -0.0055836027018042406 -0.049330963114884371 -0.0032447925951283262 -0.01582962246157649 0.036969806046389796 0.0091047873568904439 -0.084665670178608488 -0.018037012638410115 -0.15796999530240907 0.032775251039897153 0.019102185373062183
leaf_weight=48333.963418930769 76582865.12373063 47732.581222862005 152674.15869754553 307773.7844722867 97378.965040683746 2931637.8266613036 71396.459183171391 5062.5017248988152 383549.06592494249 2625.7152756750584 69883.885924875736 2378.9824243783951 1414.2986667752266 355746.52536273003
leaf_count=60185 56310198 63329 156989 317763 109533 3550424 96209 5013 457964 3775 80671 4940 1863 349227
internal_value=-9.02417e-05 -0.00238548 -0.0010363 -0.0141196 -0.0311827 -0.00371334 0.00666491 -0.0450661 0.00833009 0.010846 0.00492165 -0.00358029 -0.0868519 0.0183419
internal_weight=8.10605e+07 4.47759e+06 4.01585e+06 461741 153967 2.97997e+06 1.03588e+06 102441 964479 811805 453433 51525.9 3793.28 358372
internal_count=61568083 5257885 4755444 502441 184678 3610609 1144835 114546 1048626 891637 538635 70132 6803 353002
is_linear=0
shrinkage=0.3


Tree=36
num_leaves=15
num_cat=0
split_feature=1 0 0 2 1 0 2 3 3 0 1 0 3 0
split_gain=187.773 1541.91 784.22 962.638 886.134 700.25 639.111 821.923 638.755 1430.83 876.862 1780.41 1010.89 796.697
threshold=0.012556963600218298 0.020108854398131374 0.00099747814238071463 0.026804882101714615 0.0051872471813112506 0.0052975418511778125 0.041823854669928558 24.000000000000004 24.000000000000004 0.015459300950169565 0.0083249718882143515 0.0038206928875297312 56.000000000000007 0.0098900911398232001
decision_type=2 2 2 2 2 2 2 2 2 2 2 2 2 2
left_child=1 2 -1 8 -5 -6 7 -3 -4 10 11 -10 -12 -14
right_child=-2 6 3 4 5 -7 -8 -9 9 -11 12 -13 13 -15
leaf_value=0.0014886053694716033 0.00011219909137523637 0.013709561593502465 -0.022707057749644093 0.0045317596641245477 -0.012901828642003765 -0.035092515198829048 -0.0094804826902692343 0.053072570477900934 -0.034960992761069516 0.039386225641983012 -0.033559161886026749 0.022649092803347606 -0.0066535115950476335 0.039313034009055156
leaf_weight=1410571.5446883887 77500555.520951465 137474.68614214659 131945.29556503892 134209.36155468225 286263.99852252007 231469.35021868348 52987.075518906116 73142.069428414106 61190.77225959301 74998.777218133211 124999.46966674924 228820.93370106816 590030.95107710361 36006.216576129198
leaf_count=1807428 57499238 110452 123183 103569 318401 239043 36335 58764 84972 68348 144924 233673 703674 35903
internal_value=1.41537e-05 -0.00211185 -0.00387016 -0.00784868 -0.0171916 -0.0228229 0.0199702 0.0273794 -0.00296798 -0.000634316 -0.00351746 0.0104937 -0.00892785 -0.00400977
internal_weight=8.10747e+07 3.57411e+06 3.31051e+06 1.89994e+06 651943 517733 263604 210617 1.24799e+06 1.11605e+06 1.04105e+06 290012 751037 626037
internal_count=61567907 4068669 3863118 2055690 661013 557444 205551 169216 1394677 1271494 1203146 318645 884501 739577
is_linear=0
shrinkage=0.3


Tree=37
num_leaves=15
num_cat=0
split_feature=2 0 1 4 0 1 0 2 4 1 1 0 0 1
split_gain=219.54 791.844 710.518 355.536 342.886 281.694 263.579 1290.13 917.079 901.97 688.809 499.375 407.568 426.549
threshold=0.074099339544773116 0.10971909761428834 0.060122674331069 4.5000000000000009 0.097505155950784697 0.036967443302273757 0.097505155950784697 0.01922519970685244 4.5000000000000009 0.047320313751697547 0.06826071068644525 0.11904190480709077 0.11904190480709077 0.037347735837101943
decision_type=2 2 2 2 2 2 2 2 2 2 2 2 2 2
left_child=6 3 5 -2 -5 -3 8 12 10 11 -1 -9 -8 -14
right_child=1 2 -4 4 -6 -7 7 9 -10 -11 -12 -13 13 -15
leaf_value=-0.00018760327801604012 0.00047663184515881043 0.18373792677411885 0.0096087275634245666 0.11611453190095312 0.010215262785326537 0.042138493290315826 0.0023095875891536131 0.0059552332506029593 0.033307377923940062 -0.0050072595957391108 0.0056842318215876543 0.036814785580307818 0.13743012830869064 0.017155473681124678
leaf_weight=70569716.589537844 2946807.6180637628 1292.2341120243073 317804.9384983182 4662.2837209701538 6715.004073381424 58785.273160219193 266378.12279319763 257635.26100277901 74305.94405400753 4339957.6995934844 1845025.0823936462 57778.319239020348 2675.8616757392883 321466.30907726288
leaf_count=55934607 1970578 369 131674 1734 3024 23699 135704 129164 34580 2047670 1012251 22563 694 121948
internal_value=-5.01525e-05 0.00233291 0.0152647 0.000680991 0.0536116 0.0451842 -0.000152424 -0.00220593 -3.81608e-06 -0.00388152 -3.79972e-05 0.0116082 0.0110036 0.0181484
internal_weight=8.1071e+07 3.33607e+06 377882 2.95818e+06 11377.3 60077.5 7.77349e+07 5.24589e+06 7.2489e+07 4.65537e+06 7.24147e+07 315414 590520 324142
internal_count=61570259 2131078 155742 1975336 4758 24068 59439181 2457743 56981438 2199397 56946858 151727 258346 122642
is_linear=0
shrinkage=0.3


Tree=38
num_leaves=15
num_cat=0
split_feature=0 1 3 2 2 1 1 2 1 3 3 0 2 2
split_gain=217.729 588.132 653.481 801.552 485.443 808.391 784.807 671.55 603.944 575.879 500.165 1415.66 564.43 511.239
threshold=0.036059260368347175 0.041893115267157562 104.00000000000001 0.02520281728357077 0.02520281728357077 0.036185801029205329 0.022444612346589569 0.019054379314184192 0.016668065451085571 120.00000000000001 56.000000000000007 0.014198680873960258 0.03429603390395642 0.031550010666251189
decision_type=2 2 2 2 2 2 2 2 2 2 2 2 2 2
left_child=1 4 3 -3 6 10 7 9 -9 -1 11 -6 -12 -13
right_child=-2 2 -4 -5 5 -7 -8 8 -10 -11 12 13 -14 -15
leaf_value=0.0038475988952943819 -0.00045459703838814471 0.014630407661447438 -0.0069136838383952503 0.0031228926874935958 -0.012735189838294263 -0.0051785251807189882 0.0038457476799073141 0.00051244314803492775 -0.0077369850801638478 -0.0030154260710646384 -0.0011388967707693575 0.0028252733399674297 0.003374109744219856 -0.0020423285766820853
leaf_weight=3436553.5497017503 38334111.242990524 640763.97788545489 472167.15933132172 3636245.9083483219 924387.04996275902 3171635.9382000864 6803340.1175712645 1493891.1494426131 1716389.5308043063 1618678.2244476825 4358305.4153011888 2946123.4726487696 5831147.1918787956 5697397.9812840223
leaf_count=3678520 23664878 513012 393262 2485998 843727 2333835 6195749 1582164 1641243 2085391 4066348 2395079 5280816 4409147
internal_value=6.45377e-05 0.00053008 0.00367765 0.0048469 0.00013668 -0.000732597 0.00145939 -0.000504829 -0.00389815 0.00165007 -1.88957e-05 -0.00157658 0.00144377 -0.000383218
internal_weight=8.10811e+07 4.2747e+07 4.74918e+06 4.27701e+06 3.79978e+07 2.2929e+07 1.50689e+07 8.26551e+06 3.21028e+06 5.05523e+06 1.97574e+07 9.56791e+06 1.01895e+07 8.64352e+06
internal_count=61569169 37904291 3392272 2999010 34512019 19328952 15183067 8987318 3223407 5763911 16995117 7647953 9347164 6804226
is_linear=0
shrinkage=0.3


Tree=39
num_leaves=15
num_cat=0
split_feature=0 2 0 1 4 0 1 1 4 0 1 4 1 2
split_gain=166.625 394.824 318.373 1216.75 1138.92 777.381 625.746 431.039 399.491 466.287 307.217 296.419 313.409 291.647
threshold=0.1654932647943497 0.037750812247395522 0.13330135494470599 0.054945008829236038 4.5000000000000009 0.12517732381820681 0.064436603337526335 0.07544910162687303 1.5000000000000002 0.090950872749090209 0.04165866598486901 5.5000000000000009 0.03333301097154618 0.015696670860052112
decision_type=2 2 2 2 2 2 2 2 2 2 2 2 2 2
left_child=2 -2 5 10 6 7 -5 11 9 -9 -4 -1 -13 -8
right_child=1 -3 3 4 -6 -7 13 8 -10 -11 -12 12 -14 -15
leaf_value=-0.00014470380576071053 0.010683977911869052 -0.0028799503813716439 0.10538105583976 0.020758573961918023 -0.023560470601305273 0.011440959168454451 0.028214355798641663 0.0073630679391395526 0.012043794454419178 -0.0063720547486175562 0.021528494817869857 0.08298123670038772 0.012399905251497196 -0.0064406876144168269
leaf_weight=77125791.085833326 416297.77625578642 360305.20930862427 4079.5039948225021 96378.27227640152 306439.13939338923 535313.26171576977 22670.516892433167 516215.86571958661 494464.80699169636 390894.25069367886 109036.99487036467 6082.7275732755661 81870.745505213737 608189.85941326618
leaf_count=59814061 133495 126120 983 41817 130960 247900 9270 280902 233903 198980 39727 1987 34311 275069
internal_value=1.77624e-05 0.00439099 -2.45336e-05 -0.00498729 -0.00821987 4.73705e-05 -0.00175575 -3.02115e-05 0.00518372 0.00144429 0.0245526 -0.000124854 0.0172812 -0.00519533
internal_weight=8.1074e+07 776603 8.02974e+07 1.14679e+06 1.03368e+06 7.91506e+07 727239 7.86153e+07 1.40157e+06 907110 113116 7.72137e+07 87953.5 630860
internal_count=61569485 259615 61309870 497826 457116 60812044 326156 60564144 713785 479882 40710 59850359 36298 284339
is_linear=0
shrinkage=0.3


Tree=40
num_leaves=15
num_cat=0
split_feature=4 1 0 4 1 0 4 3 0 4 2 0 1 0
split_gain=227.801 142.782 684.737 769.796 534.116 469.829 466.519 616.256 560.453 811.316 554.434 516.855 721.479 487.569
threshold=13.500000000000002 0.055384509265422828 0.10283394530415536 3.5000000000000004 0.037548519670963294 0.14482135325670245 5.5000000000000009 24.000000000000004 0.090950872749090209 3.5000000000000004 0.01326319156214595 0.14482135325670245 0.064436603337526335 0.060268888249993331
decision_type=2 2 2 2 2 2 2 2 2 2 2 2 2 2
left_child=1 2 -1 -4 -5 -6 7 8 9 -3 -9 -10 -13 -12
right_child=-2 6 3 4 5 -7 -8 10 11 -11 13 12 -14 -15
leaf_value=-0.00023060199600030099 0.041575386760491474 0.0050084530148830231 0.019315280435098895 0.033421371997877529 -0.0054738774564131861 0.022133884242738884 -0.0073410612529586422 -0.022100740163041307 -0.0010965468986277214 0.048471610873721142 0.0019853822359962091 0.038347883423370858 0.0047637871972756778 -0.0044589602737691711
leaf_weight=67055149.656390816 11893.06093788147 3931219.9985045791 342573.73696601391 42120.916896224022 417702.75475239754 63974.838112711906 582632.76601606607 114879.92117661238 3454250.030240953 39037.443523585796 2296326.2116689086 62654.089560508728 709518.68292981386 1957216.9183631539
leaf_count=54111465 1412 2175914 171792 16605 193965 19548 198971 88341 1720132 19034 1440498 24602 287059 1100331
internal_value=5.89275e-05 5.28369e-05 -0.00012233 0.00825766 0.00102577 -0.00180711 0.000957754 0.00134256 0.00287634 0.0054358 -0.00153534 0.000472007 0.0074888 -0.000979905
internal_weight=8.10812e+07 8.10693e+07 6.79215e+07 866372 523799 481678 1.31477e+07 1.25651e+07 8.19668e+06 3.97026e+06 4.36842e+06 4.22642e+06 772173 4.25354e+06
internal_count=61569669 61568257 54513375 401910 230118 213513 7054882 6855911 4226741 2194948 2629170 2031793 311661 2540829
is_linear=0
shrinkage=0.3


Tree=41
num_leaves=15
num_cat=0
split_feature=0 2 0 1 0 1 1 1 1 0 3 1 0 4
split_gain=208.994 545.671 988.815 578.89 501.003 952.956 493.474 361.65 484.521 499.286 378.145 440.665 348.566 333.305
threshold=0.036059260368347175 0.021628300659358505 0.085804063826799407 0.026289482600986961 0.033774454146623618 0.01389054721221328 0.019986041821539405 0.02423754241317511 0.043128140270709998 0.078723412007093443 56.000000000000007 0.045547010377049453 0.047975910827517516 1.5000000000000002
decision_type=2 2 2 2 2 2 2 2 2 2 2 2 2 2
left_child=4 2 7 -4 -1 -6 12 -2 9 -9 11 -10 13 -3
right_child=1 6 3 -5 5 -7 -8 8 10 -11 -12 -13 -14 -15
leaf_value=0.0002160763197858435 -0.01248116101372432 0.018065893876631735 0.1678826267296602 0.0044140992390031743 0.072904993424231124 0.0042626762377099212 -0.00014116579279365099 -0.0012642644581210589 -0.019482261874022303 -0.021236892694101377 -0.029746978851513405 -0.0049059688676137501 0.030759229992627094 -0.0038585328389381564
leaf_weight=40505187.384479702 528665.49349328876 118817.10476881266 1953.0000771284103 1157474.998201251 18352.884577095509 2221624.7584564686 32117852.643587649 2834779.5033770502 232568.1350337863 117309.07891350985 75040.925837755203 945673.84221899509 68092.856347978115 131445.24454122782
leaf_count=36252963 443558 82500 683 556198 12838 1639682 19384624 2159736 160904 72628 56465 614811 40633 90817
internal_value=1.49346e-06 -0.000507158 -0.00316267 0.00468945 0.000457603 0.00482509 -2.46671e-05 -0.00508576 -0.00415607 -0.00205793 -0.00909822 -0.00778312 0.0117285 0.00655053
internal_weight=8.10748e+07 3.83297e+07 5.89346e+06 1.15943e+06 4.27452e+07 2.23998e+06 3.24362e+07 4.73404e+06 4.20537e+06 2.95209e+06 1.25328e+06 1.17824e+06 318355 250262
internal_count=61569040 23663557 4064983 556881 37905483 1652520 19598574 3508102 3064544 2232364 832180 775715 213950 173317
is_linear=0
shrinkage=0.3


Tree=42
num_leaves=15
num_cat=0
split_feature=0 0 1 0 2 4 1 1 2 2 1 2 1 2
split_gain=172.527 682.798 511.801 703.567 598.618 490.288 511.588 475.733 450.099 435.481 427.719 379.417 336.902 603.764
threshold=0.078723412007093443 0.084281202405691161 0.0479674730449915 0.11904190480709077 0.03317049331963063 2.5000000000000004 0.048931462690234191 0.053657092154026038 0.012985006440430881 0.082081608474254622 0.036967443302273757 1.0000000180025095e-35 0.069377671927213683 0.057274611666798599
decision_type=2 2 2 2 2 2 2 2 2 2 2 2 2 2
left_child=5 7 3 4 -3 12 9 -2 11 -7 -5 -4 -1 -14
right_child=1 2 8 10 -6 6 -8 -9 -10 -11 -12 -13 13 -15
leaf_value=2.3283353500236459e-05 -0.011832283005857742 -0.0022088849763836952 -0.06027111283569013 0.11885076024088012 0.011737387958168638 0.0021915131693891433 0.018722425510435708 -0.0018041482426466872 -0.0013041620500098302 0.03701311375169837 0.024416563567346672 0.017677709612023172 0.00030497520196690335 0.015946887656022243
leaf_weight=68229803.22345534 812976.45062381029 695505.97280102968 5833.8820832967758 4496.1283482313156 460334.09757608175 1091550.6787777543 231011.00095939636 893904.43285083771 7368972.8091238141 33309.594587147236 108109.6532201767 153329.55791431665 657326.51650384068 335418.07791632414
leaf_count=54882510 481740 381969 4168 1183 239109 676110 125971 491010 3603343 16775 41178 66967 382380 175415
internal_value=4.49596e-05 -0.00108942 -2.3938e-05 0.00555078 0.00334547 0.000213778 0.00586348 -0.00658048 -0.000963244 0.00322266 0.0281871 0.0148206 0.000103116 0.0055899
internal_weight=8.10819e+07 1.05035e+07 8.79658e+06 1.26845e+06 1.15584e+06 7.05784e+07 1.35587e+06 1.70688e+06 7.52814e+06 1.12486e+06 112606 159163 6.92225e+07 992745
internal_count=61569828 5310667 4337917 663439 621078 56259161 818856 972750 3674478 692885 42361 71135 55440305 557795
is_linear=0
shrinkage=0.3


Tree=43
num_leaves=15
num_cat=0
split_feature=0 1 1 3 2 0 2 2 1 2 2 1 3 0
split_gain=255.332 541.509 578.453 880.704 572.347 503.158 552.557 516.598 465.403 421.49 943.136 418.31 412.844 322.319
threshold=0.0050735124386847028 0.023777268826961521 0.010915465187281372 248.00000000000003 0.054352393373847015 0.0002027334339800291 0.022567137144505981 0.10763395950198175 0.016668065451085571 1.0000000180025095e-35 0.0030078291893005375 0.0088431136682629603 104.00000000000001 0.0017673937254585328
decision_type=2 2 2 2 2 2 2 2 2 2 2 2 2 2
left_child=1 2 3 11 9 8 -7 -8 -4 -3 -11 -1 -12 -13
right_child=-2 4 5 -5 -6 6 7 -9 -10 10 12 13 -14 -15
leaf_value=-0.01704773251364421 -4.1516818343987383e-05 0.026680370706698504 -0.0011933192169627791 0.0053278411858225455 0.0095952763008566762 0.0011492977286912012 0.0084971275544659837 -0.032588017437434592 -0.030286262259550251 -0.091353979249253467 -0.033928257094341469 0.0030361537136604153 -0.0053933552798205069 -0.01322166142160955
leaf_weight=335796.84093254805 73516283.514275581 33191.382921665907 235840.56469798088 749763.54682210088 239057.93360087276 1676718.3675385416 2686810.0640824139 27829.180610626936 62629.454825714231 11978.55346904695 47813.564920634031 288189.97369411588 1000452.4973126352 177251.99728810787
leaf_count=437528 53177428 33661 307632 991216 214160 1989584 2672887 30103 86483 22896 47512 342417 1003595 211904
internal_value=0.000129344 0.00178794 0.00296011 -0.00206223 -0.00370203 0.00462108 0.00543119 0.00807594 -0.00729804 -0.00660922 -0.00765136 -0.00897754 -0.00669489 -0.00315523
internal_weight=8.10896e+07 7.57332e+06 6.24083e+06 1.551e+06 1.33249e+06 4.68983e+06 4.39136e+06 2.71464e+06 298470 1.09344e+06 1.06024e+06 801239 1.04827e+06 465442
internal_count=61569006 8391578 7069754 1983065 1321824 5086689 4692574 2702990 394115 1107664 1074003 991849 1051107 554321
is_linear=0
shrinkage=0.3


Tree=44
num_leaves=15
num_cat=0
split_feature=4 3 3 2 1 2 2 3 0 2 1 1 1 0
split_gain=144.841 121.018 489.117 873.495 510.41 208.468 130.863 503.818 628.154 542.132 1716.8 975.832 504.359 385.576
threshold=15.000000000000002 1144.0000000000002 584.00000000000011 1.0000000180025095e-35 0.0083249718882143515 0.10763395950198175 0.0045221976470202216 40.000000000000007 0.029040736146271232 1.0000000180025095e-35 0.032154094427824027 0.032154094427824027 0.015279006212949755 0.010592155624181034
decision_type=2 2 2 2 2 2 2 2 2 2 2 2 2 2
left_child=1 2 6 -4 -5 -6 7 -1 9 11 12 13 -11 -9
right_child=-2 -3 3 4 5 -7 -8 8 -10 10 -12 -13 -14 -15
leaf_value=0.01128263292166806 0.083870140447492234 0.0085925111196743353 -0.25306123873259395 -0.014661246927753981 -0.18645192756803514 0.0044226707258333353 -2.6247003530450856e-05 -0.0010351746714391133 -0.040820506749054228 0.010957033573873986 -0.080466589780972389 0.030247561850143379 -0.019878696921950514 -0.030019294748435635
leaf_weight=156609.38877409697 1850.3283848762512 145028.45022843778 1545.3790480792522 40211.724474534392 2298.7744432240725 663.64382544159889 80098915.179234385 214768.05221551657 47735.479335993528 88037.534044489264 32344.152708113194 85416.595353931189 104292.58250443637 51144.836505919695
leaf_count=133408 185 138737 3256 78087 5602 1059 60448322 233645 42827 147173 46008 76264 163138 51074
internal_value=-6.38224e-05 -6.57382e-05 -8.12551e-05 -0.0314472 -0.0235148 -0.143692 -6.39123e-05 -0.00393007 -0.0077497 -0.005009 -0.0165181 0.00235104 -0.00576389 -0.00660989
internal_weight=8.10709e+07 8.1069e+07 8.0924e+07 44719.5 43174.1 2962.42 8.08793e+07 780349 623739 576004 224674 351329 192330 265913
internal_count=61568785 61568600 61429863 88004 84748 6661 61341859 893537 760129 717302 356319 360983 310311 284719
is_linear=0
shrinkage=0.3


Tree=45
num_leaves=15
num_cat=0
split_feature=1 0 4 2 2 3 1 1 0 0 1 2 3 2
split_gain=193.602 448.831 1321.62 555.906 972.838 688.712 599.359 505.843 395.49 467.885 814.563 1385.38 575.956 526.793
threshold=0.017798289656639103 0.02397340722382069 1.0000000180025095e-35 0.050243543460965163 0.023464003577828411 40.000000000000007 0.014355433173477651 0.014355433173477651 0.0019366858759894969 0.029040736146271232 0.028695321641862396 0.04841295816004277 56.000000000000007 1.0000000180025095e-35
decision_type=2 2 2 2 2 2 2 2 2 2 2 2 2 2
left_child=1 -1 3 4 -3 6 -6 -4 -2 13 11 -11 -12 -10
right_child=8 2 7 -5 5 -7 -8 -9 9 10 12 -13 -14 -15
leaf_value=-0.0020406419185352207 -0.0060532004035998808 0.0065722359347288352 0.0078592307483464751 -0.011254550422943287 0.058934632727810965 0.090478802491817389 0.012999234663578683 -0.010349541796508618 0.015628791075791452 -0.0058646862541159592 0.00022853502293467616 0.0099874206269984622 -0.0059975966454162213 0.0010431011183366814
leaf_weight=8478488.2853513509 937583.31677043438 104400.80563604832 231146.36758986115 37670.354044020176 48623.989987134933 24819.632601976395 53905.519656836987 338224.71953940392 224825.3988147378 4379527.4700705111 38788062.15853861 559573.40142416954 1384941.9367394745 25471116.392255276
leaf_count=9297649 1043831 100128 173689 29810 34365 17611 43850 280908 211339 3492811 23933387 373426 961467 21575677
internal_value=-9.92023e-05 -0.00138573 0.00523415 0.0225455 0.0280396 0.0456385 0.0347838 -0.00295737 6.78727e-05 0.000148923 -0.000433093 -0.00406873 1.38926e-05 0.00117072
internal_weight=8.10629e+07 9.31728e+06 838791 269420 231750 127349 102530 569371 7.17456e+07 7.0808e+07 4.51121e+07 4.9391e+06 4.0173e+07 2.56959e+07
internal_count=61569948 9978010 680361 225764 195954 95826 78215 454597 51591938 50548107 28761091 3866237 24894854 21787016
is_linear=0
shrinkage=0.3


Tree=46
num_leaves=15
num_cat=0
split_feature=0 3 2 0 0 3 2 0 2 1 2 1 1 1
split_gain=140.502 620.445 664.681 506.6 402.334 399.494 1467.09 655.642 488.804 488.746 474.504 402.145 444.845 386.467
threshold=0.010592155624181034 104.00000000000001 0.017641471698880199 0.0098900911398232001 0.011635849718004467 72.000000000000014 0.0095046884380280989 0.0068758239503949889 0.015696670860052112 0.02030282095074654 0.038759283721446998 0.0075850929133594045 0.013399771414697172 0.029003350064158443
decision_type=2 2 2 2 2 2 2 2 2 2 2 2 2 2
left_child=3 4 -3 5 -2 6 -1 9 11 -8 -7 -9 -13 -10
right_child=1 2 -4 -5 -6 10 7 8 13 -11 -12 12 -14 -15
leaf_value=0.034021307380509257 -0.0060590803455477255 -0.036664555390860637 -0.0060569259699165294 0.0082948857930193395 4.8409959208034158e-05 -0.0001217115785875264 -0.02168825847768175 0.044239603568366384 -0.0057861645795328114 -0.086839757313832727 0.0042268882813574684 -0.027222444118464938 0.015559613807534735 -0.029972312590149406
leaf_weight=81238.184783786535 985266.97284907103 74554.211255818605 444963.60355123878 792283.06520503759 65842813.176058948 8743195.4126527309 128819.2963283062 27348.540249586105 731888.79235827923 11269.344601929188 3044749.9127433151 30439.095446079969 77736.872068762779 64717.297455340624
leaf_count=96112 897825 77857 351008 724995 46005313 9454662 142902 25906 710888 11666 2891237 37042 85424 56713
internal_value=5.64149e-05 -0.000121919 -0.0104493 0.000930935 -4.16347e-05 0.000480108 -0.00484838 -0.0077934 -0.00491749 -0.0269293 0.0010015 0.0117382 0.00352138 -0.00775108
internal_weight=8.10813e+07 6.73476e+07 519518 1.37337e+07 6.68281e+07 1.29414e+07 1.15346e+06 1.07222e+06 932131 140089 1.17879e+07 135525 108176 796606
internal_count=61569550 47332003 428865 14237547 46903138 13512552 1166653 1070541 915973 154568 12345899 148372 122466 767601
is_linear=0
shrinkage=0.3


Tree=47
num_leaves=15
num_cat=0
split_feature=2 0 3 1 2 0 2 2 1 1 0 0 1 1
split_gain=166.312 349.835 623.649 756.321 582.81 669.686 522.748 413.166 607.622 394.557 386.404 434.339 675.232 521.741
threshold=0.02520281728357077 0.036059260368347175 56.000000000000007 0.035819536074996002 0.02317578345537186 0.015459300950169565 0.015876478515565399 0.018705323338508609 0.028843134641647342 0.030080205760896209 0.0096896337345242518 0.023192874155938629 0.013637126889079811 0.01760578062385321
decision_type=2 2 2 2 2 2 2 2 2 2 2 2 2 2
left_child=1 2 3 7 5 -4 -7 9 10 -1 -9 13 -13 -12
right_child=-2 -3 4 -5 -6 6 -8 8 -10 -11 11 12 -14 -15
leaf_value=0.0061597504818167725 -0.00016150996214142244 -0.0007396272533772548 0.00013411551663958655 0.012346825684548519 0.0059185211405845513 -0.015348279932750768 -0.0025882648109033491 -0.027593899685599672 0.0076573086039602332 -0.0039878229183603958 -0.0062584481403529183 0.030692315376733198 -0.0074644986852831696 0.0062444155663837469
leaf_weight=2892970.4981888235 56422814.411095113 8837935.78675583 6052115.8875233382 800325.24721872807 1225101.1685376614 475293.23251965642 737046.99586334825 52253.409718692303 752183.11503863335 391518.1161672771 450528.50628066063 43459.911859512329 1054642.5109145045 901350.97384461761
leaf_count=2861658 39751116 6002572 6854506 630060 1172629 464592 644316 56098 608020 339874 428954 33806 908574 811750
internal_value=0.000122562 0.000772351 0.00161656 0.00364184 -0.000134299 -0.00115507 -0.00759078 0.00257639 0.000180718 0.00495014 -0.00206678 -0.00152233 -0.00595436 0.0020777
internal_weight=8.10895e+07 2.46667e+07 1.58288e+07 7.33923e+06 8.48956e+06 7.26446e+06 1.21234e+06 6.53891e+06 3.25442e+06 3.28449e+06 2.50224e+06 2.44998e+06 1.0981e+06 1.35188e+06
internal_count=61568525 21817409 15814837 6678794 9136043 7963414 1108908 6048734 2847202 3201532 2239182 2183084 942380 1240704
is_linear=0
shrinkage=0.3


Tree=48
num_leaves=15
num_cat=0
split_feature=0 1 3 2 3 1 0 1 2 2 3 0 1 3
split_gain=178.444 326.605 433.5 308.36 288.733 607.629 283.535 280.713 264.914 242.253 233.516 232.759 194.143 357.973
threshold=0.00013018237223150211 0.0093351202085614222 536.00000000000011 0.079071879386901869 248.00000000000003 0.01312046777456999 0.00049091581604443501 0.033501675352454192 0.0030078291893005375 0.0085164527408778685 264.00000000000006 0.001153624209109694 0.0051872471813112506 840.00000000000011
decision_type=2 2 2 2 2 2 2 2 2 2 2 2 2 2
left_child=1 10 -3 -4 6 8 9 11 -6 -2 -1 -7 13 -12
right_child=4 2 3 -5 5 7 -8 -9 -10 -11 12 -13 -14 -15
leaf_value=-0.041304673427910985 0.014252383224182322 -0.010936952461417548 -0.14917395267238839 0.012619382231714396 -0.029963724481856045 0.00020536215170428404 -5.8831645986433109e-07 -0.04323072352633954 0.022550670251439555 -0.010968547234906513 -0.019122705035674131 0.091596564082404491 0.0062784556872673798 0.0041074247424374823
leaf_weight=12066.89490711689 38252.008774027228 288746.10538591444 3485.1137137115002 1523.6903448402882 9060.3850166797638 314929.9765034467 79344328.448459372 13503.988473042846 188803.05361056328 329757.21032500267 99736.956624180079 2528.2074777632952 282597.26886028051 148733.25515408814
leaf_count=17074 54580 392345 8151 2207 12445 380473 59347404 16832 227071 395920 167249 2467 394399 150945
internal_value=-3.82221e-05 -0.00439621 -0.0124548 -0.099956 7.23021e-06 0.00699402 -3.91214e-05 -0.000868792 0.020146 -0.00834701 -3.76969e-05 0.000933193 0.00089997 -0.00521724
internal_weight=8.10781e+07 836889 293755 5008.8 8.02412e+07 528826 7.97123e+07 330962 197863 368009 543134 317458 531067 248470
internal_count=61569562 1132370 402703 10358 60437192 639288 59797904 399772 239516 450500 729667 382940 712593 318194
is_linear=0
shrinkage=0.3


Tree=49
num_leaves=15
num_cat=0
split_feature=4 1 1 2 1 4 2 0 1 2 2 4 2 4
split_gain=159.189 494.17 343.887 300.643 281.633 608.432 320.674 226.639 474.693 239.481 178.512 184.826 171.942 154.109
threshold=5.5000000000000009 0.04763529263436795 0.089474968612194075 0.082081608474254622 0.06826071068644525 9.5000000000000018 0.06535805389285089 0.1654932647943497 0.072042096406221404 0.010768860578536989 0.12890359014272693 2.5000000000000004 0.021628300659358505 8.5000000000000018
decision_type=2 2 2 2 2 2 2 2 2 2 2 2 2 2
left_child=7 3 4 13 5 6 12 -1 -9 -10 11 -11 -3 -2
right_child=1 2 -4 -5 -6 -7 -8 8 9 10 -12 -13 -14 -15
leaf_value=-2.3305947402549198e-05 0.010083058417368609 -0.026032486337749142 0.0059398958198271599 0.090410465128157591 -0.017535842227064589 0.049860379971249959 0.023674421103688042 0.038679412952618182 0.064987605594681461 -0.011360984324271208 0.042067639130731284 0.0055675017278168032 -0.0066183153031659451 0.10340374297980558
leaf_weight=79923278.800632656 96300.655931830406 53967.726277351379 141682.25841367245 4562.4161305427551 269134.52775418758 17752.869441270828 26412.945479750633 39136.64121067524 5643.0776822566986 77122.086840033531 10016.643245816231 234664.05277180672 171622.3055883646 1619.4079670906067
leaf_count=61160753 35096 19063 40073 1415 93537 3603 9524 13820 1681 31046 3489 87634 67676 304
internal_value=-3.06854e-05 -0.00428739 -0.00721188 0.0151338 -0.0106697 -0.00381934 -0.00760092 1.08296e-05 0.00745316 0.00372097 0.00264661 0.00138014 -0.0112628 0.0116264
internal_weight=8.10729e+07 783055 680573 102482 538890 269756 252003 8.02899e+07 366583 327446 321803 311786 225590 97920.1
internal_count=61568714 270291 233476 36815 193403 99866 96263 61298423 137670 123850 122169 118680 86739 35400
is_linear=0
shrinkage=0.3


Tree=50
num_leaves=15
num_cat=0
split_feature=4 0 1 0 2 2 1 0 4 0 1 2 2 1
split_gain=158.934 847.737 441.34 678.07 321.275 311.816 281.137 305.118 644.802 664.371 560.786 338.377 324.399 407.863
threshold=1.5000000000000002 0.04249252192676068 0.018824264407157901 0.03697029501199723 0.060927581042051322 0.029845309443771843 0.024991769343614582 0.060268888249993331 2.5000000000000004 0.055601919069886215 0.045547010377049453 0.030431983992457393 0.033973949030041702 0.055861076340079314
decision_type=2 2 2 2 2 2 2 2 2 2 2 2 2 2
left_child=-1 2 4 -4 -2 -5 -3 8 10 -10 11 -8 13 -9
right_child=1 6 3 5 -6 -7 7 12 9 -11 -12 -13 -14 -15
leaf_value=-0.00019960935581418956 -0.0095578067746258741 -0.0071272077432486206 0.053810007406661066 0.018834568766582089 0.028554125438955243 0.0046371847664917433 0.0041941297696959957 -0.0041375970568819902 0.066249929149052755 0.013550210789000334 0.011399011492100937 -0.0042632513061941083 0.0013447924442589172 0.0017598116781878241
leaf_weight=66773440.572237566 128707.42405390739 436759.46569502354 36925.686440527439 282235.11280351877 23548.821601510048 274773.68614757061 798840.76839596033 2899102.5139280558 24629.565190672874 171057.2695248127 468726.40036720037 911664.99744290113 6184985.2410934567 1659653.8599239588
leaf_count=53506365 99826 307707 25219 215169 13384 184819 574632 1709467 14022 105907 276610 596898 3165638 773383
internal_value=-5.21796e-06 0.000902385 0.0107468 0.0144409 -0.0036632 0.011831 0.000360474 0.000609761 0.00368702 0.0201831 0.00220573 -0.000313483 -7.04706e-05 -0.0019906
internal_weight=8.10751e+07 1.43016e+07 746191 593934 152256 557009 1.35554e+07 1.31187e+07 2.37492e+06 195687 2.17923e+06 1.71051e+06 1.07437e+07 4.55876e+06
internal_count=61569046 8062681 538417 425207 113210 399988 7524264 7216557 1568069 119929 1448140 1171530 5648488 2482850
is_linear=0
shrinkage=0.3


Tree=51
num_leaves=15
num_cat=0
split_feature=0 1 1 0 3 0 2 2 2 1 3 2 0 1
split_gain=143.085 590.184 380.257 585.31 489.868 480.687 885.885 445.913 438.084 463.663 1285.98 1222.77 471.269 744.141
threshold=0.0050735124386847028 0.032314423471689231 0.021989954635500911 0.015459300950169565 72.000000000000014 0.014198680873960258 0.015696670860052112 0.05548455938696862 0.010768860578536989 0.01312046777456999 40.000000000000007 0.037562139332294471 0.020569821819663051 0.0088431136682629603
decision_type=2 2 2 2 2 2 2 2 2 2 2 2 2 2
left_child=1 -1 5 -4 -5 6 -2 -6 -7 10 12 -12 13 -10
right_child=2 -3 3 4 7 8 -8 -9 9 -11 11 -13 -14 -15
leaf_value=0.0019131895097410814 0.0040285560982076876 -0.010676581861970902 0.0028727058128466612 8.714493130298821e-05 -0.0064757576365640709 -0.0095080275048141389 -0.0062439020756863183 0.0059966113355294807 0.0074755623631713036 -0.00027924937721391361 0.055524041629433529 -0.029878866722808643 0.011923451423427418 -0.021524719718934205
leaf_weight=7213002.1751307994 959985.17811980844 351443.53254857659 6743820.0517289042 54597714.266186267 1748428.5149776638 396678.28672325611 3548203.1117841005 302640.66523391008 185898.55757471919 4518342.3174358904 80957.415662735701 18544.609386622906 275062.41932615638 139308.45061311126
leaf_count=8040080 1093039 346130 5808334 36247309 1382203 423126 3456879 200800 142620 3988189 68422 16926 212443 138148
internal_value=8.58673e-05 0.00132827 -4.19707e-05 0.000230679 -8.38441e-05 -0.00174937 -0.00405646 -0.00463543 0.000103019 0.000833646 0.00801948 0.0396071 0.00278344 -0.00494725
internal_weight=8.108e+07 7.56445e+06 7.35156e+07 6.33926e+07 5.66488e+07 1.0123e+07 4.50819e+06 2.05107e+06 5.61479e+06 5.21811e+06 699771 99502 600269 325207
internal_count=61564648 8386210 53178438 43638646 37830312 9539792 4549918 1583003 4989874 4566748 578559 85348 493211 280768
is_linear=0
shrinkage=0.3


Tree=52
num_leaves=15
num_cat=0
split_feature=4 1 1 4 2 4 0 1 0 0 4 2 2 2
split_gain=133.961 150.187 231.714 407.367 300.525 207.383 168.011 127.714 705.872 269.967 265.969 236.185 307.585 230.774
threshold=5.5000000000000009 0.089474968612194075 0.06529663130640985 9.5000000000000018 0.064224835485219969 11.500000000000002 0.12517732381820681 0.06826071068644525 0.14482135325670245 0.11399380117654802 1.5000000000000002 0.06535805389285089 0.020878562703728679 0.063206318765878691
decision_type=2 2 2 2 2 2 2 2 2 2 2 2 2 2
left_child=7 2 3 4 -2 6 -4 8 13 10 -9 12 -11 -1
right_child=1 -3 5 -5 -6 -7 -8 9 -10 11 -12 -13 -14 -15
leaf_value=4.0739754067929461e-05 -0.0055017275708204756 0.0049476390473402786 0.038558056766015016 0.051328363140068237 0.025950420052935852 0.023353000632709502 -0.014399899642641514 0.0014372139050284089 0.022446785398044716 0.010034449268431592 0.0077096070971407592 0.0064047207938858043 -0.0044885268183294021 -0.0020242024683731841
leaf_weight=70341482.328627393 283210.21203905344 140770.020865798 5492.9101651906967 13203.330486774445 30263.134563565254 14470.443666696548 292369.61733692884 2007669.494900018 125150.12009936571 146239.52847790718 872982.99459898472 289026.11915022135 1280396.8245354891 5233350.6571758538
leaf_count=55425039 107450 39701 2283 2603 10675 2299 104634 1100258 49689 60345 430918 124159 584173 3524875
internal_value=-9.74593e-06 -0.00392289 -0.00587701 -0.000291111 -0.0024653 -0.0117194 -0.0134233 2.82557e-05 -6.49729e-05 0.0015637 0.00333807 -0.00141551 -0.00299983 -0.000102252
internal_weight=8.10761e+07 779780 639010 326677 313473 312333 297863 8.02963e+07 7.57e+07 4.59631e+06 2.88065e+06 1.71566e+06 1.42664e+06 7.55748e+07
internal_count=61569101 269645 229944 120728 118125 109216 106917 61299456 58999603 2299853 1531176 768677 644518 58949914
is_linear=0
shrinkage=0.3


Tree=53
num_leaves=15
num_cat=0
split_feature=1 3 0 3 2 0 2 1 2 1 4 0 3 2
split_gain=147.96 611.577 334.32 463.221 615.441 434.449 749.093 705.587 427.369 398.373 510.248 901.623 832.727 427.683
threshold=0.01312046777456999 488.00000000000006 0.022008107975125316 40.000000000000007 0.047334663569927223 0.0017673937254585328 0.026804882101714615 0.0051872471813112506 0.0095046884380280989 0.0088431136682629603 1.0000000180025095e-35 0.0077900427859276542 56.000000000000007 0.018705323338508609
decision_type=2 2 2 2 2 2 2 2 2 2 2 2 2 2
left_child=2 -2 5 8 -5 -1 9 -8 -4 10 11 13 -13 -7
right_child=1 -3 3 4 -6 6 7 -9 -10 -11 -12 12 -14 -15
leaf_value=0.00086304143256796619 0.00015387499895418613 -0.12494690097154393 -0.069411327874546305 0.076158324738074407 -0.082991378879872166 -0.00085168224389265302 0.0055723604208744318 -0.018963313592272629 0.0069992213687894876 -0.0050741658564945483 -0.014216591259746187 0.01496642405267674 0.065211260451666489 -0.048357466823583189
leaf_weight=1819629.2323996425 77046352.841105133 3517.1711696982384 6761.5476586818695 15883.816396355629 2535.9912366867065 103250.14277127385 132737.73150083423 513812.87229388952 256330.32701826096 867803.64122715592 87227.750672727823 171510.54810467362 35900.808536708355 20430.705500483513
leaf_count=2293482 56993695 7310 7387 11702 2322 129123 101235 544504 196015 985190 75739 161576 34021 26076
internal_value=5.5439e-05 0.000148164 -0.00171571 0.00825544 0.054247 -0.00246378 -0.00559601 -0.0139261 0.00503545 -0.00140837 0.00619631 0.0115742 0.0236633 -0.00869911
internal_weight=8.10837e+07 7.70499e+07 4.03382e+06 281512 18419.8 3.7523e+06 1.93267e+06 646551 263092 1.28612e+06 418320 331092 207411 123681
internal_count=61569377 57001005 4568372 217426 14024 4350946 2057464 645739 203402 1411725 426535 350796 195597 155199
is_linear=0
shrinkage=0.3


Tree=54
num_leaves=15
num_cat=0
split_feature=1 0 2 0 2 1 4 0 1 1 0 4 1 0
split_gain=127.961 265.125 243.402 192.073 507.072 446.203 408.365 617.287 504.742 393.737 363.946 444.439 448.984 305.942
threshold=0.080296449363231673 0.13330135494470599 0.011178920045495035 0.097505155950784697 0.097214210778474822 0.044171731919050224 3.5000000000000004 0.074236765503883376 0.054505163803696639 0.033501675352454192 0.1061365492641926 3.5000000000000004 0.060771346092224128 0.1654932647943497
decision_type=2 2 2 2 2 2 2 2 2 2 2 2 2 2
left_child=3 2 -2 6 5 -5 -1 9 -9 -8 -7 12 -12 -13
right_child=1 -3 -4 4 -6 10 7 8 -10 -11 11 13 -14 -15
leaf_value=-3.6363585850774628e-05 -0.04255934024933563 -0.0011479962188194206 0.0069619164307545209 0.0087306227476890864 0.015026084499199809 -0.0081391021698943977 0.026190704798067871 0.00071461925001412398 0.025053092826066617 0.092120320793755275 0.0099839488952390733 -0.0078942072457727358 -0.0013824532315639046 0.0038642131299574511
leaf_weight=74367667.580662578 9032.2365748286247 848922.86590826511 810660.38066011667 290974.77637350559 151922.45981919765 1080629.4717078209 43859.429923892021 457386.04119932652 92135.512794613838 10013.754728019238 429744.32194620371 1084439.7289122343 1149091.5587316155 243951.80884850025
leaf_count=58393397 5848 325751 399713 134292 64645 572103 23304 247294 45976 4735 214930 497024 562229 78303
internal_value=-3.2089e-05 0.00256787 0.00641624 -8.67266e-05 -0.00200605 -0.00261078 2.67042e-05 0.00779973 0.00479533 0.0384455 -0.00343831 -0.001691 0.00171137 -0.00573484
internal_weight=8.10704e+07 1.66862e+06 819693 7.94018e+07 4.43075e+06 4.27883e+06 7.49711e+07 603395 549522 53873.2 3.98786e+06 2.90723e+06 1.57884e+06 1.32839e+06
internal_count=61569544 731312 405561 60838232 2123526 2058881 58714706 321309 293270 28039 1924589 1352486 777159 575327
is_linear=0
shrinkage=0.3


Tree=55
num_leaves=15
num_cat=0
split_feature=3 0 1 1 0 1 1 2 2 0 1 4 0 1
split_gain=114.584 915.149 1038.59 900.86 468.155 335.274 584.641 445.863 317.694 879.81 637.679 519.238 340.207 427.638
threshold=24.000000000000004 0.023192874155938629 0.01588463876396418 0.031497333198785789 0.018439772538840774 0.050597930327057845 0.046727640554308898 0.062500134110450759 0.029845309443771843 0.046641621738672263 0.037938361987471587 1.5000000000000002 0.03697029501199723 0.026745173148810867
decision_type=2 2 2 2 2 2 2 2 2 2 2 2 2 2
left_child=1 2 4 -4 -1 6 -2 -7 -3 10 12 -12 13 -10
right_child=5 8 3 -5 -6 7 -8 -9 9 -11 11 -13 -14 -15
leaf_value=0.0054789010395969954 -0.00030506863283480065 0.0012489884813463596 0.014939328520713219 -0.010141247661101523 -0.012322584392335557 -0.0035220454583691631 0.004814736871757091 0.0030943830764139039 -0.0094289760966293455 0.00047709102120883446 -0.001044911820636973 0.018527237633171333 -0.010112583347172391 -0.00034491780778819845
leaf_weight=250428.43817072362 39429751.029261328 11541835.864204258 1066104.5143919587 146617.66656643152 283452.46874320507 5294527.8076285124 2115035.5998101532 1108557.6412705779 777908.44030052423 14524703.224181235 1829452.6715622544 130707.99631333351 1403518.9109030962 1164711.0858620405
leaf_count=203985 35033452 7872455 905111 110492 274603 3335982 1440832 632483 599670 8069863 1186906 79496 981729 842439
internal_value=-5.94327e-05 0.000369712 0.00705324 0.0119071 -0.00397241 -0.00035586 -4.44205e-05 -0.00237655 -2.37609e-06 -0.000730682 -0.00403667 0.000260204 -0.00655377 -0.00398257
internal_weight=8.10673e+07 3.31194e+07 1.7466e+06 1.21272e+06 533881 4.79479e+07 4.15448e+07 6.40309e+06 3.13728e+07 1.9831e+07 5.3063e+06 1.96016e+06 3.34614e+06 1.94262e+06
internal_count=61569498 21126749 1494191 1015603 478588 40442749 36474284 3968465 19632558 11760103 3690240 1266402 2423838 1442109
is_linear=0
shrinkage=0.3


Tree=56
num_leaves=15
num_cat=0
split_feature=0 1 4 1 0 0 3 2 2 2 2 0 1 2
split_gain=181.351 529.641 512.186 511.581 506.232 500.692 751.483 461.076 513.507 747.62 376.725 464.926 421.28 712.291
threshold=0.060962252318859107 0.033859223127365119 2.5000000000000004 0.038139870390295989 0.085804063826799407 0.022008107975125316 40.000000000000007 0.056648414582014091 1.0000000180025095e-35 0.0065365158952772626 0.040926272049546249 0.04249252192676068 0.043128140270709998 0.029543444514274601
decision_type=2 2 2 2 2 2 2 2 2 2 2 2 2 2
left_child=3 2 4 -1 -2 6 -5 8 -8 -10 12 -12 -7 -14
right_child=1 -3 -4 5 -6 10 7 -9 9 -11 11 -13 13 -15
leaf_value=-0.00045336342754066848 0.011333197185738031 -0.0013465702680186915 -0.0013282428657081546 -0.022162554044006078 0.083410143780421678 0.0061269563967302617 0.031469254964434881 0.0069831221441627143 -0.052608061151700108 -0.0032730824175838638 0.0029906335779612387 -0.0018214593720611431 -0.0021393237071103046 0.0048381642102115043
leaf_weight=44314380.576207221 483521.76406943798 17497165.735194862 454065.94842791557 163659.79129600525 8931.999510884285 3202301.7911719978 37411.695677101612 496152.42493098974 28081.377930566669 1778224.4333050549 3443502.7166724801 3802258.2918254137 2346585.0382156074 3000329.2722782493
leaf_count=39100628 318907 9519061 266360 124779 4487 2275749 33200 352733 37388 1416467 2236096 2289102 1637402 1957387
internal_value=-0.000145869 -0.000972658 0.0059394 9.76753e-05 0.0126405 0.00143215 -0.00250953 -0.00113492 -0.00331952 -0.00404006 0.00205692 0.000465458 0.00340573 0.00177597
internal_weight=8.10566e+07 1.84437e+07 946520 6.26129e+07 492454 1.82985e+07 2.50353e+06 2.33987e+06 1.84372e+06 1.80631e+06 1.5795e+07 7.24576e+06 8.54922e+06 5.34691e+06
internal_count=61569746 10108815 589754 51460931 323394 12360303 1964567 1839788 1487055 1453855 10395736 4525198 5870538 3594789
is_linear=0
shrinkage=0.3


Tree=57
num_leaves=15
num_cat=0
split_feature=1 0 1 2 3 3 0 3 2 2 0 2 2 0
split_gain=131.187 257.302 399.006 402.452 353.997 306.271 275.839 262.526 1194.92 411.156 257.629 254.266 456.833 486.565
threshold=0.010915465187281372 0.0050735124386847028 0.023777268826961521 0.030133804306387905 88.000000000000014 360.00000000000006 0.0034172349842265253 120.00000000000001 0.04204938933253289 0.011178920045495035 0.0002027334339800291 0.054352393373847015 0.02520281728357077 0.001153624209109694
decision_type=2 2 2 2 2 2 2 2 2 2 2 2 2 2
left_child=-1 2 3 6 -4 11 -2 -3 9 -9 -5 12 -6 -14
right_child=1 7 4 10 5 -7 -8 8 -10 -11 -12 -13 13 -15
leaf_value=-0.0020753143770621046 -0.00078517576376577333 5.7734280513480154e-05 -0.071576594499826118 -0.0053134849639851671 0.004308545689799651 -0.088353169079056798 0.0058605545375737212 -0.031925496473962943 0.011711038170222845 -0.0087149737383959286 0.0077500375800941997 0.0069856510641820146 -0.033882908236340707 -0.0060330469530071778
leaf_weight=2468981.0753632635 2029091.0488025248 71585745.10921675 6654.3059435486794 147417.90340152383 390290.87021678686 3704.0357876569033 777476.04688578844 76571.789899528027 286053.17732945085 667105.66775882244 1734090.9766981006 234733.56556746364 61992.70886105299 632558.16115570068
leaf_count=2837604 2382316 51410926 7046 179114 444727 6254 835350 92299 222602 615623 1690158 210064 70182 582458
internal_value=7.7937e-05 0.000145546 0.00203062 0.00333169 -0.00255573 -0.00220865 0.00105583 -1.06791e-05 -0.0047667 -0.0111048 0.0067265 -0.00196684 -0.00390394 -0.00851881
internal_weight=8.11025e+07 7.86335e+07 6.01801e+06 4.68808e+06 1.32993e+06 1.32328e+06 2.80657e+06 7.26155e+07 1.02973e+06 743677 1.88151e+06 1.31958e+06 1.08484e+06 694551
internal_count=61586723 58749119 6407669 5086938 1320731 1313685 3217666 52341450 930524 707922 1869272 1307431 1097367 652640
is_linear=0
shrinkage=0.3


Tree=58
num_leaves=15
num_cat=0
split_feature=0 0 0 1 4 2 2 1 1 2 3 2 0 1
split_gain=131.978 431.201 303.012 453.368 294.081 260.588 237.397 212.233 206.758 431.614 283.551 249.894 208.685 491.018
threshold=0.060962252318859107 0.057832235470414169 0.062360262498259551 0.031837496906518943 2.5000000000000004 0.043025327846407897 0.059285486117005355 0.034539725631475456 0.059534655883908279 0.019732115790247921 72.000000000000014 0.062500134110450759 0.029040736146271232 0.032660223543643958
decision_type=2 2 2 2 2 2 2 2 2 2 2 2 2 2
left_child=1 4 -2 5 8 -4 7 -6 12 -10 11 -11 -1 -14
right_child=2 -3 3 -5 6 -7 -8 -9 9 10 -12 -13 13 -15
leaf_value=0.00040880236897961693 -0.0065348792468597622 0.0046855282211348557 0.0045408913710741098 -0.0007196220351148771 0.0041116911884162667 0.020215320098722855 0.044267663822199106 0.035357328366832266 -0.015548487307679642 0.0037303952316695538 -0.0060961707998203147 0.013041136746034486 -0.0026387901314916516 0.00024449035046064503
leaf_weight=35267814.630792245 767010.80268222094 1883985.4436654449 440987.30729985237 17111583.402454495 140233.97861617804 121829.96085476875 18573.971878528595 22737.067911684513 102694.23108884692 1053812.5008630753 198426.94799274206 344164.28164315224 8088094.5052006841 15508403.380172968
leaf_count=32290770 480395 1192726 280182 9281932 90782 66236 9347 13083 78902 638146 134901 192674 6294410 10524599
internal_value=8.00304e-06 0.00021571 -0.000697392 -0.000444064 7.70802e-05 0.00793385 0.0121333 0.00847096 4.09403e-05 0.00330354 0.00451627 0.00602258 -5.32337e-05 -0.000743802
internal_weight=8.10704e+07 6.26289e+07 1.84414e+07 1.76744e+07 6.0745e+07 562817 181545 162971 6.05634e+07 1.6991e+06 1.5964e+06 1.39798e+06 5.88643e+07 2.35965e+07
internal_count=61569085 51460340 10108745 9628350 50267614 346418 113212 103865 50154402 1044623 965721 830820 49109779 16819009
is_linear=0
shrinkage=0.3


Tree=59
num_leaves=15
num_cat=0
split_feature=3 0 1 0 2 2 2 1 1 0 1 1 2 2
split_gain=73.1367 300.914 259.371 254.832 229.984 211.527 365.383 256.169 221.668 205.567 257.271 198.007 303.218 326.56
threshold=280.00000000000006 7.1942773502087234e-05 0.01312046777456999 0.0002027334339800291 0.027219067327678207 0.04841295816004277 0.02225148864090443 0.034539725631475456 0.017041440121829513 0.00038987054722383624 0.021236494183540348 0.0088431136682629603 0.027363774366676811 0.0095046884380280989
decision_type=2 2 2 2 2 2 2 2 2 2 2 2 2 2
left_child=3 11 -3 4 -1 6 7 -4 -8 -10 -11 12 13 -2
right_child=1 2 5 -5 -6 -7 8 -9 9 10 -12 -13 -14 -15
leaf_value=-0.00079590475294568969 0.0037369581915886996 0.018601803015142419 0.015838096931741562 1.3315273949748122e-05 -0.024737855927934344 0.02147647107636956 -0.0017011214445469085 -0.12216096471555704 -0.044331768395126807 0.094704686333875229 -0.026645021322982208 -0.0092066246122038502 0.012902239981311528 -0.017321420969673568
leaf_weight=73253.051245212555 194579.32811403275 159716.81763261557 64570.979745939374 79937520.197508201 71213.670057237148 39705.439007401466 40811.771444827318 1233.7772393226624 30618.237240165472 2301.5941470861435 4962.7724653184414 195391.81471960247 156430.87765854597 100511.05644924939
leaf_count=100642 231651 196509 91759 60069104 86983 44287 47542 2258 38916 2142 5977 277238 221824 152240
internal_value=2.22594e-05 0.0025839 0.00975417 -9.43516e-06 -0.0125979 0.00208272 -0.00324629 0.0132507 -0.0170412 -0.0335674 0.0118026 -0.00122806 0.00222459 -0.00343576
internal_weight=8.10728e+07 990834 343921 8.0082e+07 144467 184205 144499 65804.8 78694.4 37882.6 7264.37 646913 451521 295090
internal_count=61569072 1312343 429390 60256729 187625 232881 188594 94017 94577 47035 8119 882953 605715 383891
is_linear=0
shrinkage=0.3


end of trees

feature_importances:
ema128=233
mem_cur_state=220
ema32=219
tok_since_hit=92
hits16=76

parameters:
[boosting: gbdt]
[objective: tweedie]
[metric: tweedie]
[tree_learner: serial]
[device_type: cpu]
[data_sample_strategy: bagging]
[data: ]
[valid: ]
[num_iterations: 60]
[learning_rate: 0.3]
[num_leaves: 15]
[num_threads: 32]
[seed: 0]
[deterministic: 0]
[force_col_wise: 0]
[force_row_wise: 0]
[histogram_pool_size: -1]
[max_depth: -1]
[min_data_in_leaf: 500]
[min_sum_hessian_in_leaf: 0.001]
[bagging_fraction: 0.5]
[pos_bagging_fraction: 1]
[neg_bagging_fraction: 1]
[bagging_freq: 1]
[bagging_seed: 3]
[bagging_by_query: 0]
[feature_fraction: 0.9]
[feature_fraction_bynode: 1]
[feature_fraction_seed: 2437]
[extra_trees: 0]
[extra_seed: 11797]
[early_stopping_round: 0]
[early_stopping_min_delta: 0]
[first_metric_only: 0]
[max_delta_step: 0]
[lambda_l1: 0]
[lambda_l2: 0]
[linear_lambda: 0]
[min_gain_to_split: 0]
[drop_rate: 0.1]
[max_drop: 50]
[skip_drop: 0.5]
[xgboost_dart_mode: 0]
[uniform_drop: 0]
[drop_seed: 21238]
[top_rate: 0.2]
[other_rate: 0.1]
[min_data_per_group: 100]
[max_cat_threshold: 32]
[cat_l2: 10]
[cat_smooth: 10]
[max_cat_to_onehot: 4]
[top_k: 20]
[monotone_constraints: ]
[monotone_constraints_method: basic]
[monotone_penalty: 0]
[feature_contri: ]
[forcedsplits_filename: ]
[refit_decay_rate: 0.9]
[cegb_tradeoff: 1]
[cegb_penalty_split: 0]
[cegb_penalty_feature_lazy: ]
[cegb_penalty_feature_coupled: ]
[path_smooth: 0]
[interaction_constraints: ]
[verbosity: -1]
[saved_feature_importance_type: 0]
[use_quantized_grad: 0]
[num_grad_quant_bins: 4]
[quant_train_renew_leaf: 0]
[stochastic_rounding: 1]
[linear_tree: 0]
[max_bin: 255]
[max_bin_by_feature: ]
[min_data_in_bin: 3]
[bin_construct_sample_cnt: 200000]
[data_random_seed: 38]
[is_enable_sparse: 1]
[enable_bundle: 1]
[use_missing: 1]
[zero_as_missing: 0]
[feature_pre_filter: 1]
[pre_partition: 0]
[two_round: 0]
[header: 0]
[label_column: ]
[weight_column: ]
[group_column: ]
[ignore_column: ]
[categorical_feature: ]
[forcedbins_filename: ]
[precise_float_parser: 0]
[parser_config_file: ]
[objective_seed: 8855]
[num_class: 1]
[is_unbalance: 0]
[scale_pos_weight: 1]
[sigmoid: 1]
[boost_from_average: 1]
[reg_sqrt: 0]
[alpha: 0.9]
[fair_c: 1]
[poisson_max_delta_step: 0.7]
[tweedie_variance_power: 1.5]
[lambdarank_truncation_level: 30]
[lambdarank_norm: 1]
[label_gain: ]
[lambdarank_position_bias_regularization: 0]
[eval_at: ]
[multi_error_top_k: 1]
[auc_mu_weights: ]
[num_machines: 1]
[local_listen_port: 12400]
[time_out: 120]
[machine_list_filename: ]
[machines: ]
[gpu_platform_id: -1]
[gpu_device_id: -1]
[gpu_device_id_list: ]
[gpu_use_dp: 0]
[num_gpu: 1]

end of parameters

pandas_categorical:null
