tree
version=v4
num_class=1
num_tree_per_iteration=1
label_index=0
max_feature_idx=8
objective=poisson
feature_names=layer jf rec c16 c64 c256 c1024 haz prior
feature_infos=-1:1:4:2:0:3:6:5:10:7:8:9:21:11:12:22:23:20:13:24:25:14:74:26:70:19:72:67:73:71:27:44:39:45:43:69:62:46:38:63:36:41:35:42:49:66:56:47:59:50:65:60:68:15:37:16:54:31:34:64:61:40:58:18:51:33:52:57:32:55:48:53:28:17:30 [0.007167816162109375:395.25] [-8192:-1] [0:16] [0:64] [0:250] [0:969] [-1000:-0.00086843245662748814] [-4.3571114540100098:-0.0055512967519462109]
tree_sizes=3516 3639 3643 3672 3670 3670 3687 3708 3690 3736 3734 3757 3751 3762 3728 3770 3780 3766 3774 3777 3799 3789 3797 3784 3783 3792 3796 3793 3758 3816 3826 3794 3821 3782 3788 3795 3806 3822 3817 3806 3791 3794 3790 3812 3797 3814 3778 3841 3829 3855 3851 3838 3803 3800 3785 3769 3846 3828 3862 3861 3889 3875 3859 3872 3824 3802 3852 3885 3838 3899 3870 3859 3884 3916 3861 3783 3874 3851 3831 3920

Tree=0
num_leaves=31
num_cat=0
split_feature=5 5 5 1 5 4 3 3 5 4 1 6 6 4 5 5 6 6 3 6 3 6 2 6 6 3 4 4 1 4
split_gain=8.10282e+07 3.00874e+07 1.82166e+07 7.16452e+06 6.76903e+06 2.88257e+06 2.53482e+06 1.79664e+06 1.54698e+06 1.33958e+06 789373 721524 712885 664490 655401 576799 561257 558121 543277 434776 361017 329127 295823 288354 257361 253095 252066 251490 238882 212486
threshold=57.500000000000007 13.500000000000002 122.50000000000001 0.71557617187500011 28.500000000000004 44.500000000000007 5.5000000000000009 2.5000000000000004 6.5000000000000009 6.5000000000000009 0.31311035156250006 66.500000000000014 260.50000000000006 15.500000000000002 85.500000000000014 196.50000000000003 44.500000000000007 126.50000000000001 4.5000000000000009 86.500000000000014 1.5000000000000002 129.50000000000003 -24.499999999999996 26.500000000000004 626.50000000000011 4.5000000000000009 12.500000000000002 3.5000000000000004 19.726562500000004 2.5000000000000004
decision_type=2 2 2 2 2 2 2 2 2 2 2 2 2 2 2 2 2 2 2 2 2 2 2 2 2 2 2 2 2 2
left_child=1 3 6 10 9 18 12 17 23 11 -1 29 20 21 -8 -7 27 22 -4 25 -2 -9 -6 -5 -20 -11 -14 -10 -15 -3
right_child=2 4 5 8 7 15 14 13 16 19 -12 -13 26 28 -16 -17 -18 -19 24 -21 -22 -23 -24 -25 -26 -27 -28 -29 -30 -31
leaf_value=0.6306973883770759 0.95074040843241581 0.71400376515078368 1.474194901378719 0.66742978348934923 0.76898645186370418 2.1858414251057252 1.3109864799051891 0.90904858242942588 0.69295149552641155 0.78906386916994897 0.65371814788983396 0.78592142990166414 1.1177812366898821 1.0506773436135848 1.5594999813751653 2.5801384550157196 0.73262417076043729 0.92270610905888117 1.8075538344927975 0.88353110429683013 1.1191000942910549 1.0228854009296093 0.85274021124441612 0.68860664791491266 2.0944215220496014 0.87148333965625735 1.336634956379279 0.71827310696387348 1.2242096798045887 0.74599926849285336
leaf_weight=74011055.320739746 478178.30968856812 7645845.2822914124 92596.113765716553 42398052.410274506 1373327.7933807373 172223.13258361816 550367.56339263916 1723990.0793190002 33641093.614818573 6495260.9648208618 61248806.879550934 8469825.7778892517 180439.57817077637 850026.14879608154 421750.66167449951 161992.8529586792 15512460.464851379 1974041.209854126 277694.36190795898 1711504.3059196472 715179.78531646729 854792.2234916687 3070037.1168251038 21960772.449939728 94247.457962036133 962545.80263137817 344446.2653503418 11963546.909446716 225925.38818359375 11999943.561763763
leaf_count=1285072 5574 195557 1127 1517184 18111 2138 6760 21139 1201595 104169 2148423 130722 2175 10318 5224 2011 382686 23766 3445 21126 8723 10458 38329 732974 1170 12340 4248 376409 2751 274276
internal_value=0.693188 0.685048 1.41198 0.66507 0.795037 2.04101 1.22523 0.904148 0.690886 0.765562 0.641122 0.749325 1.11572 0.988096 1.4188 2.37696 0.707978 0.856339 1.79931 0.815349 1.05164 0.946782 0.826854 0.674656 1.88024 0.799701 1.2614 0.699594 1.08712 0.733547
internal_weight=3.11582e+08 3.08093e+08 3.48912e+06 2.60736e+08 4.73571e+07 798754 2.69036e+06 1.00721e+07 1.25476e+08 3.72849e+07 1.3526e+08 2.81156e+07 1.71824e+06 3.65473e+06 972118 334216 6.11171e+07 6.41741e+06 464538 9.16931e+06 1.19336e+06 2.57878e+06 4.44336e+06 6.43588e+07 371942 7.45781e+06 524886 4.56046e+07 1.07595e+06 1.96458e+07
internal_count=8550000 8507405 42595 7644343 863062 9891 32704 124872 4210848 738190 3433495 600555 20720 44666 11984 4149 1960690 80206 5742 137635 14297 31597 56440 2250158 4615 116509 6423 1578004 13069 469833
is_linear=0
shrinkage=1


Tree=1
num_leaves=31
num_cat=0
split_feature=5 5 4 1 6 6 1 4 4 4 2 6 1 1 6 6 6 5 4 4 5 1 6 1 2 2 6 2 5 6
split_gain=4.23651e+07 1.016e+07 7.62161e+06 1.91353e+06 1.7076e+06 1.33015e+06 934984 619802 488026 447536 348823 304713 265774 228842 225447 217481 203236 198986 200133 158276 156132 113820 113314 100671 97625 90356.3 90156.5 87876.9 85455 84120
threshold=19.500000000000004 5.5000000000000009 12.500000000000002 0.48278808593750006 42.500000000000007 109.50000000000001 12.058593750000002 3.5000000000000004 3.5000000000000004 3.5000000000000004 -25.499999999999996 20.500000000000004 0.21063232421875003 0.88793945312500011 182.50000000000003 113.50000000000001 72.500000000000014 196.50000000000003 24.500000000000004 7.5000000000000009 33.500000000000007 1.6772460937500002 199.50000000000003 1.8276367187500002 -13.499999999999998 -49.499999999999993 64.500000000000014 -34.499999999999993 122.50000000000001 28.500000000000004
decision_type=2 2 2 2 2 2 2 2 2 2 2 2 2 2 2 2 2 2 2 2 2 2 2 2 2 2 2 2 2 2
left_child=1 3 5 12 7 9 15 13 21 23 -7 25 -1 -3 -12 -4 -10 18 22 -9 24 -6 -8 -2 -11 -5 -23 -13 -20 -15
right_child=2 4 6 11 8 10 17 19 16 20 14 27 -14 29 -16 -17 -18 -19 28 -21 -22 26 -24 -25 -26 -27 -28 -29 -30 -31
leaf_value=-0.06528285760225154 0.015343075037554322 -0.021343245364426496 0.16424858134072201 -0.039316790739378556 0.013995896757645622 0.098483021592438338 0.23759517628971855 0.020857039931345325 0.054691725252316949 0.072865008671928258 0.16310002278285396 -0.01982257601121596 -0.049326283967868957 -0.0066706324506131866 0.23425076073412612 0.23490986380737319 0.098778640135882737 0.22899059309927489 0.34780615136568527 0.063735177651109406 0.1389060332914055 0.028093850475917188 0.29887288062689693 0.061203233835081347 0.10316609628022004 -0.025661572898399824 0.053212207591212139 -0.0029328839360964571 0.30046868146195954 0.0071850652342504567
leaf_weight=48785830.681900024 1533448.3360185623 15374642.665724754 2145569.5476036072 25317586.209914207 7893239.674372673 1446983.9751853943 1408798.4266815186 16240905.995979309 10537370.703017235 3625635.0933151245 3812636.5536718369 20129608.513061523 45289446.404299736 19791501.584638596 1359221.2307891846 1804082.8184299469 3028953.6362495422 1123196.9484558105 1541168.1980361938 2199279.858921051 1961750.7319545746 9764105.3941965103 1310697.759765625 3618227.3940935135 7033195.1850271225 19149698.864570618 4793531.6172513962 10571356.587398529 1935800.6580657959 19644316.077482224
leaf_count=738748 44580 701064 20704 841330 344326 14818 11658 504838 217367 48220 37651 715294 1322674 688969 12128 15092 40011 2194 9610 37545 19788 153778 8717 39604 91445 751231 58903 410284 6721 640708
internal_value=-0.000614026 -0.0203239 0.153322 -0.0433439 0.0153316 0.106186 0.255343 0.00218275 0.0420733 0.0848088 0.163585 -0.0255007 -0.0576011 -0.00582044 0.181799 0.196525 0.064535 0.287081 0.29761 0.0259709 0.100017 0.0285004 0.267129 0.0475525 0.0928591 -0.0334362 0.0363648 -0.0140069 0.321451 0.00023136
internal_weight=3.14172e+08 2.78511e+08 3.56604e+07 1.69244e+08 1.09268e+08 2.43911e+07 1.12693e+07 7.32506e+07 3.60172e+07 1.77723e+07 6.61884e+06 7.51683e+07 9.40753e+07 5.48105e+07 5.17186e+06 3.94965e+06 1.35663e+07 7.31966e+06 6.19647e+06 1.84402e+07 1.26206e+07 2.24509e+07 2.7195e+06 5.15168e+06 1.06588e+07 4.44673e+07 1.45576e+07 3.0701e+07 3.47697e+06 3.94358e+07
internal_count=8550000 8167070 382930 4779561 3387509 308234 74696 2573124 814385 243637 64597 2718139 2061422 2030741 49779 35796 257378 38900 36706 542383 159453 557007 20375 84184 139665 1592561 212681 1125578 16331 1329677
is_linear=0
shrinkage=0.15


Tree=2
num_leaves=31
num_cat=0
split_feature=5 1 5 5 1 1 1 6 4 2 6 4 3 6 6 6 4 2 3 6 2 5 6 3 4 1 5 1 6 2
split_gain=3.18402e+07 7.29844e+06 5.7644e+06 1.47778e+06 912946 870904 721099 420555 307805 301998 296981 240162 220779 212437 168744 164663 133776 123958 119962 113283 93581.6 86394.2 86177 78011.7 72692 70326.3 67553.9 62703.3 61741.2 56332.9
threshold=15.500000000000002 0.76098632812500011 36.500000000000007 7.5000000000000009 0.31311035156250006 4.2285156250000009 9.2460937500000018 51.500000000000007 9.5000000000000018 -29.499999999999996 27.500000000000004 6.5000000000000009 1.5000000000000002 13.500000000000002 61.500000000000007 94.500000000000014 1.5000000000000002 -4.4999999999999991 1.5000000000000002 3.5000000000000004 -21.499999999999996 196.50000000000003 32.500000000000007 5.5000000000000009 7.5000000000000009 1.3833007812500002 3.5000000000000004 3.3525390625000004 224.50000000000003 -7.4999999999999991
decision_type=2 2 2 2 2 2 2 2 2 2 2 2 2 2 2 2 2 2 2 2 2 2 2 2 2 2 2 2 2 2
left_child=1 4 5 10 19 9 11 12 15 25 16 27 22 -6 -11 -7 -3 28 -9 -1 -12 -19 -5 -10 -14 -2 -15 -4 -8 -13
right_child=2 3 6 7 13 8 17 18 23 14 20 29 24 26 -16 -17 -18 21 -20 -21 -22 -23 -24 -25 -26 -27 -28 -29 -30 -31
leaf_value=-0.06642777709037137 -0.0012682625816006717 -0.026449935874214112 0.041500381730251494 0.00044149235880628035 -0.044045803695526423 0.071218125441399452 0.14957472285503215 0.035376205893574278 0.12015579230130673 0.04802949193033787 -0.0064735480274612164 0.12642666666791041 0.028954717859804517 -0.03423859437825949 0.078326751495385205 0.11078924826051358 -0.0089444254302566816 0.20785116541679935 0.071185330010763465 -0.053852781824226495 0.01300160403264513 0.16703401764505141 0.014542549318982696 0.16858191506602124 0.071129020835267398 0.033139095121316395 -0.020004571618337432 0.10175979974039812 0.19099696952636699 0.16232619990805411
leaf_weight=36819395.846203804 1827804.580830574 29156867.346700668 601285.42004489899 19465178.574825287 32207746.786188126 7542112.8684215546 1879939.5928039551 10839096.291879654 3106400.8215103149 9400395.7858915329 17151053.378204346 1668277.1146450043 7495607.633441925 13862436.226246834 7386165.2647476196 3447577.6787719727 14812115.76762104 7464602.1220779419 2612238.8506240845 28669959.008986473 8208451.4674453735 1382918.5625915527 19540887.870064735 986079.25741958618 1048127.5640125275 4973413.198220253 16350509.415487289 1098043.3492431641 1422092.8969421387 2395933.1422233582
leaf_count=515128 63829 1066079 6394 659764 1065907 73805 13186 216711 26573 188424 549681 13197 222520 549366 98172 30539 575980 33507 44463 770397 281055 2139 578812 7750 16880 66191 779871 8781 7157 17742
internal_value=-0.000766767 -0.0230962 0.101143 0.00188571 -0.0485507 0.0685572 0.171487 0.0189136 0.0967087 0.050557 -0.0130969 0.127791 0.0122893 -0.0355704 0.0613604 0.083632 -0.0205527 0.192215 0.0423303 -0.0609227 -0.000169764 0.201471 0.00750571 0.131824 0.0341286 0.0238922 -0.0265355 0.0804378 0.167414 0.14759
internal_weight=3.14823e+08 2.5824e+08 5.6583e+07 1.3033e+08 1.2791e+08 3.86699e+07 1.79131e+07 6.10011e+07 1.50822e+07 2.35878e+07 6.93285e+07 5.76354e+06 4.75498e+07 6.24207e+07 1.67866e+07 1.09897e+07 4.3969e+07 1.21496e+07 1.34513e+07 6.54894e+07 2.53595e+07 8.84752e+06 3.90061e+07 4.09248e+06 8.54374e+06 6.80122e+06 3.02129e+07 1.69933e+06 3.30203e+06 4.06421e+06
internal_count=8550000 7892614 657386 4211945 3680669 555283 102103 1739150 138667 416616 2472795 46114 1477976 2395144 286596 104344 1642059 55989 261174 1285525 830736 35646 1238576 34323 239400 130020 1329237 15175 20343 30939
is_linear=0
shrinkage=0.15


Tree=3
num_leaves=31
num_cat=0
split_feature=5 1 4 6 5 1 6 6 2 4 6 1 6 4 6 2 5 1 6 6 2 2 3 6 2 3 1 3 4 5
split_gain=2.53228e+07 5.3467e+06 4.94794e+06 1.02931e+06 983899 574870 563853 347846 276826 222624 195539 171086 145514 145220 136851 124624 122117 82792.5 73344.1 72452.3 72161.8 69471.5 68969 60006.2 59075.4 57302.7 42934.2 40040.1 39373.3 38301.6
threshold=12.500000000000002 0.61938476562500011 9.5000000000000018 76.500000000000014 5.5000000000000009 0.26135253906250006 147.50000000000003 36.500000000000007 -25.499999999999996 2.5000000000000004 22.500000000000004 6.6582031250000009 136.50000000000003 2.5000000000000004 11.500000000000002 -21.499999999999996 20.500000000000004 1.2143554687500002 62.500000000000007 3.5000000000000004 -39.499999999999993 -8.4999999999999982 8.5000000000000018 51.500000000000007 -50.499999999999993 2.5000000000000004 2.9150390625000004 1.5000000000000002 5.5000000000000009 2.5000000000000004
decision_type=2 2 2 2 2 2 2 2 2 2 2 2 2 2 2 2 2 2 2 2 2 2 2 2 2 2 2 2 2 2
left_child=1 5 3 8 10 19 11 13 17 26 20 21 27 -6 -7 -9 23 -2 28 -1 -3 -4 -13 -10 -12 -15 -5 -11 -17 -16
right_child=2 4 6 9 7 14 -8 15 16 12 24 22 -14 25 29 18 -18 -19 -20 -21 -22 -23 -24 -25 -26 -27 -28 -29 -30 -31
leaf_value=-0.066359952201094863 -0.0065764598213809821 -0.032961069191234982 0.065383982099384091 0.029462045877418443 -0.0084436469949257589 -0.047039248541614113 0.14987426304261961 0.010130348741149467 0.030425834697734373 0.070274956888032925 -0.01660681765109635 0.11597379929006171 0.11494893873734469 0.0057467583943882541 -0.038698162387765064 0.022168685010655758 0.06020866065966364 0.022329962795627979 0.055011571814833023 -0.054906996438325695 -0.018946645690365822 0.099092552477522258 0.16401598039472848 0.047622221479824429 -0.0014418828565664382 0.031767055159739134 0.060812797576684716 0.089758775703346894 0.052578963498787636 -0.02669941345824188
leaf_weight=32588847.790886879 2863571.9518661499 20278085.118414879 2258868.8413734436 1750146.969417572 27890910.930208206 27655980.347167969 12816034.981941223 14049717.043963432 12397869.434916496 5701362.9949064255 12171779.311580658 4937042.564201355 3268518.6520442963 15416344.017941475 10221506.986794472 9306199.4973287582 6703246.1331682205 10066391.880351067 2280092.2248010635 20089016.059736252 13956561.60266304 3518289.9847841263 778339.87817382812 7227158.8813791275 11005831.204586029 2172667.8581771851 2241841.6191396713 4065375.588306427 1067875.6683750153 14445246.776200294
leaf_count=473271 115915 737931 20509 28132 1072124 874593 45874 378604 293077 56332 425492 32464 22984 551891 382648 272428 81295 165490 39903 535374 576693 30486 3859 122184 415894 59246 18235 37190 21514 658368
internal_value=-0.000852842 -0.025773 0.0716859 0.047261 -0.00538978 -0.0509309 0.128241 0.00626631 0.033902 0.0780616 -0.0200449 0.104116 0.0875532 -0.00171257 -0.0397944 0.0198553 0.0427291 0.0159281 0.0306528 -0.0619923 -0.0272478 0.0859125 0.122516 0.0367586 -0.00940579 0.00896089 0.0470682 0.078385 0.025299 -0.0316715
internal_weight=3.15191e+08 2.34597e+08 8.05941e+07 5.62855e+07 1.29596e+08 1.05001e+08 2.43086e+07 7.21838e+07 3.92582e+07 1.70272e+07 5.74123e+07 1.14925e+07 1.30353e+07 4.54799e+07 5.23227e+07 2.67039e+07 2.63283e+07 1.293e+07 1.26542e+07 5.26779e+07 3.42346e+07 5.77716e+06 5.71538e+06 1.9625e+07 2.31776e+07 1.7589e+07 3.99199e+06 9.76674e+06 1.03741e+07 2.46668e+07
internal_count=8550000 7475974 1074026 940834 4551720 2924254 133192 2395710 777961 162873 2156010 87318 116506 1683261 1915609 712449 496556 281405 333845 1008645 1314624 50995 36323 415261 841386 611137 46367 93522 293942 1041016
is_linear=0
shrinkage=0.15


Tree=4
num_leaves=31
num_cat=0
split_feature=5 1 1 6 5 5 1 4 6 2 6 4 4 6 2 4 4 1 2 6 6 2 4 6 1 4 5 2 1 6
split_gain=2.08213e+07 4.19185e+06 4.07978e+06 753371 701084 550288 445357 280988 267996 250899 143669 129062 117159 111408 106402 89752.4 83700.2 81869.4 59018.4 57602.1 56745.5 54999.7 54100.8 52662.5 51695.7 46050.7 49437.6 41072.4 39648.9 38393.1
threshold=10.500000000000002 5.9082031250000009 0.55346679687500011 59.500000000000007 4.5000000000000009 40.500000000000007 0.22955322265625003 5.5000000000000009 33.500000000000007 -18.499999999999996 16.500000000000004 7.5000000000000009 5.5000000000000009 9.5000000000000018 -18.499999999999996 1.5000000000000002 2.5000000000000004 1.1704101562500002 -2.4999999999999996 80.500000000000014 97.500000000000014 -2.4999999999999996 4.5000000000000009 2.5000000000000004 1.3725585937500002 44.500000000000007 122.50000000000001 -29.499999999999996 5.3378906250000009 96.500000000000014
decision_type=2 2 2 2 2 2 2 2 2 2 2 2 2 2 2 2 2 2 2 2 2 2 2 2 2 2 2 2 2 2
left_child=2 3 6 9 10 11 23 15 14 17 27 19 -11 -8 -6 -5 -10 -2 -7 -3 -9 -13 -16 -1 -12 -20 -27 -4 -18 -17
right_child=1 5 4 7 8 18 13 20 16 12 24 21 -14 -15 22 29 28 -19 25 -21 -22 -23 -24 -25 -26 26 -28 -29 -30 -31
leaf_value=-0.067078677666442335 -0.0071849751624059616 0.048835469611108316 -0.036474726149921498 0.022473082923616747 -0.012714281963631497 0.10619515910926305 -0.04897143467353373 0.063737605686663895 0.0060509270789564527 0.024432099328289877 -0.020767481517201494 0.08132653807617797 0.046631253396045728 -0.034449159595301683 -0.0014234568991928788 0.042876588795290667 0.021492389145751082 0.014945202489084009 0.12979201661818607 0.076020597210499377 0.086022354383999827 0.10960412956791797 0.021616097789957735 -0.056612945716860708 -0.0068328018565401247 0.1912308771833888 0.10402929018332145 -0.022462157416394457 0.062290132972246677 0.063042646304177663
leaf_weight=24782835.374783516 4982933.7025556564 3617881.8179931641 15763157.56912899 4325971.5008020401 28432379.487116814 8199157.4805221558 23318743.814980507 6796239.9880599976 17125736.930882454 15075824.624676704 17525381.119508743 4580278.2244491577 8290929.4980020523 24242346.299208641 14944581.803603172 8647900.3117923737 7945176.3367433548 15341501.730527878 7268912.1051940918 3403504.5501022339 4135361.5377998352 2337348.5796051025 2708839.228937149 19198117.60877037 9100961.5423669815 153647.46258544922 3051590.2360839844 6709893.734796524 574741.85221099854 2815849.3113355637
leaf_count=349088 218392 32975 567342 66961 1119443 36356 715546 67650 529936 397749 791711 31237 133040 1004267 625020 123114 219789 302629 24917 25809 28273 15008 82614 492381 235899 429 3795 277778 5593 25259
internal_value=-0.00090117 0.0544331 -0.0277445 0.0338416 -0.00964858 0.0988919 -0.0516303 0.0536814 -0.000195557 0.0217076 -0.0234589 0.0763396 0.0323087 -0.0415693 -0.00703505 0.0408829 0.0120952 0.00951956 0.115726 0.062013 0.0721678 0.0908811 0.00211186 -0.0625103 -0.0160046 0.123187 0.108209 -0.0322909 0.0242445 0.04783
internal_weight=3.15398e+08 1.03025e+08 2.12373e+08 7.04125e+07 1.20831e+08 3.26123e+07 9.1542e+07 2.67213e+07 7.17315e+07 4.36912e+07 4.90994e+07 1.3939e+07 2.33668e+07 4.75611e+07 4.60858e+07 1.57897e+07 2.56457e+07 2.03244e+07 1.86733e+07 7.02139e+06 1.09316e+07 6.91763e+06 1.76534e+07 4.3981e+07 2.66263e+07 1.04741e+07 3.20524e+06 2.24731e+07 8.51992e+06 1.14637e+07
internal_count=8550000 1533593 7016407 1363067 4455125 170526 2561282 311257 2582395 1051810 1872730 105029 530789 1719813 1827077 215334 755318 521021 65497 58784 95923 46245 707634 841469 1027610 29141 4224 845120 225382 148373
is_linear=0
shrinkage=0.15


Tree=5
num_leaves=31
num_cat=0
split_feature=5 5 1 5 1 1 6 6 3 2 2 6 6 6 4 1 2 1 1 1 1 4 6 4 6 6 1 1 6 6
split_gain=1.73559e+07 3.44809e+06 3.42053e+06 562426 512609 477363 370357 266999 188316 166805 150618 108167 100264 98402.9 97186.6 92605 72091 66260.3 64948 54000.3 51808.3 48013.8 43374.7 41001.5 38835.6 38371 35086.1 34018.5 32908.8 32688.1
threshold=9.5000000000000018 24.500000000000004 0.50854492187500011 3.5000000000000004 2.5947265625000004 7.6503906250000009 5.5000000000000009 30.500000000000004 2.5000000000000004 -40.499999999999993 -19.499999999999996 57.500000000000007 14.500000000000002 45.500000000000007 2.5000000000000004 19.726562500000004 -20.499999999999996 0.29406738281250006 0.16278076171875003 2.0556640625000004 7.6503906250000009 8.5000000000000018 50.500000000000007 44.500000000000007 36.500000000000007 19.500000000000004 1.2915039062500002 2.7939453125000004 103.50000000000001 165.50000000000003
decision_type=2 2 2 2 2 2 2 2 2 2 2 2 2 2 2 2 2 2 2 2 2 2 2 2 2 2 2 2 2 2
left_child=2 4 6 12 9 10 18 14 11 24 19 -6 -4 -11 25 29 -9 -8 -1 -3 -10 -12 -18 -17 -2 -5 -14 -16 -13 -7
right_child=1 5 3 7 8 15 17 16 20 13 21 28 26 -15 27 23 22 -19 -20 -21 -22 -23 -24 -25 -26 -27 -28 -29 -30 -31
leaf_value=-0.066032003927886607 -0.011042871723963999 0.009339931796183594 -0.035200332811087941 -0.020186354394207965 0.024734198696375841 0.076215760350308762 -0.048728373064848743 0.0012070490958919933 0.054423436270153107 0.012919318016230754 0.059084876019806248 0.03996798600879705 -0.023895199091466732 0.030615495129592874 -0.0028190286541297754 0.10641909370756239 0.011472895570257918 -0.035851178909211134 -0.05426920089539123 0.046315773586092811 0.086923259666657357 0.077348046895274455 0.03359456491610735 0.087949450144664029 0.0064448431205618535 -0.010354751513054435 -0.010858553707564623 0.020177920472285667 0.060226934754643371 0.092318274718232438
leaf_weight=25823720.613126755 5204742.5852460861 1147150.2609949112 16841809.913811684 17153485.492028236 15375865.111763 7339017.270362854 14833814.249982834 17479856.00660038 5305674.2195653915 18173846.688473701 6328244.3206396103 10503977.902338028 14496527.804755211 11572106.664473534 11091274.815649986 8893658.0187759399 8505253.7549791336 22824565.464221001 17870158.093808174 3944063.9334402084 1393473.3233337402 6634556.6560974121 2605096.6836709976 3886011.5072937012 6334897.8178052902 18634909.651170731 6835119.8115501404 1664493.8253231049 2178217.6207790375 4623464.8405303955
leaf_count=411743 181357 19473 624970 728006 146849 40799 488859 568256 44760 654415 51613 89130 646943 294695 473916 25335 288713 940353 475215 28345 9806 40911 58330 4618 174313 797423 188394 17788 16052 18620
internal_value=-0.000924804 0.0443331 -0.0282735 -0.0116572 0.0251652 0.0783918 -0.0518253 -0.00428746 0.0385876 0.0138652 0.059846 0.0331926 -0.0265487 0.0198037 -0.0110602 0.0919244 0.00721212 -0.0409236 -0.0612212 0.0379844 0.0611836 0.0684322 0.0166599 0.100803 -0.00144267 -0.0150671 -0.019718 0.000181832 0.0434475 0.0824393
internal_weight=3.15499e+08 1.18839e+08 1.9666e+08 1.15308e+08 7.60428e+07 4.27962e+07 8.13523e+07 7.71344e+07 3.47572e+07 4.12856e+07 1.8054e+07 2.80581e+07 3.81735e+07 2.9746e+07 4.85442e+07 2.47422e+07 2.85902e+07 3.76584e+07 4.36939e+07 5.09121e+06 6.69915e+06 1.29628e+07 1.11104e+07 1.27797e+07 1.15396e+07 3.57884e+07 2.13316e+07 1.27558e+07 1.26822e+07 1.19625e+07
internal_count=8550000 1841091 6708909 4392739 1611377 229714 2316170 2932432 306597 1304780 140342 252031 1460307 949110 2017133 89372 915299 1429212 886958 47818 54566 92524 347043 29953 355670 1525429 835337 491704 105182 59419
is_linear=0
shrinkage=0.15


Tree=6
num_leaves=31
num_cat=0
split_feature=5 1 5 6 1 4 6 4 4 4 1 4 6 8 1 6 1 6 2 6 1 6 1 8 2 2 2 5 4 1
split_gain=1.46207e+07 3.22557e+06 2.53087e+06 512147 378806 369865 362086 196551 174004 163541 122873 101647 92727 78166.5 66564 64148.5 62338.3 62073.8 58050.2 51816.6 50891.8 49545.5 45530.5 41446.7 34123 34034 31578 30995.5 28665.7 27059
threshold=9.5000000000000018 0.50219726562500011 23.500000000000004 23.500000000000004 1.9946289062500002 10.500000000000002 5.5000000000000009 1.5000000000000002 5.5000000000000009 1.5000000000000002 2.5087890625000004 1.5000000000000002 55.500000000000007 -0.54574802517890919 0.14886474609375003 47.500000000000007 0.26818847656250006 167.50000000000003 -3.4999999999999996 148.50000000000003 1.3725585937500002 39.500000000000007 1.3403320312500002 -0.70839497447013844 -70.499999999999986 -5.4999999999999991 -98.499999999999986 2.5000000000000004 2.5000000000000004 0.78100585937500011
decision_type=2 2 2 2 2 2 2 2 2 2 2 2 2 2 2 2 2 2 2 2 2 2 2 2 2 2 2 2 2 2
left_child=1 6 4 7 11 10 14 13 12 20 24 29 -6 26 -1 -11 -8 25 -10 28 -5 -13 -9 -20 -4 -7 -3 -18 -12 -2
right_child=2 3 5 9 8 17 16 22 18 15 19 21 -14 -15 -16 -17 27 -19 23 -21 -22 -23 -24 -25 -26 -27 -28 -29 -30 -31
leaf_value=-0.065931539445932941 -0.019615619277980948 -0.040139591808979462 -0.012763198152218698 -0.012979068652553754 0.017251701513314777 0.058211142048221448 -0.048724161522046811 -0.013984897389588568 0.037807506301500302 0.0051317255897183871 0.032677328166464618 0.0079172170031150072 0.033814662698781549 -0.020271670633139369 -0.053790918461455492 0.025170373588590013 -0.040272227010597399 0.083297572147880375 0.087928015388836531 0.070875807817555161 -0.00089806408783565939 0.022884534112913916 0.00096797715527357424 0.051234658365877241 0.031018620933413978 0.075179097140218643 -0.02798549719496796 -0.02941403534756095 0.054081597412593975 0.00022810058520337015
leaf_weight=22393028.369848251 1919788.9374074936 8771593.8985261917 461250.47201633453 17603322.827254295 18121883.722344398 4254348.3003406525 11651927.870882988 11916090.033269882 10256016.779449463 18748059.00433445 1596578.1978616714 10549000.101113319 13105058.022848129 20995081.729627609 18601887.045818329 4447056.3892889023 13019540.990569115 16132354.580993652 859620.74314594269 4060665.7101783752 14153638.984128952 9419708.770072937 7444075.822634697 3565285.961315155 3042928.6623134613 7095931.3782672882 10648828.288277626 10840164.87194252 11907095.187543869 7943945.2933254242
leaf_count=369847 83794 275634 7876 833819 215706 23083 392727 595294 90331 682138 11349 439097 117335 976610 513650 100325 503671 36824 6474 20194 333350 322397 215480 32429 40949 31826 413117 503247 79431 281996
internal_value=-0.000931029 -0.0269623 0.0391206 -0.0110539 0.0219833 0.0658549 -0.0508182 -0.020663 0.0305347 -0.000601281 0.050902 0.0088239 0.0242027 -0.0266162 -0.0604226 0.00897361 -0.0397309 0.077318 0.044003 0.0560186 -0.00759473 0.0149777 -0.00823545 0.058363 0.0252557 0.0688191 -0.0334751 -0.035339 0.0515509 -0.0036341
internal_weight=3.15526e+08 1.91234e+08 1.24291e+08 1.14728e+08 7.57403e+07 4.85512e+07 7.65065e+07 5.97757e+07 4.59079e+07 5.49521e+07 2.10685e+07 2.98324e+07 3.12269e+07 4.04155e+07 4.09949e+07 2.31951e+07 3.55116e+07 2.74826e+07 1.46809e+07 1.75643e+07 3.1757e+07 1.99687e+07 1.93602e+07 4.42491e+06 3.50418e+06 1.13503e+07 1.94204e+07 2.38597e+07 1.35037e+07 9.86373e+06
internal_count=8550000 6708909 1841091 4425767 1589559 251532 2283142 2476135 462275 1949632 159799 1127284 333041 1665361 883497 782463 1399645 91733 129234 110974 1167169 761494 810774 38903 48825 54909 688751 1006918 90780 365790
is_linear=0
shrinkage=0.15


Tree=7
num_leaves=31
num_cat=1
split_feature=5 1 1 5 6 4 1 1 2 4 6 6 6 6 4 6 2 2 3 6 6 0 8 2 8 6 2 6 3 5
split_gain=1.24581e+07 2.68942e+06 2.21748e+06 453114 405864 337966 278071 183854 160009 135813 107317 85376.6 71124.6 70469.9 66345.9 58244.6 58113.7 53083.3 46043.4 44713.8 35262.6 34032.6 33829.6 33673.7 29680 28732.8 28675.5 25998.4 24422.3 21990.4
threshold=8.5000000000000018 0.44519042968750006 4.5253906250000009 3.5000000000000004 50.500000000000007 8.5000000000000018 0.19049072265625003 1.3208007812500002 -33.499999999999993 4.5000000000000009 14.500000000000002 100.50000000000001 8.5000000000000018 41.500000000000007 4.5000000000000009 20.500000000000004 -1.4999999999999998 -78.499999999999986 1.5000000000000002 95.500000000000014 2.5000000000000004 0 -0.54961425065994252 -35.499999999999993 -0.77969628572463978 81.500000000000014 -6.4999999999999991 75.500000000000014 2.5000000000000004 196.50000000000003
decision_type=2 2 2 2 2 2 2 2 2 2 2 2 2 2 2 2 2 2 2 2 2 9 2 2 2 2 2 2 2 2
left_child=1 6 4 10 8 11 20 15 22 17 24 21 -8 18 -10 -5 19 -6 -9 -7 -1 -4 -2 -12 -3 -11 -16 -19 -15 -18
right_child=2 3 5 7 9 16 12 13 14 25 23 -13 -14 28 26 -17 29 27 -20 -21 -22 -23 -24 -25 -26 -27 -28 -29 -30 -31
leaf_value=-0.066069410123416383 -0.012750687138831027 -0.041280125629666979 0.018344399122881008 -0.018945692831487941 -0.00027118000219570753 0.04929222359913904 -0.048774718715915037 -0.0036427295575876761 0.0096863924937501227 0.035458992490653457 -0.021923595827089932 0.055021040984787918 -0.035301498533989673 0.014344851944865901 0.017316318475868484 -0.0070717310489641725 0.076272060691375362 0.02043309749829603 0.015399030653846717 0.064874972944414189 -0.055547539598438979 0.037822829908958987 0.0016299614685234447 -0.0085956676737247873 -0.029132322372282294 0.04897340062776253 0.03184522551803453 0.032467591470401243 0.058787424482119946 0.059658657299440733
leaf_weight=18890730.177625656 5746033.522231102 7341466.3366603851 2444909.5200796127 17673340.141903877 2180414.6926012039 5725225.3184299469 19027322.022736549 20147606.09717083 22613654.15377903 9109997.7966175079 16423734.938406944 6690076.3145294189 16426506.932116508 6736588.5631551743 7481549.1927633286 19606691.408354759 10556324.709197998 11929101.772371292 3329297.6281003952 14993911.360366821 11547229.317809105 11566328.800185204 10239713.044952393 5761591.028169632 11797219.812332153 5789025.3873844147 5167773.7655515671 6106602.1713991165 290192.72993183136 2159363.8212585449
leaf_count=313035 165786 232590 21230 873117 41053 31532 623425 584230 711725 110267 660470 36897 710382 128443 155704 1012807 29236 226559 92856 49887 328050 89513 329294 249167 523910 39634 104406 68541 4420 1834
internal_value=-0.000924913 -0.0276326 0.0323408 -0.0131819 0.0174211 0.0561424 -0.0515611 -0.00563434 0.00890931 0.0298436 -0.0255621 0.0410803 -0.0425323 0.00300196 0.0145526 -0.0127008 0.0654681 0.0218352 -0.000942387 0.0605691 -0.0620777 0.034424 -0.00353912 -0.0184623 -0.0337921 0.04071 0.023252 0.0245078 0.0161802 0.0734508
internal_weight=3.155e+08 1.75e+08 1.405e+08 1.09108e+08 8.63639e+07 5.41361e+07 6.58918e+07 6.77837e+07 5.12487e+07 3.51151e+07 4.1324e+07 2.07013e+07 3.54538e+07 3.05037e+07 3.5263e+07 3.728e+07 3.34348e+07 2.02161e+07 2.34769e+07 2.07191e+07 3.0438e+07 1.40112e+07 1.59857e+07 2.21853e+07 1.91387e+07 1.4899e+07 1.26493e+07 1.80357e+07 7.02678e+06 1.27157e+07
internal_count=8550000 6336902 2213098 4362010 1952969 260129 1974892 2695873 1466915 486054 1666137 147640 1333807 809949 971835 1885924 112489 336153 677086 81419 641085 110743 495080 909637 756500 149901 260110 295100 132863 31070
cat_boundaries=0 1
cat_threshold=1279
is_linear=0
shrinkage=0.15


Tree=8
num_leaves=31
num_cat=0
split_feature=1 5 1 4 5 1 6 6 6 6 2 8 3 2 1 1 8 5 6 2 3 6 5 5 1 6 4 6 5 2
split_gain=1.07242e+07 2.44682e+06 1.90477e+06 383795 378990 307151 221081 170425 123542 115528 89066.5 74329.7 62500.4 45225.8 43764.4 42739.6 41771.6 41180.8 40724.6 38721.7 36717.3 29985.5 26392.8 25876.9 25630.1 23969.2 23018.6 22595.4 22159.5 20536.5
threshold=1.2719726562500002 18.500000000000004 0.39440917968750006 2.5000000000000004 3.5000000000000004 7.6503906250000009 4.5000000000000009 36.500000000000007 24.500000000000004 52.500000000000007 -14.499999999999998 -0.6428525149822234 2.5000000000000004 -72.499999999999986 0.11795043945312501 19.726562500000004 -0.7726859152317046 4.5000000000000009 89.500000000000014 -38.499999999999993 2.5000000000000004 54.500000000000007 1.5000000000000002 10.500000000000002 5.9082031250000009 75.500000000000014 44.500000000000007 17.500000000000004 122.50000000000001 -3.4999999999999996
decision_type=2 2 2 2 2 2 2 2 2 2 2 2 2 2 2 2 2 2 2 2 2 2 2 2 2 2 2 2 2 2
left_child=2 3 6 7 11 10 14 17 19 12 25 22 23 -10 -1 29 -8 -2 -12 -6 -11 -9 -4 -5 -14 -3 -17 -13 -28 -7
right_child=1 5 4 9 8 15 16 21 13 20 18 27 24 -15 -16 26 -18 -19 -20 -21 -22 -23 -24 -25 -26 -27 28 -29 -30 -31
leaf_value=-0.066434022070723214 -0.014552286992045685 0.020925968459965902 -0.042742750973500908 0.0069524603656235598 -0.021706711951567172 0.046910403097417487 -0.047170321616259038 0.0060722279857614199 -0.012688555310062483 0.027416268551264007 0.037429734615122473 -0.027076512232030007 0.025046254876409196 0.0018903175858552492 -0.055105610432652753 0.065834229062357419 -0.035107639885547159 -0.002684241440490925 0.050438718660164035 -0.010479275238004546 0.047492893866455839 0.017127716263271097 -0.030577918840076421 0.016127605407844775 0.054464872766749536 0.03348092767083332 0.095722242176771347 -0.016731093617926542 0.051198943456458493 0.057500743082473521
leaf_weight=15150474.505414009 10054131.6124897 6748318.8154096603 7858186.8167829514 13086439.600146294 13618031.972885132 9601130.9274139404 14959637.148116112 13811595.891526222 6310255.4266462326 11291198.314387321 13551188.054457664 11370204.565402985 4985635.5207281113 19841639.262994766 15546673.04713726 11622929.497093201 11367184.441320419 19028897.719902992 9017341.1684150696 14034475.04475975 2504175.0543422699 9194834.7915372849 8200637.6873493195 14668687.43372345 769119.40900421143 6940014.4529895782 265859.76165771484 8158559.4647779465 4662234.1068115234 7216649.3391113281
leaf_count=256408 324227 70715 254934 343512 651017 44580 521023 302355 286285 139881 119023 560085 93771 992816 430954 26068 516849 543847 48020 738640 23951 133358 346223 277935 5560 47333 486 418744 4132 27268
internal_value=-0.000910178 0.0248318 -0.0306263 0.00972661 -0.0169617 0.0463953 -0.0520473 0.000844027 -0.0090185 0.0195075 0.0368375 -0.0289709 0.0147513 -0.00162745 -0.0606967 0.0567804 -0.041962 -0.00678708 0.0426275 -0.0160085 0.0310606 0.0104907 -0.0365306 0.0118016 0.028978 0.0272914 0.0621917 -0.0227545 0.0536009 0.0514548
internal_weight=3.15436e+08 1.6902e+08 1.46416e+08 9.93947e+07 8.9392e+07 6.96257e+07 5.7024e+07 5.20895e+07 5.38044e+07 4.73053e+07 3.62569e+07 3.55876e+07 3.35099e+07 2.61519e+07 3.06971e+07 3.33688e+07 2.63268e+07 2.9083e+07 2.25685e+07 2.76525e+07 1.37954e+07 2.30064e+07 1.60588e+07 2.77551e+07 5.75475e+06 1.36883e+07 1.6551e+07 1.95288e+07 4.92809e+06 1.68178e+07
internal_count=8550000 2576022 5973978 2188397 4248744 387625 1725234 1303787 2668758 884610 285091 1579986 720778 1279101 687362 102534 1037872 868074 167043 1389657 163832 435713 601157 621447 99331 118048 30686 978829 4618 71848
is_linear=0
shrinkage=0.15


Tree=9
num_leaves=31
num_cat=1
split_feature=1 5 1 4 5 4 1 6 1 6 8 4 5 6 6 6 2 3 2 2 2 6 0 6 2 2 6 6 5 8
split_gain=9.29012e+06 2.19309e+06 1.51399e+06 348225 301221 283577 179681 171311 98541.1 81823.6 73467.1 58022.5 56925.3 53768 49547.9 46582.4 45830.4 41731.9 34819.4 32397.9 29124.9 27595.3 26971.1 25077.2 24632.6 24396.8 24238.9 20927.1 19969 18567.8
threshold=1.1176757812500002 17.500000000000004 0.35681152343750006 2.5000000000000004 3.5000000000000004 8.5000000000000018 0.16278076171875003 35.500000000000007 3.7333984375000004 20.500000000000004 -0.6428525149822234 1.5000000000000002 44.500000000000007 37.500000000000007 82.500000000000014 5.5000000000000009 -74.499999999999986 4.5000000000000009 -71.499999999999986 -68.499999999999986 -5.4999999999999991 8.5000000000000018 0 1.5000000000000002 -8.4999999999999982 -38.499999999999993 73.500000000000014 16.500000000000004 5.5000000000000009 -0.71359094977378834
decision_type=2 2 2 2 2 2 2 2 2 2 2 2 2 2 2 2 2 2 2 2 2 2 9 2 2 2 2 2 2 2
left_child=2 3 6 7 10 11 23 16 13 25 21 -3 20 24 -13 -8 -2 22 -11 -9 -7 -4 -10 -1 -5 -6 -21 -12 -18 -17
right_child=1 5 4 8 9 12 15 19 17 18 27 14 -14 -15 -16 29 28 -19 -20 26 -22 -23 -24 -25 -26 -27 -28 -29 -30 -31
leaf_value=-0.066709370726643236 -0.016756017787182952 0.013388794046959028 -0.043470450148707332 0.0026630204982677256 -0.023404758173026965 0.034372405386156303 -0.051314369142704271 -0.00062077462071183983 0.013270909270033751 -0.014250929357935441 -0.02713083697895198 0.02678322702324067 0.052507267794929258 0.01849489823545369 0.038874710145178834 -0.042835099842573186 -0.0094498645499348603 0.058195919160864987 -0.0017557059339057849 0.0094313541121367212 0.046963582939313291 -0.031207583729734728 0.030234392784688917 -0.056741615442249746 0.013623652741321794 -0.012637483154749749 0.025268042308957777 -0.016977904324096637 -0.00081545771186840137 -0.032163392895752888
leaf_weight=12352632.142447472 9358467.9418706894 4228572.1409730911 7204581.7180356979 11639481.437980652 9766069.353187561 7556838.8891305923 11292028.357919693 6703004.8145027161 2898189.618391037 6892904.9024333954 10670110.631214142 17268059.042532921 25756359.407939911 17476676.828745842 13654748.453451157 9293410.4719018936 10373546.326630592 964722.76311397552 18445832.875308037 16736942.569215775 9124305.6592636108 9671648.3650302887 7743857.4438323975 10511360.626844883 7642616.3223390579 9190697.0984764099 2499247.2106285095 7987025.8850755692 14382032.915177345 6060770.606338501
leaf_count=206693 301957 45343 249474 327177 471922 43153 358674 139186 25319 328310 535361 183269 56297 350826 80119 362858 389359 6277 965659 387151 44850 405853 61993 298911 230351 490311 32595 420383 455891 294478
internal_value=-0.000889273 0.0205795 -0.0317644 0.006801 -0.0189836 0.0398329 -0.0523716 -0.000828018 0.0162736 -0.010731 -0.0292713 0.0298689 0.0480861 0.012469 0.0321225 -0.0440011 -0.007814 0.0283228 -0.00515479 0.00835963 0.0412596 -0.0364427 0.0256147 -0.0621269 0.00700736 -0.0181845 0.0114889 -0.0227844 -0.00443361 -0.0386226
internal_weight=3.15347e+08 1.86008e+08 1.29339e+08 1.08419e+08 7.98289e+07 7.75889e+07 4.95102e+07 6.00532e+07 4.83655e+07 4.42955e+07 3.55334e+07 3.51514e+07 4.24375e+07 3.67588e+07 3.09228e+07 2.66462e+07 3.4114e+07 1.16068e+07 2.53387e+07 2.59392e+07 1.66811e+07 1.68762e+07 1.0642e+07 2.2864e+07 1.92821e+07 1.89568e+07 1.92362e+07 1.86571e+07 2.47556e+07 1.53542e+07
internal_count=8550000 3161113 5388887 2708082 3867273 453031 1521614 1706139 1001943 2256202 1611071 308731 144300 908354 263388 1016010 1147207 93589 1293969 558932 88003 655327 87312 505604 557528 962233 419746 955744 845250 657336
cat_boundaries=0 1
cat_threshold=4198399
is_linear=0
shrinkage=0.15


Tree=10
num_leaves=31
num_cat=2
split_feature=1 5 1 4 5 3 6 6 6 6 6 1 8 2 8 2 6 2 0 1 2 0 1 3 5 2 2 8 2 8
split_gain=8.06714e+06 1.77579e+06 1.41206e+06 298028 270465 222357 181512 154230 104533 83186.6 63412 56302.1 51062.7 49829.3 37966.7 37024.3 34224 34155.8 32825.6 31131 27311 26591.2 26475.1 26220 22084 20349.2 20317.3 19338.1 19045.6 18148.7
threshold=1.1000976562500002 17.500000000000004 0.35681152343750006 2.5000000000000004 2.5000000000000004 1.5000000000000002 3.5000000000000004 31.500000000000004 19.500000000000004 49.500000000000007 122.50000000000001 3.7333984375000004 -0.77969628572463978 -7.4999999999999991 -0.7726859152317046 -107.49999999999999 54.500000000000007 -59.499999999999993 0 0.11038208007812501 -38.499999999999993 1 6.6582031250000009 2.5000000000000004 43.500000000000007 -60.499999999999993 -68.499999999999986 -0.5575692057609557 -3.4999999999999996 -0.22690066695213315
decision_type=2 2 2 2 2 2 2 2 2 2 2 2 2 2 2 2 2 2 9 2 2 9 2 2 2 2 2 2 2 2
left_child=2 3 6 7 12 11 19 15 20 13 21 25 -4 -5 -8 -2 26 -10 -15 -1 27 -7 -20 -11 -13 -3 -9 -6 -23 -17
right_child=1 5 4 9 8 10 14 16 17 23 -12 24 -14 18 -16 29 -18 -19 22 -21 -22 28 -24 -25 -26 -27 -28 -29 -30 -31
leaf_value=-0.066077498623429182 -0.02067821133704487 0.0023782954129051236 -0.040051359716648527 0.0061778763619416734 -0.029499507857282947 0.027360087089942711 -0.046847996748386418 -0.0047731449556314264 -0.012819789470127923 0.021117551270598247 0.046416911884298903 0.02838881262566155 -0.025904412203463689 0.0081450497805876845 -0.034622998878629178 -0.0081203944396731776 0.0137546474716852 -0.0020865317181569471 0.021607754941603684 -0.055041644844122183 -0.013911275963427224 0.03386710171992436 0.057935081304435886 0.037549893273772984 0.041162544094662759 0.020630701247844468 0.0056822893814119342 -0.017718050917412485 0.044376082463106002 0.0033359494230620033
leaf_weight=11796365.53318119 4907201.9337406158 1533810.2677612305 9074138.5274095535 21303448.484114647 6988796.6219081879 6290501.1742630005 14555387.917150974 5584851.8927316666 10498531.172633171 12532876.40242672 27490273.733373642 12730824.074752808 15626669.662743568 4831340.5178346634 9412113.5249452591 20656390.917509079 9646015.7742071152 18297104.217047691 7721408.4438457489 11223017.289256573 10653360.212994576 8071628.7115831375 479418.67357635498 2646114.021818161 4002737.9260101318 13217103.286071777 16645903.372763634 5684321.7336368561 7472350.0095081329 3662975.8213644028
leaf_count=216730 163465 19083 327903 514901 309325 51890 533892 142022 522361 169650 61052 76547 770198 152088 446588 714977 154577 973663 153775 324404 575347 47816 3350 25686 15083 145373 439687 315450 38152 144965
internal_value=-0.000863647 0.0184342 -0.0307008 0.006086 -0.0181727 0.0353373 -0.0511839 -0.000922758 -0.0120457 0.0147351 0.0416237 0.0254888 -0.0311015 0.0106472 -0.0420472 -0.00879305 0.00629321 -0.00599974 0.0179532 -0.060697 -0.0195093 0.0355889 0.0237314 0.0239822 0.0314443 0.0187328 0.00305566 -0.0242151 0.038919 -0.00639484
internal_weight=3.15237e+08 1.91427e+08 1.2381e+08 1.10618e+08 7.68229e+07 8.08092e+07 4.69869e+07 6.11033e+07 5.21221e+07 4.95146e+07 4.93248e+07 3.14845e+07 2.47008e+07 3.43356e+07 2.39675e+07 2.92266e+07 3.18768e+07 2.87956e+07 1.30322e+07 2.30194e+07 2.33265e+07 2.18345e+07 8.20083e+06 1.5179e+07 1.67336e+07 1.47509e+07 2.22308e+07 1.26731e+07 1.5544e+07 2.43194e+07
internal_count=8550000 3234139 5315861 2779143 3794247 454996 1521614 1759693 2696146 1019450 198910 256086 1098101 824114 980480 1023407 736286 1496024 309213 541134 1200122 137858 157125 195336 91630 164456 581709 624775 85968 859942
cat_boundaries=0 1 4
cat_threshold=24133631 133201919 2080 1024
is_linear=0
shrinkage=0.15


Tree=11
num_leaves=31
num_cat=1
split_feature=1 4 1 6 6 5 1 4 6 6 2 8 6 5 4 2 0 2 2 5 2 8 6 1 6 6 8 8 1 8
split_gain=7.03599e+06 1.57559e+06 1.1818e+06 368498 246779 230838 157152 98484.2 80180.7 64262.2 61402.5 50930.8 43132.6 41637.6 38092.6 35484.6 35297.9 24661 24099.8 23169.6 22829.5 21385.3 20952 20308.5 18542 18018.2 16102.8 16084.6 15058.1 15052.4
threshold=1.0043945312500002 4.5000000000000009 0.33190917968750006 40.500000000000007 77.500000000000014 2.5000000000000004 0.14886474609375003 1.5000000000000002 19.500000000000004 75.500000000000014 -6.4999999999999991 -0.79319885373115528 5.5000000000000009 2.5000000000000004 1.5000000000000002 -2.4999999999999996 0 -85.499999999999986 -76.499999999999986 10.500000000000002 -50.499999999999993 -0.26630720496177668 1.5000000000000002 3.3525390625000004 13.500000000000002 163.50000000000003 -0.74838927388191212 -0.54961425065994252 3.0419921875000004 -0.71359094977378834
decision_type=2 2 2 2 2 2 2 2 2 2 2 2 2 2 2 2 9 2 2 2 2 2 2 2 2 2 2 2 2 2
left_child=2 3 6 7 10 11 22 13 20 14 23 -4 -8 -2 -5 25 -12 -10 -11 -9 26 -15 -1 -3 -13 -6 -7 28 -18 -14
right_child=1 4 5 9 15 8 12 19 17 18 16 24 29 21 -16 -17 27 -19 -20 -21 -22 -23 -24 -25 -26 -27 -28 -29 -30 -31
leaf_value=-0.065933124282498728 -0.020044729952638264 0.012175302018243888 -0.03976757204495604 0.0041270143885437241 0.031221016042519999 -0.032826275233502941 -0.049890713913064363 -1.8589767819637343e-05 -0.015286051319228217 0.0050316078977795681 0.017581269730329849 -0.030492276899580506 -0.041024907526883037 -0.0090044595343680943 0.014229375470386526 0.042204900950011524 0.027757250185882324 -0.0039837108623708307 0.024853215747293232 0.0087056212176830367 -0.014894566241488886 0.00088906171319401417 -0.055698893097341433 0.021701171067639177 -0.02010288077975609 0.039108394170664147 -0.020221716213649894 0.028116486464846699 0.045046500346386124 -0.030336711508447568
leaf_weight=10361412.748346806 6321098.7641277313 11895847.515994072 9107933.5048503876 13124867.867545128 17345304.253442764 3513613.9091672897 10798252.56000185 23506387.106710434 5749399.7475414276 1555746.0718803406 4910572.5153608322 8273808.3557190895 7814119.2564086914 19083434.980753899 23318473.36841011 22431438.142620087 1722005.1841583252 17765410.002461433 12225862.036524773 9665764.7283649445 11735342.959867001 6621488.4985275269 7957543.0368833542 8731848.6656742096 7253573.7147712708 10438541.176681519 6497972.5367994308 7292658.5906438828 3316223.9909315109 4777130.5911517143
leaf_count=194439 234381 219464 340078 281756 88065 149464 372260 817056 285433 19175 83576 401718 329104 634971 422059 51562 29543 961082 104776 232969 641944 262597 244933 57959 379739 27281 351916 67575 16993 246132
internal_value=-0.000834698 0.015764 -0.0311016 0.00423407 0.0308724 -0.0191781 -0.0510835 -0.00320476 -0.0128185 0.0138906 0.0217298 -0.0308624 -0.042935 -0.009138 0.0105911 0.0377672 0.0283364 -0.00674715 0.0226156 0.00252349 -0.0193835 -0.00645593 -0.0614875 0.0162077 -0.0256389 0.0341843 -0.0246453 0.0326194 0.0391372 -0.0369698
internal_weight=3.15113e+08 2.03508e+08 1.11606e+08 1.15423e+08 8.80844e+07 6.98971e+07 4.17085e+07 6.51982e+07 4.52617e+07 5.02249e+07 3.78692e+07 2.46353e+07 2.33895e+07 3.2026e+07 3.64433e+07 5.02153e+07 1.72415e+07 2.35148e+07 1.37816e+07 3.31722e+07 2.17469e+07 2.57049e+07 1.8319e+07 2.06277e+07 1.55274e+07 2.77838e+07 1.00116e+07 1.23309e+07 5.03823e+06 1.25912e+07
internal_count=8550000 3651758 4898242 3009740 642018 3511374 1386868 2181974 2389839 827766 475110 1121535 947496 1131949 703815 166908 197687 1246515 123951 1050025 1143324 897568 439372 277423 781457 115346 501380 114111 46536 575236
cat_boundaries=0 3
cat_threshold=40910847 2048 512
is_linear=0
shrinkage=0.15


Tree=12
num_leaves=31
num_cat=2
split_feature=1 5 1 1 6 6 1 2 2 2 2 5 6 6 4 8 5 6 0 8 2 1 4 8 8 0 1 6 1 8
split_gain=6.14974e+06 1.40247e+06 1.00393e+06 223190 211734 211097 120372 108687 71814.3 68551.8 56911.4 56804.1 40782.4 39517 39239.9 37081.8 36406.4 24246.4 24106.7 24068.5 21122 20196 19663.3 19486.6 18778.8 17013.7 16139.4 15963 15737.3 15319
threshold=0.92358398437500011 14.500000000000002 0.29406738281250006 5.3378906250000009 32.500000000000007 13.500000000000002 0.13372802734375003 -27.499999999999996 -22.499999999999996 -89.499999999999986 -12.499999999999998 1.5000000000000002 117.50000000000001 65.500000000000014 3.5000000000000004 -0.96045237779617298 3.5000000000000004 27.500000000000004 0 -0.58676064014434803 -91.499999999999986 2.3095703125000004 14.500000000000002 -0.79319885373115528 -0.80026713013648976 1 4.8847656250000009 1.5000000000000002 6.6582031250000009 -0.27178241312503809
decision_type=2 2 2 2 2 2 2 2 2 2 2 2 2 2 2 2 2 2 9 2 2 2 2 2 2 9 2 2 2 2
left_child=2 4 6 10 7 11 27 16 20 19 21 23 22 25 -9 -8 -2 -11 -12 -7 -6 -3 -5 -4 -13 -10 -16 -1 -15 -18
right_child=1 3 5 12 8 9 15 14 13 17 18 24 -14 28 26 -17 29 -19 -20 -21 -22 -23 -24 -25 -26 -27 -28 -29 -30 -31
leaf_value=-0.065780877898076462 -0.019489872817578451 0.0082560710845990641 -0.045414340079329034 0.024817366746925727 -0.0056725088731659047 -0.028412008718954954 -0.05073223282042006 -0.0020149570653718299 0.0067247713019232798 -0.011690209812351682 0.018101046037194975 -0.031068363543183642 0.035802386836469413 0.0237081479425022 0.0078061941938204994 -0.03783941017220422 -0.010090882154166382 -0.0016670053318756904 0.027681319906924511 -0.015637187793392782 0.00504810869508738 0.017108028841368486 0.036062812811938745 -0.03262805695588808 -0.020875049605571711 0.014919150676785129 0.029870946760888722 -0.055857974072060189 0.051306326128445642 -0.0001544497622701114
leaf_weight=9134345.6133413315 8499439.0415964127 9686421.802312851 5219830.0419616699 15699697.41658783 5151377.1492462158 6347932.6644473076 9800146.6029205322 19800679.946019173 9849810.8732719421 16310849.603601456 9912056.3463592529 6729786.1641654968 34663311.979393005 3772996.9860429764 8739653.9495944977 10289143.389225006 14377070.865888596 8140271.2651138306 14636362.610496521 6952995.1428794861 20958194.934597015 14450926.207308769 4501684.8535614014 5515598.082930088 10275410.746504307 13535003.652688026 815480.31389331818 6072816.8810062408 530223.50428771973 4610555.2160310745
leaf_count=179194 342105 194965 180696 86342 133547 275731 336206 778330 299756 924788 134520 307935 78363 48956 246889 478406 495054 437676 112744 383052 505371 97337 14283 262073 563989 259560 6253 190108 3531 192240
internal_value=-0.000803597 0.0135739 -0.0313579 0.0261203 0.00183155 -0.0203676 -0.0517502 -0.00455215 0.00857661 -0.0130676 0.0187277 -0.0303022 0.0326804 0.0138985 0.00179471 -0.0441289 -0.0113305 -0.00835328 0.0238131 -0.021734 0.00293295 0.0135557 0.0273233 -0.0388451 -0.024909 0.0114676 0.0096893 -0.0618183 0.0271087 -0.00767813
internal_weight=3.1498e+08 2.14191e+08 1.00789e+08 1.0355e+08 1.1064e+08 6.54927e+07 3.52965e+07 5.68429e+07 5.37976e+07 3.7752e+07 4.86858e+07 2.77406e+07 5.48647e+07 2.7688e+07 2.93558e+07 2.00893e+07 2.74871e+07 2.44511e+07 2.45484e+07 1.33009e+07 2.61096e+07 2.41373e+07 2.02014e+07 1.07354e+07 1.70052e+07 2.33848e+07 9.55513e+06 1.52072e+07 4.30322e+06 1.89876e+07
internal_count=8550000 4030146 4519854 718554 3311592 3335940 1183914 2060871 1250721 2021247 539566 1314693 178988 611803 1031472 814612 1029399 1362464 247264 658783 638918 292302 100625 442769 871924 559316 253142 369302 52487 687294
cat_boundaries=0 3 6
cat_threshold=200310783 16688 1956 14688255 64 768
is_linear=0
shrinkage=0.15


Tree=13
num_leaves=31
num_cat=1
split_feature=5 1 1 6 4 6 6 4 2 6 2 2 8 2 8 6 8 8 0 5 8 2 1 1 8 2 2 2 2 3
split_gain=5.41293e+06 1.18569e+06 943284 213468 210159 173405 122297 74098.8 69223.3 58825.7 52894.1 43513 33345.3 32987.6 31127.1 30517.4 28777.1 27320.5 24487.1 23192.5 20772.5 19972.2 19662.4 18199.2 17613.8 17877.2 15395.9 15299 14795.2 14555.5
threshold=4.5000000000000009 2.7939453125000004 0.30651855468750006 29.500000000000004 6.5000000000000009 13.500000000000002 2.5000000000000004 1.5000000000000002 -33.499999999999993 73.500000000000014 -104.49999999999999 -51.499999999999993 -0.68134322762489308 -1.4999999999999998 -0.8567863106727599 55.500000000000007 -0.5032827854156493 -0.79319885373115528 0 33.500000000000007 -0.27407255768775934 -7.4999999999999991 0.10226440429687501 2.5947265625000004 -0.48851017653942103 -9.4999999999999982 -3.4999999999999996 -109.49999999999999 -4.4999999999999991 1.5000000000000002
decision_type=2 2 2 2 2 2 2 2 2 2 2 2 2 2 2 2 2 2 9 2 2 2 2 2 2 2 2 2 2 2
left_child=2 3 6 8 9 10 22 20 12 18 17 16 -2 19 -8 29 -7 -4 -3 -6 27 -10 -1 -13 25 -12 -20 -5 -11 -9
right_child=1 4 5 7 13 11 14 15 21 28 24 23 -14 -15 -16 -17 -18 -19 26 -21 -22 -23 -24 -25 -26 -27 -28 -29 -30 -31
leaf_value=-0.065341786485634018 -0.02183658149778157 0.0070814108380546394 -0.043939008654981238 -0.013469672550899547 0.022777991161220857 -0.022354634828746875 -0.04751057255989146 0.0061024167442262399 -0.0038746155443561414 0.021009327702858748 -0.028414107139899218 -0.0077452083648421417 -0.0087523711809066908 0.034487282316969188 -0.035076882579006985 0.016419276496381537 -0.011284785198992554 -0.029555426747599544 0.013727668527463233 0.029995668621557375 0.0069151597336142515 0.0051547291340152731 -0.054580585592910215 0.011372306689354622 -0.014178863849067486 -0.012317515721964383 0.025580856089443892 -0.00094645117574000865 0.032223353330188033 0.014127232075919394
leaf_weight=8269945.8149242401 6270852.4304413795 12696340.626203537 5271076.625480175 2660463.6384038925 17122963.340994835 10576108.980630398 10784579.136160374 22801155.687386036 17623798.818336964 12269285.816460609 9084903.0058746338 13040316.817067146 14553400.879714489 19498403.104169846 7811643.2622976303 13924395.152056694 10559125.036435127 6809878.9467558861 14641831.947561264 24137125.613536835 6646220.5313534737 8020105.9907813072 7100241.5017580986 1225708.9961700439 4139950.5485072136 1872397.8389511108 2964819.6025180817 12542386.823217869 3375439.2460746765 6545498.0852165222
leaf_count=173624 256189 111728 183433 83717 92440 438646 418558 719064 771408 69347 423611 648116 688755 42764 389352 211236 533924 332182 118237 65814 247027 347222 220769 13755 236084 94867 23123 392252 17687 185069
internal_value=-0.0007709 0.0123091 -0.0303454 0.00149872 0.0236141 -0.019422 -0.0504704 0.00704074 -0.00626783 0.0159591 -0.0284337 -0.0125036 -0.0126924 0.029403 -0.0422876 0.0106362 -0.0168242 -0.0358312 0.0121027 0.0270003 -7.99418e-05 -0.0010507 -0.0603707 -0.00610267 -0.0225142 -0.0256635 0.0157236 -0.00313799 0.0234288 0.00789228
internal_weight=3.1484e+08 2.18294e+08 9.65459e+07 1.11588e+08 1.06706e+08 6.25795e+07 3.39664e+07 6.51201e+07 4.64682e+07 4.59477e+07 2.71782e+07 3.54013e+07 2.08243e+07 6.07585e+07 1.85962e+07 4.3271e+07 2.11352e+07 1.2081e+07 3.0303e+07 4.12601e+07 2.18491e+07 2.56439e+07 1.53702e+07 1.4266e+07 1.50973e+07 1.09573e+07 1.76067e+07 1.52029e+07 1.56447e+07 2.93467e+07
internal_count=8550000 4443079 4106921 3901939 541140 2904618 1202303 1838365 2063574 340122 1270177 1634441 944944 201018 807910 1115369 972570 515615 253088 158254 722996 1118630 394393 661871 754562 518478 141360 475969 87034 904133
cat_boundaries=0 2
cat_threshold=16261119 281026560
is_linear=0
shrinkage=0.15


Tree=14
num_leaves=31
num_cat=0
split_feature=1 4 1 6 5 6 2 6 8 6 1 5 2 2 8 2 8 8 2 6 8 6 8 6 8 5 3 6 8 2
split_gain=4.76712e+06 1.05911e+06 783470 288561 170570 126274 90891.8 88306.9 54174.7 46293.5 44743.1 44223.1 38429.6 28313.1 25418.1 22153.8 21598.7 20440.4 20060.4 18738.6 17779.5 17441.3 16806.5 16603.2 13883 18864.2 14785.6 13281.6 13256.6 13237.1
threshold=0.82788085937500011 4.5000000000000009 0.25476074218750006 39.500000000000007 2.5000000000000004 69.500000000000014 -72.499999999999986 2.5000000000000004 -0.87122806906700123 16.500000000000004 3.0419921875000004 7.5000000000000009 -5.4999999999999991 -68.499999999999986 -0.7726859152317046 -6.4999999999999991 -0.54574802517890919 -0.8567863106727599 -7.4999999999999991 11.500000000000002 -0.42323152720928187 22.500000000000004 -1.0829483270645139 83.500000000000014 -0.61583271622657765 122.50000000000001 9.5000000000000018 6.5000000000000009 -0.49960397183895106 -59.499999999999993
decision_type=2 2 2 2 2 2 2 2 2 2 2 2 2 2 2 2 2 2 2 2 2 2 2 2 2 2 2 2 2 2
left_child=2 3 7 6 8 12 14 22 27 28 13 18 -3 -5 -2 -7 -14 -9 21 -10 29 -8 -1 -12 25 26 -17 -4 -6 -11
right_child=1 5 4 10 9 15 11 17 19 20 23 -13 16 -15 -16 24 -18 -19 -20 -21 -22 -23 -24 -25 -26 -27 -28 -29 -30 -31
leaf_value=-0.063719516633291728 -0.025887564744692993 0.011558523102923974 -0.045526846105676151 -0.0022454942107193164 -0.022848019303405534 0.022627593283918578 -0.01088956509783184 -0.047776937542811843 -0.029955698366132225 -0.01782785516649029 0.01244579558208566 0.0030448824174807224 0.029356055130278811 0.008738156062922324 -0.011074174534668461 0.032978261474224412 0.017253455169349678 -0.03596153408393217 0.0022471788548384273 -0.019935573407325723 -0.0024825210261669351 -0.0030587476007346926 -0.052392980796363356 0.021303483609701818 0.025961876117836544 0.026155922367998827 0.047012432983857787 -0.033954199405758535 -0.012832031695221789 -0.0075638283648383252
leaf_weight=9435259.5088329315 3238112.1485395432 21634528.02567482 4326550.0383300781 6470357.2071676254 10580961.549232006 19477649.435228348 13105749.625569344 8540590.261964798 8672766.7821917534 5225773.1113305092 14155644.371836662 27196815.988378525 5134945.3539896011 28715742.299146652 13356467.777962685 9965765.2651605606 9375656.9676675797 5363133.8225893974 6531180.8096847534 8141098.0827074051 6584211.9490261078 12506326.395090103 4286775.0640621185 7174635.3730602264 19953634.168502808 8611863.9577026367 2033773.9439239502 4607671.5082807541 4135209.3943557739 6159116.1985912323
leaf_count=215989 94380 307968 158028 165303 555519 89850 578795 338065 444117 264511 109716 842528 49879 675746 562817 27738 118436 269423 276166 449259 404168 486136 150861 38861 69237 7224 3336 204204 254268 337472
internal_value=-0.000737544 0.010589 -0.0308294 0.00188897 -0.0209886 0.0225689 -0.00415121 -0.0516444 -0.0301195 -0.0137956 0.0100045 -0.00140684 0.0155641 0.00671838 -0.0139647 0.0267857 0.0215363 -0.0432193 -0.00517349 -0.0251041 -0.00868693 -0.00706579 -0.0601811 0.0154252 0.0287822 0.0315125 0.0353569 -0.0395585 -0.0200336 -0.0122751
internal_weight=3.14698e+08 2.28639e+08 8.60591e+07 1.32451e+08 5.84334e+07 9.61878e+07 7.59347e+07 2.76258e+07 2.57481e+07 3.26853e+07 5.65164e+07 5.93401e+07 3.61451e+07 3.51861e+07 1.65946e+07 6.00427e+07 1.45106e+07 1.39037e+07 3.21433e+07 1.68139e+07 1.79691e+07 2.56121e+07 1.3722e+07 2.13303e+07 4.0565e+07 2.06114e+07 1.19995e+07 8.93422e+06 1.47162e+07 1.13849e+07
internal_count=8550000 4504116 4045884 3830448 3071546 673668 2840822 974338 1255608 1815938 989626 2183625 476283 841049 657197 197385 168315 607488 1341097 893376 1006151 1064931 366850 148577 107535 38298 31074 362232 809787 601983
is_linear=0
shrinkage=0.15


Tree=15
num_leaves=31
num_cat=3
split_feature=1 5 1 5 4 6 1 1 6 2 2 6 8 2 6 8 8 2 2 2 2 0 8 0 8 2 0 2 2 2
split_gain=4.18887e+06 1.0931e+06 543152 183882 167360 114773 78360.5 69231.1 43903.8 41030.6 36221.4 36084.4 34332.1 32062.6 28150.7 24967.3 23837.6 22667.4 22545.5 18842.1 18504.9 17708.3 17675.5 17409 15465 14537.7 13675 13313 12683.7 12464.5
threshold=0.66479492187500011 12.500000000000002 0.22955322265625003 4.5000000000000009 7.5000000000000009 10.500000000000002 1.8940429687500002 0.11038208007812501 17.500000000000004 -48.499999999999993 -101.49999999999999 82.500000000000014 -1.0829483270645139 -5.4999999999999991 27.500000000000004 -0.69838228821754444 -1.0829483270645139 -19.499999999999996 -22.499999999999996 -131.49999999999997 -12.499999999999998 0 -0.54961425065994252 1 -0.67108255624771107 -12.499999999999998 2 -26.499999999999996 -4.4999999999999991 -92.499999999999986
decision_type=2 2 2 2 2 2 2 2 2 2 2 2 2 2 2 2 2 2 2 2 2 9 2 9 2 2 9 2 2 2
left_child=2 3 7 8 9 12 14 -1 18 -3 24 26 29 23 25 -15 -9 -6 22 -14 -10 -19 -2 -8 -7 -5 -11 -16 -28 -4
right_child=1 4 5 6 17 10 13 16 20 11 -12 -13 19 15 27 -17 -18 21 -20 -21 -22 -23 -24 -25 -26 -27 28 -29 -30 -31
leaf_value=-0.06157631858481407 -0.027489577458539652 0.0029524547712467385 -0.048681946481947291 -0.0080008423713017127 0.01256863314254859 -0.030397046457745269 0.0014023962741460296 -0.052202240099586329 -0.0086072043528276441 0.0080317681909657275 -0.012419009286088906 0.020212671437434958 -0.034823686760333143 0.03623696897048357 -0.001856584327684862 0.012219236262198528 -0.039538032876166682 0.01947325823099718 -0.0080842505716884026 -0.023710885809189387 0.0041615438179070079 0.025840561404971762 -0.015049152879980984 0.0089360011535199804 -0.018726877146519195 0.00022269019930800174 0.012080901713290485 0.0048721936099071208 0.019886022808088731 -0.034022327059025505
leaf_weight=10000288.351358414 5164291.4241533279 8308779.9123744965 3218514.4179854393 17367572.445176125 3855281.0503044128 4676241.6042160988 15079972.183063507 5985154.6595935822 16537525.883934021 13885348.632003784 14672873.968800068 16252021.219111443 6186487.0184702873 1147990.698392868 13774009.344260216 6419761.8858776093 7578763.7526245117 12575580.585616112 4048842.4905538559 7712816.5621023178 3020082.5384893417 44979937.579177856 5114761.700176239 12725834.248324394 5632107.6085028648 6703831.2526664734 20972390.149385452 12730432.445413589 6031874.18222332 2195007.2694330215
leaf_count=266607 210782 137589 110710 850448 22236 217662 236892 212133 695663 271467 864214 90464 296044 11546 582138 90989 363425 56760 199991 434910 127339 128403 277168 129366 319925 341157 270773 561161 67755 104283
internal_value=-0.000703878 0.00837458 -0.0337083 -0.00189879 0.018079 -0.02392 0.0017906 -0.0521074 -0.0112568 0.0128016 -0.0172065 0.0142337 -0.0326041 0.00720625 -0.00199719 0.0158626 -0.0451262 0.0237035 -0.017565 -0.0286571 -0.00663546 0.0244493 -0.0212993 0.00485029 -0.0240209 -0.00571061 0.0118573 0.00137534 0.0138243 -0.0427379
internal_weight=3.14554e+08 2.46696e+08 6.78583e+07 1.19835e+08 1.26861e+08 4.4294e+07 8.59494e+07 2.35642e+07 3.38855e+07 6.54504e+07 2.49812e+07 5.71416e+07 1.93128e+07 3.53736e+07 5.05758e+07 7.56775e+06 1.35639e+07 6.14108e+07 1.43279e+07 1.38993e+07 1.95576e+07 5.75555e+07 1.02791e+07 2.78058e+07 1.03083e+07 2.40714e+07 4.08896e+07 2.65044e+07 2.70043e+07 5.41352e+06
internal_count=8550000 5360087 3189913 4314640 1045447 2347748 2803697 842165 1510943 838048 1401801 700459 945947 468793 2334904 102535 575558 207399 687941 730954 823002 185163 487950 366258 537587 1191605 609995 1143299 338528 214993
cat_boundaries=0 3 6 8
cat_threshold=133185535 6240 1280 8134655 494987328 1097 46219263 8200
is_linear=0
shrinkage=0.15


Tree=16
num_leaves=31
num_cat=3
split_feature=1 1 1 5 4 5 5 6 6 4 6 8 6 0 6 8 2 6 8 0 2 8 0 2 5 7 8 2 2 8
split_gain=3.69101e+06 931049 521924 228514 129108 113533 69373.9 65943.1 41948.2 41108.3 35363.2 35335.2 29620.1 27944.1 25700.1 19425.5 18516.8 18273.2 17501.4 17317.9 15522.7 14753.4 13805.2 13131.5 13019.8 21143.3 12771.7 10497.5 10454.2 9930.82
threshold=0.66479492187500011 2.6904296875000004 0.22357177734375003 7.5000000000000009 5.5000000000000009 1.5000000000000002 2.5000000000000004 1.5000000000000002 14.500000000000002 1.5000000000000002 58.500000000000007 -0.8567863106727599 23.500000000000004 0 46.500000000000007 -0.96045237779617298 -1.4999999999999998 12.500000000000002 -0.27631868422031397 1 -9.4999999999999982 -0.77969628572463978 2 -10.499999999999998 122.50000000000001 -0.23628634214401242 -0.31947705149650568 -108.49999999999999 -4.4999999999999991 -1.0461925864219663
decision_type=2 2 2 2 2 2 2 2 2 2 2 2 2 9 2 2 2 2 2 9 2 2 9 2 2 2 2 2 2 2
left_child=2 3 7 6 10 11 17 29 21 18 19 -4 20 -6 23 -9 -15 -2 27 -3 26 -7 -10 -11 25 -18 -8 -5 -12 -1
right_child=1 4 5 9 13 8 12 15 22 14 28 -13 -14 16 -16 -17 24 -19 -20 -21 -22 -23 -24 -25 -26 -27 -28 -29 -30 -31
leaf_value=-0.063966995845804911 -0.024967584558385332 0.0031411374560049209 -0.041497674640812228 -0.014110313847769954 0.015393228331387537 -0.027986710680400245 -0.013099564469622729 -0.049615632721298361 -0.0064544687954496364 0.00188194556309003 0.013909719845364715 -0.027056320438575348 -0.0014322614507507013 0.020777043108802191 0.011469161685041007 -0.03781979327733595 0.041468499916280294 -0.013305117476855881 0.0062006564762880426 0.011090068696985743 -0.0010861712311079285 -0.018429540467168517 -0.016008634368430835 0.008315278590533293 0.021609594235329727 0.026140805493909392 -0.0040707557319732491 -0.0021800214768222005 0.022529836413271373 -0.052405930381567351
leaf_weight=6808083.6376338005 4525455.1671657562 12302699.926373482 6604098.0767064095 1929419.6290645599 15153597.347204208 6694263.021299839 13937288.433583736 7053186.2488574982 6805878.4666199684 18045969.018068314 16743072.393121719 9017482.3769435883 24696136.89850235 39616862.327529907 19130807.343788147 5663507.171435833 2628473.0691871643 9103949.122610569 5435591.8757791519 12364673.95097065 4598740.0982589722 7950586.2043600082 6805469.546245575 11811119.296423912 7468361.0791931152 8818014.8644924164 4718538.2148332596 11859948.671951294 3903573.9414567947 2215868.2209062576
leaf_count=163190 211264 114646 269955 55693 66212 350704 658865 280046 415425 602044 101214 482078 1023751 144957 337629 287012 4229 418743 198051 105762 232054 478372 382504 393538 5650 27953 265501 370458 21873 80627
internal_value=-0.000670164 0.00767643 -0.0323163 -0.00110986 0.0172597 -0.0228996 -0.00773408 -0.0513213 -0.0172263 0.00487024 0.0109593 -0.0331615 -0.00504991 0.0211342 0.00717705 -0.0443622 0.0226205 -0.0171775 -0.00100783 0.00712559 -0.00889182 -0.0227982 -0.0112314 0.0044269 0.0264817 0.0296605 -0.0108159 -0.00384932 0.0155395 -0.0611281
internal_weight=3.14411e+08 2.48792e+08 6.56184e+07 1.29793e+08 1.18999e+08 4.38778e+07 6.15801e+07 2.17406e+07 2.82562e+07 6.82129e+07 4.5314e+07 1.56216e+07 4.79507e+07 7.36853e+07 4.89879e+07 1.27167e+07 5.85317e+07 1.36294e+07 1.9225e+07 2.46674e+07 2.32546e+07 1.46448e+07 1.36113e+07 2.98571e+07 1.89148e+07 1.14465e+07 1.86558e+07 1.37894e+07 2.06466e+07 9.02395e+06
internal_count=8550000 5360087 3189913 4767591 592496 2379038 2810178 810875 1627005 1957413 343495 752033 2180171 249001 1333211 567058 182789 630007 624202 220408 1156420 829076 797929 995582 37832 32182 924366 426151 123087 243817
cat_boundaries=0 3 6 8
cat_threshold=133177343 20480 1280 16656383 415244288 1100 2415657010 4294475776
is_linear=0
shrinkage=0.15


Tree=17
num_leaves=31
num_cat=2
split_feature=1 1 1 5 6 6 5 6 2 2 2 8 8 6 2 8 0 8 5 2 2 8 8 0 8 6 2 7 2 2
split_gain=3.25103e+06 795986 486088 168510 147834 120284 50325.4 49546.6 49375.2 38193 37388.2 34321.5 30467.6 27201.7 25891.5 21809.1 20746.5 19914 17522.2 14998.9 14995.8 14464.9 14275.4 14127.8 13961.3 12719 11971.7 13271.2 11658.1 10985
threshold=0.65161132812500011 2.3095703125000004 0.19708251953125003 6.5000000000000009 69.500000000000014 8.5000000000000018 1.5000000000000002 1.5000000000000002 -8.4999999999999982 -88.499999999999986 -29.499999999999996 -0.69838228821754444 -1.0829483270645139 23.500000000000004 -20.499999999999996 -0.26895771920680994 0 -0.59565961360931385 10.500000000000002 -130.49999999999997 -9.4999999999999982 -0.31947705149650568 -0.62905207276344288 1 -1.0343946218490598 17.500000000000004 -108.49999999999999 -2.0657209157943721 -130.49999999999997 -1.4999999999999998
decision_type=2 2 2 2 2 2 2 2 2 2 2 2 2 2 2 2 9 2 2 2 2 2 2 9 2 2 2 2 2 2
left_child=2 3 7 6 8 12 -2 -1 18 17 15 29 28 20 -6 26 -12 -7 -3 -14 21 -8 -16 -13 -9 -11 -5 -28 -4 -10
right_child=1 4 5 10 14 9 13 24 11 25 16 23 19 -15 22 -17 -18 -19 -20 -21 -22 -23 -24 -25 -26 -27 27 -29 -30 -31
leaf_value=-0.06078261149537921 -0.02057808996898956 0.001366657978418037 -0.049172534101300451 -0.014346776041836713 0.012325647012178738 -0.027598518310800735 -0.014269346124909151 -0.050525293938873068 0.021515211265429265 -0.015545795558370601 0.010306780919026729 0.0055067610059028231 -0.034277070009160131 -0.0026405816527463335 0.022788285871817002 0.0055748233266382482 0.0031576407543532328 -0.015985004535485226 0.0082347996570306843 -0.023234797508222122 -0.0020331979006279655 -0.0046573313202219954 0.018312385379861074 0.014222423808188275 -0.039233112176435062 -0.0066024835147932264 0.0023997555169797033 -0.0061965496685852635 -0.034845923753551666 0.037975209208738835
leaf_weight=8130973.2057619095 6979624.3219137192 13674648.633256912 2820275.004450798 2312780.842959404 10759272.665549278 7797923.3494911194 14853827.854217052 5002649.4412565231 3316323.2115373611 8072579.6313719749 14024887.384732246 5938522.126958847 5501641.4666910172 19151981.000644684 28475776.972312927 6955318.2175607681 26185053.891264915 5787869.027153492 21495892.324835777 5569752.0718917847 4124444.8735456467 4617783.894071579 36691032.980352402 14168997.283638 4853638.7489666939 6426272.1398601532 6625006.0931501389 10359299.789435387 2336948.1215209961 1258444.945725441
leaf_count=230334 318186 145391 100613 75963 57650 397053 741173 199010 20148 494952 339783 59334 274132 860519 60481 274771 1017337 349943 160770 324834 220989 274742 136060 99568 245696 388439 184046 377043 114515 6525
internal_value=-0.000636981 0.0069492 -0.0313186 -0.00216466 0.0147482 -0.0228771 -0.00876869 -0.052115 0.00917356 -0.0169365 0.00277653 0.0143164 -0.0331578 -0.00684053 0.0191427 -0.00162651 0.0056512 -0.0226509 0.0055644 -0.028722 -0.0102495 -0.0119898 0.0202682 0.0116484 -0.0449646 -0.0115819 -0.00422211 -0.00284342 -0.0426806 0.0260431
internal_weight=3.14269e+08 2.51969e+08 6.23005e+07 1.1619e+08 1.35779e+08 4.43133e+07 4.97277e+07 1.79873e+07 5.98528e+07 2.80846e+07 6.64623e+07 2.46823e+07 1.62286e+07 4.2748e+07 7.59261e+07 2.62524e+07 4.02099e+07 1.35858e+07 3.51705e+07 1.10714e+07 2.35961e+07 1.94716e+07 6.51668e+07 2.01075e+07 9.85629e+06 1.44989e+07 1.92971e+07 1.69843e+07 5.15722e+06 4.57477e+06
internal_count=8550000 5430479 3119521 4684552 745927 2444481 2415609 675040 491736 1630387 2268943 185575 814094 2097423 254191 911823 1357120 746996 306161 598966 1236904 1015915 196541 158902 444706 883391 637052 561089 215128 26673
cat_boundaries=0 3 6
cat_threshold=2166226944 4294935040 15 4198399 2048 64
is_linear=0
shrinkage=0.15


Tree=18
num_leaves=31
num_cat=3
split_feature=1 5 6 1 6 2 1 2 2 2 6 8 8 2 8 0 0 8 8 6 8 2 1 7 2 7 0 2 2 6
split_gain=2.86642e+06 738337 399161 137243 119641 70128.2 69167.3 63182.4 37967 35260.4 30939.3 26938.7 26136.2 25786.7 24228.5 21795.3 20971.4 20622.9 19497.9 17817.3 15285.9 14749.8 14735 12861.3 11891.2 13637.2 11679.7 11263.8 10753.6 10425.5
threshold=0.58666992187500011 10.500000000000002 4.5000000000000009 4.8847656250000009 24.500000000000004 -161.49999999999997 0.12603759765625003 -72.499999999999986 -13.499999999999998 -20.499999999999996 12.500000000000002 -0.8567863106727599 -0.80699115991592396 -5.4999999999999991 -1.0829483270645139 0 1 -0.43166071176528925 -0.26630720496177668 83.500000000000014 -0.26630720496177668 -1.4999999999999998 1.8940429687500002 -1.5751983523368833 -4.4999999999999991 -0.8348727524280547 2 -84.499999999999986 -1168.4999999999998 324.50000000000006
decision_type=2 2 2 2 2 2 2 2 2 2 2 2 2 2 2 9 9 2 2 2 2 2 2 2 2 2 9 2 2 2
left_child=2 4 6 9 7 11 28 12 18 17 -7 -4 -2 20 -8 -11 -5 27 22 26 -9 29 -6 -19 25 -17 -10 -3 -1 -18
right_child=1 3 5 16 8 10 14 13 19 15 -12 -13 -14 -15 -16 24 21 23 -20 -21 -22 -23 -24 -25 -26 -27 -28 -29 -30 -31
leaf_value=-0.065105310445513181 -0.028957080699836296 -0.010466362321134915 -0.039723485915613727 0.0087976341629229394 -0.0058178060103738745 -0.022998389774135861 -0.04892861761223205 -0.0088057141497157373 0.0021338000494181479 0.0062525389124878086 -0.011916186334450338 -0.025434970469106581 -0.013815129274141217 0.0036493070221385515 -0.034598178156815387 0.017191699242954744 0.015786729777394603 0.011247544543733704 0.0035743246538787678 0.033317162260734008 0.00066715079765983904 0.021528744018873065 0.0014363739942154868 0.0028513124387403023 0.016829077737857991 0.0087593247073794438 0.010134663872632082 0.0018532735206033 -0.054482348124771152 0.022439441772870421
leaf_weight=3713888.1237411499 3323492.6807985306 1949807.9402914047 5160723.6511855125 5750056.3233795166 19867841.600258827 11182979.819375515 4812811.1235151291 24512476.396495819 8221519.8605794907 15543680.062562943 11493838.688281536 6989943.8202061653 11236113.843953609 5775623.5891833305 5919472.51851511 5851886.5149841309 38459709.275989532 10326995.781246185 12458071.659421921 560850.82723903656 4543120.719461441 20947672.283668518 9225770.9642210007 6812924.3986768723 12007386.560133934 16434027.871905327 8199541.7875232697 11629100.892065048 5072593.1893367767 6147219.4749908447
leaf_count=89873 126251 41934 234274 30374 866513 668022 185698 1131789 294175 332604 703453 394007 589302 250016 303198 43027 147583 175528 463216 6940 233442 37803 110628 154292 116720 211320 210422 198850 190703 8043
internal_value=-0.000604467 0.00594919 -0.0319321 0.0126906 -0.00353661 -0.0223084 -0.0491039 -0.00897351 0.00105106 0.00844805 -0.0173813 -0.0315037 -0.0172716 -0.00550489 -0.0410246 0.0109119 0.0174835 0.00445081 -0.00139119 0.00702682 -0.00732454 0.0182454 -0.00351746 0.00791014 0.0130238 0.0109735 0.00612889 8.42857e-05 -0.0589725 0.0167035
internal_weight=3.14131e+08 2.59785e+08 5.43463e+07 1.5186e+08 1.07924e+08 3.48275e+07 1.95188e+07 4.93908e+07 5.85336e+07 8.05558e+07 2.26768e+07 1.21507e+07 1.45596e+07 3.48312e+07 1.07323e+07 4.9837e+07 7.13047e+07 3.07188e+07 4.15517e+07 1.69819e+07 2.90556e+07 6.55546e+07 2.90936e+07 1.71399e+07 3.42933e+07 2.22859e+07 1.64211e+07 1.35789e+07 8.78648e+06 4.46069e+07
internal_count=8550000 5780772 2769228 1498078 4282694 1999756 769472 2330800 1951894 1274275 1371475 628281 715553 1615247 488896 703671 223803 570604 1440357 511537 1365231 193429 977141 329820 371067 254347 504597 240784 280576 155626
cat_boundaries=0 3 4 7
cat_threshold=48250879 16384 768 6295039 33075199 1073758272 1416
is_linear=0
shrinkage=0.15


Tree=19
num_leaves=31
num_cat=3
split_feature=1 1 1 5 6 6 1 5 2 6 8 2 8 8 2 6 8 2 2 0 8 6 0 2 8 4 5 3 2 0
split_gain=2.52735e+06 631807 386728 132548 123733 90293.6 46480.4 40184.7 38740.1 33162.5 28679.8 25877.8 25270.2 23379.9 21560.9 20019.1 16992.3 16558.5 13829 13070.6 11718.8 11361.8 11028.4 10618.4 10074.6 12340 10224.3 10218.3 9590.97 9511.61
threshold=0.58666992187500011 2.0888671875000004 0.19049072265625003 5.5000000000000009 61.500000000000007 7.5000000000000009 0.094268798828125014 1.5000000000000002 -9.4999999999999982 34.500000000000007 -0.49572065472602839 -6.4999999999999991 -0.58676064014434803 -1.0829483270645139 -104.49999999999999 17.500000000000004 -1.3814180493354795 -43.499999999999993 -54.499999999999993 0 -0.54574802517890919 102.50000000000001 1 -130.49999999999997 -0.38856694102287287 44.500000000000007 122.50000000000001 12.500000000000002 -130.49999999999997 2
decision_type=2 2 2 2 2 2 2 2 2 2 2 2 2 2 2 2 2 2 2 9 2 2 9 2 2 2 2 2 2 9
left_child=2 3 6 7 8 13 -1 20 19 17 14 21 -10 28 -7 -9 -8 -5 -11 -3 -2 -6 -20 -15 25 27 -27 -13 -4 -14
right_child=1 4 5 9 11 10 16 15 12 18 -12 24 29 23 -16 -17 -18 -19 22 -21 -22 -23 -24 -25 -26 26 -28 -29 -30 -31
leaf_value=-0.060142968756415616 -0.024591562565749247 0.00013603842994771242 -0.047585934332372397 -0.0071701099227718876 0.0099639530598678739 -0.025780001301110207 -0.054131793408173881 -0.01194379247049499 0.019075080360450861 -0.0016845073467754944 -0.0085976615592522013 0.019765697731192917 0.0032439390736081308 -0.032856002292895398 -0.015171879146941215 -0.0045628341747856616 -0.039623023410156978 -0.00011820133056650607 0.0094153007120805019 0.0059694139300963331 -0.012803274694925907 0.015193072531457227 0.0032685167071118482 -0.022228644204817648 0.014560972541432635 0.036547853945128952 0.01186884531935373 0.032912161682852888 -0.033274759678013292 0.010512614104137894
leaf_weight=6405061.2036414146 4377003.6813879013 15675715.573447227 2442024.2983222008 10715007.203500748 20134953.124307632 7988423.5353808403 2482879.4037413597 13770912.296366692 6547281.6379556656 6881124.536646843 6858143.4216742516 26511600.929853439 5861215.736032486 4472603.2713150978 9364484.6144199371 20690636.682704926 6764506.9562690258 24905823.200287819 11320540.473507881 19262294.198581219 3349389.6393504143 17453003.443185806 15642009.137097359 4013746.6815643311 16898032.757472038 401249.51000976562 6439273.1815185547 1400559.2197570801 1853260.6644749641 13113206.141483307
leaf_count=201203 187101 184232 94589 494099 120723 433780 91397 763243 44012 228865 455533 67508 78676 234387 568771 1048700 349164 1129976 261874 168381 187800 64332 574454 243568 65213 473 3908 1584 96836 105618
internal_value=-0.00057266 0.00546724 -0.030557 -0.00307253 0.0118366 -0.0221943 -0.0503214 -0.00970432 0.00659736 0.000955158 -0.0168098 0.0153862 0.0110399 -0.0323937 -0.0200553 -0.00751228 -0.0435186 -0.00223947 0.00431754 0.00335214 -0.0194813 0.012392 0.00584932 -0.0278296 0.0175653 0.0190261 0.0133165 0.0204254 -0.0414112 0.00826732
internal_weight=3.13996e+08 2.61351e+08 5.26451e+07 1.11652e+08 1.49698e+08 3.69927e+07 1.56524e+07 4.21879e+07 6.04597e+07 6.94645e+07 2.42111e+07 8.92387e+07 2.55217e+07 1.27816e+07 1.73529e+07 3.44615e+07 9.24739e+06 3.56208e+07 3.38437e+07 3.4938e+07 7.72639e+06 3.7588e+07 2.69625e+07 8.48635e+06 5.16507e+07 3.47527e+07 6.84052e+06 2.79122e+07 4.29528e+06 1.89744e+07
internal_count=8550000 5780772 2769228 4876112 904660 2127464 641764 2186844 580919 2689268 1458084 323741 228306 669380 1002551 1811943 440561 1624075 1065193 352613 374901 185055 836328 477955 138686 73473 4381 69092 191425 184294
cat_boundaries=0 3 6 9
cat_threshold=108543743 134230016 5 123600896 4294934528 91 4196351 16777216 64
is_linear=0
shrinkage=0.15


Tree=20
num_leaves=31
num_cat=3
split_feature=5 1 1 4 6 6 1 4 6 8 8 4 8 0 2 8 0 8 0 8 6 2 2 2 1 6 2 2 7 7
split_gain=2.24229e+06 547455 375717 117812 103777 73848.2 60564.1 38380.3 37975.8 30974.4 29583.2 28178.6 21761.8 19552.2 16321.7 15822.9 15779.7 11444.5 11326.3 10758.8 9810.12 9747.27 9648.82 9507.42 8866.84 8395.22 8286.13 8202.89 10392.7 8181.84
threshold=2.5000000000000004 1.8500976562500002 0.22955322265625003 5.5000000000000009 22.500000000000004 11.500000000000002 0.10226440429687501 1.5000000000000002 48.500000000000007 -0.5032827854156493 -1.0461925864219663 1.5000000000000002 -0.96045237779617298 0 -252.49999999999997 -0.51872825622558583 1 -0.48851017653942103 2 -1.0697455406188963 112.50000000000001 -53.499999999999993 -31.499999999999996 -1355.9999999999998 12.058593750000002 46.500000000000007 -23.499999999999996 -9.4999999999999982 -1.4943387508392332 -0.77814099192619313
decision_type=2 2 2 2 2 2 2 2 2 2 2 2 2 9 2 2 9 2 9 2 2 2 2 2 2 2 2 2 2 2
left_child=2 4 6 8 7 10 23 9 16 19 21 15 -8 24 -7 -6 -3 22 -13 -2 -10 -4 -12 -1 -5 -17 29 28 -15 -9
right_child=1 3 5 13 11 14 12 26 20 -11 17 18 -14 27 -16 25 -18 -19 -20 -21 -22 -23 -24 -25 -26 -27 -28 -29 -30 -31
leaf_value=-0.06528854162448379 -0.02582791750237198 4.3880581026109061e-05 -0.04117834984225436 0.0091743298164432639 -0.0081341597873600437 -0.02202701869691779 -0.046189982528666129 -0.0013699663649801217 0.0083943161626965114 -0.0070872889097758195 -0.028208348131384241 0.0067448310000395783 -0.03254599989000468 0.017142551695445263 -0.010796890471874508 -0.0022899081015442411 0.0062000588790633278 -0.015423172492784467 0.0010260548522842364 -0.015702211355960231 0.014760203663865849 -0.025220237808867726 -0.014802024363864574 -0.053750599894888632 0.014881500112053201 0.0056066828931118041 -0.0010604109436268823 0.016777508044329752 0.008556787576094035 -0.012629712032755055
leaf_weight=2663856.7602524757 3007837.3129200935 21005270.160840988 3543724.4829115868 19077467.744340897 9624084.3534054756 3702975.9617629051 5931482.9815165997 2418561.9083061218 31570907.682413101 10456590.309199333 7329041.5250105858 12886939.194323063 4725870.5274319649 5833831.4303846359 13630815.596263409 14158627.288011551 16910158.856986046 3121216.8317184448 19710535.906995296 10978788.326597691 6582399.6624889374 1137675.6109547615 1446282.6946492195 4049872.5689208508 9021521.248916626 3853767.4653973579 9724042.1738190651 45174588.170834541 6952693.0949897766 3633445.8229908943
leaf_count=68705 148893 363790 148611 119480 403672 174615 269831 125837 251761 640871 395304 398524 273078 21859 727003 741003 185976 200584 894472 616851 29936 59068 86524 162171 17552 144882 523863 123397 36699 195188
internal_value=-0.000541788 0.00506119 -0.0292306 0.0104524 -0.00364005 -0.0200414 -0.0471695 -0.00954022 0.00615154 -0.0132628 -0.0271991 0.000299589 -0.0401397 0.0142539 -0.013196 -0.00322396 0.00278952 -0.0232242 0.00328689 -0.0178798 0.00949259 -0.0373002 -0.0259988 -0.0583286 0.0110067 -0.000600426 -0.00377244 0.0158281 0.012474 -0.00812998
internal_weight=3.13865e+08 2.62582e+08 5.12828e+07 1.62129e+08 1.00453e+08 3.39117e+07 1.73711e+07 4.02193e+07 7.60687e+07 2.44432e+07 1.65779e+07 6.0234e+07 1.06574e+07 8.60601e+07 1.73338e+07 2.76365e+07 3.79154e+07 1.18965e+07 3.25975e+07 1.39866e+07 3.81533e+07 4.6814e+06 8.77532e+06 6.71373e+06 2.8099e+07 1.80124e+07 1.5776e+07 5.79611e+07 1.27865e+07 6.05201e+06
internal_count=8550000 5984506 2565494 1150450 4834056 1791709 773785 2251503 831463 1406615 890091 2582553 542909 318987 901618 1289557 549766 682412 1292996 765744 281697 207679 481828 230876 137032 885885 844888 181955 58558 321025
cat_boundaries=0 3 6 9
cat_threshold=1341145087 31552 1280 16293887 1266737152 1164 2304638976 4294934529 15
is_linear=0
shrinkage=0.15


Tree=21
num_leaves=31
num_cat=3
split_feature=1 4 1 6 6 6 2 6 2 8 2 8 2 6 8 0 6 6 0 6 8 2 8 0 8 8 2 8 4 6
split_gain=1.97867e+06 503805 297823 137999 99354.4 71302.3 44707.1 36116.2 30100.2 26272.2 25588.9 22723.2 20661.9 20425.3 17220.2 16837.9 15985 15598.3 12097 11166.9 10205.1 10112.3 9404.88 8969.8 8895.14 8719.36 8126.81 8006.1 7293.13 14561.7
threshold=0.52124023437500011 2.5000000000000004 0.16998291015625003 28.500000000000004 56.500000000000007 7.5000000000000009 -135.49999999999997 1.5000000000000002 -4.4999999999999991 -0.28143824636936182 -123.49999999999999 -1.1998882889747617 -182.49999999999997 49.500000000000007 -0.76630118489265431 0 112.50000000000001 12.500000000000002 1 29.500000000000004 -0.18918933719396588 -130.49999999999997 -1.1998882889747617 2 -1.3814180493354795 -0.87122806906700123 -133.49999999999997 -0.90067613124847401 44.500000000000007 345.50000000000006
decision_type=2 2 2 2 2 2 2 2 2 2 2 2 2 2 2 9 2 2 9 2 2 2 2 9 2 2 2 2 2 2
left_child=2 3 7 6 8 11 14 24 19 17 -5 26 27 20 -2 -10 23 -8 -14 -3 -12 -13 -9 -6 -1 -17 -4 -7 29 -18
right_child=1 4 5 10 16 12 9 22 15 -11 13 21 18 -15 -16 25 28 -19 -20 -21 -22 -23 -24 -25 -26 -27 -28 -29 -30 -31
leaf_value=-0.063467975521070905 -0.028584341166971117 0.00022957193225168229 -0.047801640084756077 -0.0083292966710554663 0.0082387802506282831 -0.033435702094494799 -0.013972087314368527 -0.049251159997195489 0.0049284127580436201 0.00026414814784635535 -0.00088031635009859369 -0.031758777774684777 -0.0092327598583513172 0.0062606641780509039 -0.014194402577005077 0.023756853112335951 0.014058000774790828 -0.0068732271237490665 -0.018078254055680629 0.0050308729743231782 0.0065319400561850921 -0.021701229805815757 -0.037334759798850557 0.012619152900094866 -0.051955238559148305 0.012437440578206551 -0.032646100516747253 -0.020657110378597073 0.010416749553952465 0.020846991936992677
leaf_weight=3201685.8012092113 2678752.596953392 17144721.868087292 1998227.0668959618 5215852.8472428322 17926964.823695183 1614326.8970427513 9404202.7212719917 2396535.79306674 6890179.6939826012 9190877.9072213173 26908916.001543045 5038484.523879528 7140637.8991208076 21423956.528474808 6206160.8086023331 1881384.9074311256 33158022.410675049 26844029.458977222 6783465.3732852936 29920294.546896935 4947658.6421642303 4063211.7609682083 3940418.1543834209 25451779.806355476 2857842.5234444141 8225148.7404117584 1323273.3153185844 3483886.4663062096 7428966.1931152344 9048491.3397216797
leaf_count=92567 108105 558525 80950 179742 147067 80362 490618 106889 164486 480709 897463 278074 476858 344725 338023 27420 90588 1283996 418763 563221 174402 256424 221095 146929 119687 123881 72781 210388 4602 10660
internal_value=-0.000511969 0.00428914 -0.0300681 -0.00335776 0.00978155 -0.0223057 -0.00880157 -0.0497586 0.0052358 -0.00689876 0.00169777 -0.0311442 -0.0165334 0.00267936 -0.0185329 0.0106464 0.0129123 -0.00871495 -0.0135421 0.00328187 0.000270884 -0.0272689 -0.0418414 0.0108089 -0.0580382 0.0145446 -0.0417637 -0.0247034 0.0147506 0.0155135
internal_weight=3.13738e+08 2.69896e+08 4.3842e+07 1.1282e+08 1.57076e+08 3.14455e+07 5.4324e+07 1.23965e+07 6.40617e+07 4.54391e+07 5.84964e+07 1.24232e+07 1.90223e+07 5.32805e+07 8.88491e+06 1.69967e+07 9.30142e+07 3.62482e+07 1.39241e+07 4.7065e+07 3.18566e+07 9.1017e+06 6.33695e+06 4.33787e+07 6.05953e+06 1.01065e+07 3.3215e+06 5.09821e+06 4.96355e+07 4.22065e+07
internal_count=8550000 6135162 2414838 4297783 1837379 1874600 2701451 540238 1437533 2255323 1596332 688229 1186371 1416590 446128 315787 399846 1774614 895621 1121746 1071865 534498 327984 293996 212254 151301 153731 290750 105850 101248
cat_boundaries=0 3 6 9
cat_threshold=80773119 0 1884 2684092530 4294475776 2 335044607 272636130 1280
is_linear=0
shrinkage=0.15


Tree=22
num_leaves=31
num_cat=5
split_feature=1 1 1 5 4 5 8 1 8 8 6 4 0 2 6 8 8 2 0 0 0 8 8 5 7 0 8 2 2 2
split_gain=1.74778e+06 480968 239190 104203 93200.5 53901.4 34300.1 32964.5 29655.4 27299.2 26025.8 24080.6 22061.5 20368.7 18411.1 16594.9 13929.6 13834.8 12718.6 12273.1 10883.7 10733 9416.26 9346.68 13809.6 8871.55 8521.9 8434.75 8019.02 7915.82
threshold=0.46374511718750006 1.8061523437500002 0.16278076171875003 4.5000000000000009 4.5000000000000009 1.5000000000000002 -0.51040461659431446 0.075714111328125014 -1.1090693473815916 -0.24887576699256894 45.500000000000007 1.5000000000000002 0 -25.499999999999996 8.5000000000000018 -0.74838927388191212 -1.3814180493354795 -1.4999999999999998 1 2 3 -0.50705319643020619 -0.59100970625877369 122.50000000000001 -0.3508469015359878 4 -0.26630720496177668 -2.4999999999999996 -4.4999999999999991 -3.4999999999999996
decision_type=2 2 2 2 2 2 2 2 2 2 2 2 9 2 2 2 2 2 9 9 9 2 2 2 2 9 2 2 2 2
left_child=2 3 7 6 10 8 13 -1 -4 11 19 22 -6 14 -2 -7 -9 25 -13 -3 -11 -10 -5 24 -19 -14 -8 -20 -21 -12
right_child=1 4 5 9 12 15 26 16 21 20 29 18 17 -15 -16 -17 -18 23 27 28 -22 -23 -24 -25 -26 -27 -28 -29 -30 -31
leaf_value=-0.060322076597324685 -0.027301650909952246 -0.0023985326257643159 -0.041126499300810068 -0.0098454171513012046 0.0060282978169416577 -0.021584466672436096 -0.007896980806724194 -0.053177627448178041 -0.027929879448774852 0.01169738517260477 0.0063486671165773299 -0.0033136743024346333 0.013626410858197947 -0.0066192963213572804 -0.014849654684751162 -0.010941582117850608 -0.038910694978489278 0.030971390115355536 0.0018964369723390732 0.0023275194715714313 0.0024588761377572687 -0.015399004376855426 -0.0036702069939947299 0.01151998614799378 0.016131775076867395 0.0098851250647240107 -0.00041169822821221215 0.013101369636478781 0.010600054870348392 0.013268748732396906
leaf_weight=3917591.4541335106 3562666.4907484055 12441742.119310856 3748879.9979770184 8852265.3887877464 14255366.715065956 6606483.9158556461 13542640.731397152 2213684.9900388718 7464595.062643528 3864410.0446872711 30927200.607289314 12366152.175057888 22067858.767841339 4747894.7728528976 10682852.900776386 6579093.6611413956 5058056.7779223919 1568113.7564601898 16505225.474393845 17838278.683627605 11140461.801955223 1937033.9940509796 14920452.687150955 8852129.2127075195 14080032.503723145 40310847.059835434 4579365.0695953369 1663990.0318393707 3093749.5530738831 4227667.607172966
leaf_count=133573 176810 255067 177407 384895 114405 406300 806782 91123 433763 144381 249968 598998 83284 264403 550389 447103 280908 2023 593897 241669 588966 132562 732368 5996 44438 178968 291659 60076 44777 33042
internal_value=-0.000483292 0.00364501 -0.030857 -0.00425974 0.00860359 -0.0230511 -0.0106738 -0.0492298 -0.0298461 -0.000825163 0.00433269 -0.0023899 0.0114976 -0.0151279 -0.0179638 -0.0162741 -0.0432539 0.012395 0.000397055 0.00133251 0.00483821 -0.0253481 -0.00596967 0.0154153 0.0176189 0.0112087 -0.00600548 0.00292262 0.0035502 0.00718086
internal_weight=3.13617e+08 2.76091e+08 3.75254e+07 1.06428e+08 1.69663e+08 2.63361e+07 3.71154e+07 1.11893e+07 1.31505e+07 6.9313e+07 6.85286e+07 5.43081e+07 1.01134e+08 1.89934e+07 1.42455e+07 1.31856e+07 7.27174e+06 8.6879e+07 3.05354e+07 3.33738e+07 1.50049e+07 9.40163e+06 2.37727e+07 2.45003e+07 1.56481e+07 6.23787e+07 1.8122e+07 1.81692e+07 2.0932e+07 3.51549e+07
internal_count=8550000 6447261 2102739 5193624 1253637 1597135 2090043 505604 743732 3103581 824523 2370234 429114 991602 727199 853403 372031 314709 1252971 541513 733347 566325 1117263 52457 46461 262252 1098441 653973 286446 283010
cat_boundaries=0 1 4 7 10 13
cat_threshold=106962943 12648447 21592 2036 10224895 134266880 1028 2415132672 4292809729 23 1015808 4290445312 129
is_linear=0
shrinkage=0.15


Tree=23
num_leaves=31
num_cat=2
split_feature=5 6 1 4 6 3 1 8 8 2 2 7 6 8 2 8 7 8 0 2 8 8 5 0 2 2 7 5 2 2
split_gain=1.54599e+06 338475 316785 86140.7 69993 58114 45743.1 41511.3 27185.3 25652.2 20486.1 22575.5 19699.5 18434.9 15562.3 13833.6 13460.4 11950 11143.5 10971.8 10718.7 10401.6 10149.2 10013.9 9820.53 9404.65 9888.14 9368.42 9129.58 9103.76
threshold=2.5000000000000004 39.500000000000007 0.19708251953125003 1.5000000000000002 10.500000000000002 1.5000000000000002 0.085052490234375014 -0.51872825622558583 -1.0461925864219663 -5.4999999999999991 -41.499999999999993 -2.037299275398254 14.500000000000002 -1.0577546954154966 -281.49999999999994 -0.21838261932134626 -0.17664775252342221 -0.70839497447013844 0 -56.499999999999993 -0.35308517515659327 -0.21526571363210675 122.50000000000001 1 -1.4999999999999998 -25.499999999999996 -1.1112502813339231 8.5000000000000018 -2.4999999999999996 -26.499999999999996
decision_type=2 2 2 2 2 2 2 2 2 2 2 2 2 2 2 2 2 2 9 2 2 2 2 9 2 2 2 2 2 2
left_child=2 3 6 7 8 10 -1 12 29 15 20 -12 -2 -8 -6 27 -11 22 -18 -10 -3 -9 28 -19 -20 -13 -27 -5 -7 -4
right_child=1 5 4 9 14 17 13 21 19 16 11 25 -14 -15 -16 -17 18 23 24 -21 -22 -23 -24 -25 -26 26 -28 -29 -30 -31
leaf_value=-0.057959635743618225 -0.017952257270939714 -0.0015139908266068201 -0.037264894347230619 -0.0036772273595598697 -0.021471866552683495 0.012755022785466792 -0.045953061500198872 -0.0046283859136176291 -0.023856886664311631 0.019896798616858495 0.01338100274472446 0.0012201045184225725 -0.0084837989203182477 -0.031991090498570393 -0.00969839556780548 0.0059857197119885996 0.00093043257138223658 0.0073054658528741842 0.0056839285056849457 -0.013019969887492227 0.0056980500160279729 0.0028052646444728657 0.010074018617460956 0.011749506972750757 0.017964890488776041 0.011063591906615534 0.0054417602800130209 0.00097684857630560696 0.019598473928473713 -0.018318501731373654
leaf_weight=4376591.3005506992 7950264.6261847019 11442934.859668732 4128587.3213844299 20191081.816135883 3021346.5876588821 8874535.6265764236 4328829.4251930714 23455529.891965389 8402722.7550959587 1574022.7591052055 10417116.389231682 8684496.5327100754 13074768.626431942 4184771.3641841412 15410143.932736874 6612933.3599510193 6764412.2230353355 18406197.501696587 4685704.3492467403 2803401.5221295357 7795415.6511063576 5168510.5041217804 9615120.0911865234 30009228.065871239 2131490.2464504242 8954606.364631176 32914989.46234417 18785770.517520905 8672375.9461317062 662141.12041974068
leaf_count=165749 450894 221393 199237 909875 150238 33106 212038 1165087 504122 26224 67346 160511 597768 258564 857899 231976 225517 138747 123398 179657 175919 248732 6848 131074 45699 71970 464174 467169 21079 37990
internal_value=-0.000455734 0.00398549 -0.025439 -0.00236866 -0.0179292 0.00848819 -0.0454969 -0.00700338 -0.0251889 0.00141943 0.00567597 0.00702254 -0.0120641 -0.0390902 -0.0116283 -0.000357825 0.00676561 0.0114728 0.00524379 -0.0211458 0.00140834 -0.00328613 0.013991 0.01006 0.00952373 0.00571233 0.0066441 -0.00143409 0.0161373 -0.0346463
internal_weight=3.135e+08 2.66182e+08 4.73185e+07 1.10394e+08 3.44283e+07 1.55787e+08 1.28902e+07 4.96491e+07 1.59969e+07 6.07454e+07 8.02096e+07 6.09712e+07 2.1025e+07 8.5136e+06 1.84315e+07 4.55898e+07 1.51556e+07 7.55775e+07 1.35816e+07 1.12061e+07 1.92384e+07 2.8624e+07 2.7162e+07 4.84154e+07 6.81719e+06 5.05541e+07 4.18696e+07 3.89769e+07 1.75469e+07 4.79073e+06
internal_count=8550000 5984506 2565494 4492339 1929143 1492167 636351 2462481 921006 2029858 1161313 764001 1048662 470602 1008137 1609020 420838 330854 394614 683779 397312 1413819 61033 269821 169097 696655 536144 1377044 54185 237227
cat_boundaries=0 3 6
cat_threshold=83116031 67117056 2046 2409684991 186728 1024
is_linear=0
shrinkage=0.15


Tree=24
num_leaves=31
num_cat=3
split_feature=1 1 6 6 1 1 2 2 2 0 0 8 8 2 0 8 8 8 8 2 2 8 5 8 2 5 8 6 7 2
split_gain=1.37521e+06 383464 188360 81641.3 76840.3 40744.5 34395.7 28659.7 25940 24527.9 20808.2 17115.3 16938.1 14795.4 14529.6 13558.4 12994.4 12139.5 11283.5 10708.4 10526.7 10479.5 9675.81 9467.49 8760.03 11661.1 8556.86 8330.57 8263.73 7995.34
threshold=0.41979980468750006 1.6459960937500002 3.5000000000000004 18.500000000000004 3.7333984375000004 0.10226440429687501 -98.499999999999986 -196.49999999999997 -101.49999999999999 0 1 -0.8284427523612975 -1.2798475027084348 -35.499999999999993 2 -0.94334077835082997 -0.62441974878311146 -0.20092346519231793 -0.30263704061508173 -6.4999999999999991 -20.499999999999996 -0.62905207276344288 122.50000000000001 -0.51872825622558583 -1.4999999999999998 17.500000000000004 -0.16337971389293668 35.500000000000007 -1.4750037789344785 -3.4999999999999996
decision_type=2 2 2 2 2 2 2 2 2 9 9 2 2 2 9 2 2 2 2 2 2 2 2 2 2 2 2 2 2 2
left_child=2 3 5 6 9 -1 11 15 23 17 -6 -2 -7 -11 27 -4 -9 -3 19 -8 -12 22 24 -5 -22 -26 -16 -10 -23 -15
right_child=1 4 7 8 10 12 18 16 14 13 20 -13 -14 29 26 -17 -18 -19 -20 -21 21 28 -24 -25 25 -27 -28 -29 -30 -31
leaf_value=-0.055978452084268486 -0.027708192274895082 -0.0016170874619651453 -0.036632318395925033 -0.013480414787378341 0.0026807432186532385 -0.048011397649824407 -0.010155318451982106 -0.02021318481096122 -8.8065593659841776e-05 0.0010508357049129956 0.0062130772295673929 -0.013996113505354067 -0.032466955876143323 0.0059088201432721246 -0.0031936066543511005 -0.023437959040536475 -0.0099255559594638755 0.005201927242181238 0.00070712422416958551 -0.00034540255707925824 0.012713885185762554 0.015845298549590027 0.0091624061120999106 -0.0042499305508724413 0.040422838382220348 0.017219488206019238 0.0059022651880145287 0.0053782497495233894 0.0088493745688506889 0.011226860124599026
leaf_weight=4715807.2790074348 2883062.0143461227 22326892.800534248 2929153.3461253643 4636660.193614006 8564953.8460617065 2426141.8901174068 17753746.245882034 8705377.7458720207 13601561.199395657 12319080.759041309 11747667.244522572 7072418.4776773453 4507656.1301403046 30258375.61295414 27890708.727884293 4361580.957249403 4046715.1581306458 7971278.7631258965 3272953.7475056648 2914695.4434871674 17502168.387486458 4187745.4080524445 10696220.472747803 5425890.8882594109 523859.26316928864 6987743.7581558228 2538895.8975329399 11642093.741184235 40923503.81687355 8053955.2176971436
leaf_count=194934 139273 495252 158808 216132 57564 109531 1029759 571442 671875 130083 65830 436706 264802 294318 1421554 276428 287544 177296 214488 168750 54963 12617 7639 305490 2740 13148 136571 400012 159967 74484
internal_value=-0.0004294 0.0029035 -0.0300537 -0.00457774 0.00699754 -0.0452218 -0.0105573 -0.0212374 -0.00149438 0.0035527 0.00975418 -0.0179671 -0.037906 0.00557277 -0.000227586 -0.028739 -0.0169485 0.000176957 -0.00747606 -0.00877191 0.0104087 0.0110185 0.0129383 -0.00850319 0.0145529 0.0188377 -0.00243469 0.00243294 0.00949882 0.00702677
internal_weight=3.13389e+08 2.81696e+08 3.16924e+07 9.96327e+07 1.82063e+08 1.16496e+07 3.38969e+07 2.00428e+07 6.57358e+07 8.09296e+07 1.01134e+08 9.95548e+06 6.9338e+06 5.06314e+07 5.56733e+07 7.29073e+06 1.27521e+07 3.02982e+07 2.39414e+07 2.06684e+07 9.25689e+07 8.08212e+07 3.571e+07 1.00626e+07 2.50138e+07 7.5116e+06 3.04296e+07 2.52437e+07 4.51112e+07 3.83123e+07
internal_count=8550000 6686511 1863489 5140610 1545901 569267 1988976 1294222 3151634 1171433 374468 575979 374333 498885 2630012 435236 858986 672548 1412997 1198509 316904 251074 78490 521622 70851 15888 1558125 1071887 172584 368802
cat_boundaries=0 3 4 7
cat_threshold=116408319 16384 256 3583 2474573842 4294934528 3
is_linear=0
shrinkage=0.15


Tree=25
num_leaves=31
num_cat=2
split_feature=1 1 1 5 6 6 6 2 2 8 8 2 8 8 2 8 7 7 2 7 0 7 2 6 2 8 7 4 2 0
split_gain=1.21389e+06 326711 180587 72334.9 67073.3 45399.5 30637.9 24418.3 23993.4 21015.2 16265.5 15584.2 15658.9 14653.1 13599.2 13096.6 12368.6 11224 12249.6 13525 11007.2 10320.1 9695.1 8929.55 8810.4 8144.7 7947.81 9691.33 7741.69 7578.02
threshold=0.41979980468750006 1.6459960937500002 0.14129638671875003 2.5000000000000004 56.500000000000007 5.5000000000000009 28.500000000000004 -10.499999999999998 -868.49999999999989 -0.6428525149822234 -1.3814180493354795 -23.499999999999996 -0.5032827854156493 -0.87122806906700123 -6.4999999999999991 -0.71359094977378834 -0.42575989663600916 -0.45755527913570399 -36.499999999999993 -1.2022283673286436 0 -1.5131961703300474 -18.499999999999996 7.5000000000000009 -101.49999999999999 -1.4097833037376402 -0.34384852647781367 44.500000000000007 -88.499999999999986 1
decision_type=2 2 2 2 2 2 2 2 2 2 2 2 2 2 2 2 2 2 2 2 9 2 2 2 2 2 2 2 2 9
left_child=2 3 8 9 7 10 11 17 -1 23 -4 12 -5 -9 -6 24 -15 18 21 -20 -8 28 -21 -2 -7 -10 27 -16 -3 -17
right_child=1 4 5 6 14 15 20 13 25 -11 -12 -13 -14 16 26 29 -18 -19 19 22 -22 -23 -24 -25 -26 -27 -28 -29 -30 -31
leaf_value=-0.057874370894296714 -0.025979547049855719 -0.0047223428969234574 -0.043519397727876004 -0.010994898164279326 0.0069586329046359583 -0.025209835887983496 0.0035076763353956257 0.015353331775272967 -0.050798189988484031 -0.0084038452498909726 -0.027279090208048251 -0.0014237446297715442 -0.0037924952483396474 0.015341048603800693 0.01372935495056141 -0.0063932450031853839 0.0040819520936523296 -0.0055611289669678359 0.010817132039831661 -0.0013235474097733546 -0.001695018505968182 -0.0086550861780350964 0.0059311075009473883 -0.01514301024866551 -0.015083696184089798 -0.0372650047684248 0.0086862824732589373 0.0072930884920532147 0.0030130255217357699 -0.016556002108726212
leaf_weight=3261669.4610161781 2539918.4844403267 4311811.7509274483 1780653.9369220734 12925642.327363491 48270146.053665161 4603792.3705043793 18119435.746393681 3494952.7979354858 1414523.2838897705 10546062.704254627 6286075.6384985447 17012004.632337093 14312344.293713093 2401979.0249652863 21526681.455687523 3026799.6098065376 25514998.483202934 5582374.9678516388 5014692.7186079025 9221300.2174553871 18482664.672317505 3501025.5685601234 7528826.8701219559 5242044.2922067642 3332791.8025913239 3419329.7831528187 31046896.576377869 6967496.1887817383 8961182.4510016441 3631773.6433486938
leaf_count=127651 133280 85244 86951 692734 271527 283688 706478 28653 67979 664423 395340 942176 866241 23105 49133 222888 359080 100402 54715 149374 852362 66654 100881 282916 228182 208266 117952 4017 135164 242544
internal_value=-0.000404183 0.00267659 -0.0287029 -0.00425873 0.00642825 -0.0218332 -0.00233003 0.00300061 -0.0479331 -0.012767 -0.030864 -0.00498568 -0.00721036 0.00619698 0.00882968 -0.0168419 0.00505069 0.000724968 0.00163551 0.00398322 0.000880514 -0.00141071 0.00193727 -0.0186799 -0.0209576 -0.0412252 0.0103465 0.0121555 0.000500145 -0.0119363
internal_weight=3.13282e+08 2.82524e+08 3.07574e+07 9.91801e+07 1.83344e+08 2.26619e+07 8.08521e+07 7.55331e+07 8.09552e+06 1.8328e+07 8.06673e+06 4.425e+07 2.7238e+07 3.14119e+07 1.07811e+08 1.45952e+07 2.7917e+07 4.41212e+07 3.85388e+07 2.17648e+07 3.66021e+07 1.6774e+07 1.67501e+07 7.78196e+06 7.93658e+06 4.83385e+06 5.95411e+07 2.84942e+07 1.3273e+07 6.65857e+06
internal_count=8550000 6686511 1863489 5140610 1545901 1459593 4059991 1103272 403896 1080619 482291 2501151 1558975 410838 442629 977302 382185 692434 592032 304970 1558840 287062 250255 416196 511870 276245 171102 53150 220408 465432
cat_boundaries=0 3 6
cat_threshold=400490518 4294934528 1 133693458 3621683200 3
is_linear=0
shrinkage=0.15


Tree=26
num_leaves=31
num_cat=2
split_feature=1 4 6 6 1 2 8 8 2 2 8 0 8 7 2 1 0 6 7 2 6 2 2 6 8 8 2 7 5 7
split_gain=1.07053e+06 283709 169331 97947.2 41960.2 33865.2 32662.3 29356.3 19266.1 18959.8 17411.9 15535.1 15319.2 14841.6 13392.6 12407.5 11510.4 11260.6 10788.6 9303.63 10000.3 8787.55 8378.96 8064.57 7986.98 7499.81 6843.85 8682.5 7685.93 6829.47
threshold=0.41369628906250006 2.5000000000000004 2.5000000000000004 24.500000000000004 3.7333984375000004 -137.49999999999997 -0.8567863106727599 -1.3814180493354795 -114.49999999999999 -185.49999999999997 -0.4142503142356872 0 -0.81467890739440907 -3.8700060844421382 -56.499999999999993 0.085052490234375014 1 11.500000000000002 -1.8155751824378965 -6.4999999999999991 12.500000000000002 -4.4999999999999991 -12.499999999999998 34.500000000000007 -0.91769665479660023 -0.63830843567848194 -1.4999999999999998 -0.71349313855171193 12.500000000000002 -2.1865807771682735
decision_type=2 2 2 2 2 2 2 2 2 2 2 9 2 2 2 2 9 2 2 2 2 2 2 2 2 2 2 2 2 2
left_child=2 3 7 5 11 12 9 -1 24 -4 19 21 -2 -10 29 -9 -6 -8 -16 20 -7 -3 -20 -13 -5 -17 27 -18 -28 -15
right_child=1 4 6 8 16 10 17 15 13 -11 -12 23 -14 14 18 25 26 -19 22 -21 -22 -23 -24 -25 -26 -27 28 -29 -30 -31
leaf_value=-0.05599271125948569 -0.02573292142566155 0.0050207733178648439 -0.034083536773883594 -0.017082490056827788 0.0025294247101590359 -0.013874284490963543 -0.0187342712991065 -0.050213946601853222 0.0076836029739867587 -0.020814342462815487 -0.0023847752676075342 -0.00051584771168444602 -0.012413871306455968 -0.0012750657953609725 0.0071250908504722045 -0.036374315343249926 0.0099692809720004806 -0.0089964507205661931 -0.0010439639885275361 -0.00027968077287795508 -0.0072976945906403643 0.011297900627183196 0.0037068377434264317 0.0036436730609733011 -0.0043195681904280329 -0.017476437840855882 0.027902333437864864 0.0063909809311259828 0.010702294781789912 -0.0087939862707403903
leaf_weight=3535344.7687389851 2751529.9686312675 19970897.646316051 4365109.0476722717 1321489.3364772797 6557448.7473688126 8364941.7459974289 6698464.2952330112 1363957.5714879036 7428886.5413765907 5445205.6991827488 15572454.170497417 17274446.841667175 6612196.6017346382 7792749.9023880959 7086172.5622324944 2975981.0789685249 30569327.121536255 4444923.1263906956 22509636.880534649 2588348.9537024498 13759452.191205502 6701927.2796459198 13281429.244793415 26694109.581588745 6679590.0404729843 561686.30506753922 598519.60973834991 30459498.856758118 25040612.069608688 4173871.1510663033
leaf_count=145837 129823 346509 255766 36068 38933 472939 466672 69196 136332 368001 870374 632306 396972 268700 143204 172107 100028 311834 734926 136506 712833 93287 362436 490241 276695 40795 3699 119177 43348 174456
internal_value=-0.00038013 0.00244215 -0.0276314 -0.00310186 0.00649942 -0.00820196 -0.0204067 -0.0455743 0.00050139 -0.0267185 -0.00631325 0.00374201 -0.0163277 0.00139165 0.000539372 -0.0380599 0.00858885 -0.01485 0.00177769 -0.00878874 -0.00978422 0.00659799 0.000718974 0.00200947 -0.00642754 -0.0333738 0.00904731 0.00818335 0.0111038 -0.00389761
internal_weight=3.1318e+08 2.8379e+08 2.93907e+07 1.19923e+08 1.63867e+08 4.96489e+07 2.09537e+07 8.43697e+06 7.02738e+07 9.81031e+06 4.02852e+07 7.06414e+07 9.36373e+06 6.22727e+07 5.48439e+07 4.90162e+06 9.32254e+07 1.11434e+07 4.28772e+07 2.47127e+07 2.21244e+07 2.66728e+07 3.57911e+07 4.39686e+07 8.00108e+06 3.53767e+06 8.6668e+07 6.10288e+07 2.56391e+07 1.19666e+07
internal_count=8550000 6719792 1830208 4852264 1867528 2719447 1402273 427935 2132817 623767 2192652 1562343 526795 1820054 1683722 282098 305185 778506 1240566 1322278 1185772 439796 1097362 1122547 312763 212902 266252 219205 47047 443156
cat_boundaries=0 3 4
cat_threshold=3490676736 4294935424 3 3583
is_linear=0
shrinkage=0.15


Tree=27
num_leaves=31
num_cat=4
split_feature=5 1 1 4 6 8 1 2 0 6 8 8 0 8 0 2 8 8 8 0 2 1 1 8 2 7 8 7 2 5
split_gain=946976 246612 171781 56162.1 55824.1 42018.5 28052 23904 20064.8 18917.4 18487.7 15253.8 14419.6 13426.5 12436.4 11993.7 10147 10043.7 9425.04 7685.29 7123.49 6601.66 6452.52 6339.07 6223.52 6835.33 6048.98 5916.78 5908.46 6392.35
threshold=1.5000000000000002 1.4301757812500002 0.16278076171875003 4.5000000000000009 16.500000000000004 -0.75413367152214039 0.065338134765625014 -50.499999999999993 0 5.5000000000000009 -0.77969628572463978 -0.28388747572898859 1 -1.4733637571334837 2 -2.4999999999999996 -0.21231501549482343 -0.24033227562904355 -0.40854722261428827 3 -12.499999999999998 3.5419921875000004 3.7333984375000004 -0.99063310027122486 -22.499999999999996 -1.8874787688255308 -1.4097833037376402 -1.2990263700485227 -3.4999999999999996 122.50000000000001
decision_type=2 2 2 2 2 2 2 2 9 2 2 2 9 2 9 2 2 2 2 9 2 2 2 2 2 2 2 2 2 2
left_child=2 4 6 8 7 9 -1 10 16 26 -2 12 20 -8 -5 17 -3 21 -7 -13 -6 -10 -11 -17 -16 -26 -4 -12 -27 -30
right_child=1 3 5 14 11 18 13 -9 15 22 27 19 -14 -15 24 23 -18 -19 -20 -21 -22 -23 -24 -25 25 28 -28 -29 29 -31
leaf_value=-0.058149805826919233 -0.02117576597679734 -0.002746473592062303 -0.04160170245746151 0.0050452685808463045 -0.0017858376257703223 -0.015247067159840189 -0.050829794306668272 -0.0055319962402621591 0.0011018595869124168 -0.020505047406719532 -0.0069735270524386066 0.0081513498488457788 -0.0058522308748750612 -0.034496540686053317 0.0037014351130835671 0.028317585484212322 0.0033142558210550802 0.0070951772296911943 -0.0057015015577964118 0.00036368273504797007 0.005048770649590183 0.0053586833370874347 0.032276231861011716 0.0093868546444270205 0.014087898660395915 0.0068669563205429581 -0.029494466095827034 -0.015057101358562698 0.010972730014019752 0.0066168946499835096
leaf_weight=2344260.4597063065 5397721.5924985409 19874215.422524929 1310097.8313372135 33296019.380949974 15755400.680281401 7945926.7725863457 1530581.4890706539 14017769.167812824 31020481.380108833 5668588.6423082352 5440953.4391162395 3871366.4165830612 21998376.953983068 4352814.0394530296 5601116.6269388199 436946.97126483917 9043713.9046292305 12320665.249117374 3291404.1707680225 10819792.692959309 4386510.6301066875 11141267.743321896 52597.304090499878 4464030.5243406296 5279196.5600337982 28821082.28910923 3187539.0973658562 3256827.0996797085 26545788.055534363 10610545.596008301
leaf_count=99036 333852 519838 62270 247975 774779 486969 75136 893840 482881 319760 366765 190549 1186173 280725 32582 4559 230491 140210 218542 627127 198923 66883 488 55741 11542 144677 188855 215806 85955 7071
internal_value=-0.000357262 0.00231261 -0.0258473 0.00520753 -0.00445073 -0.0187812 -0.0442744 -0.00991803 0.00238916 -0.0257421 -0.0142799 -0.00174618 -0.00319717 -0.0387457 0.00746678 0.00396704 -0.000851057 0.00332768 -0.0124512 0.00241587 -0.000297395 0.00222673 -0.0200198 0.0110746 0.00851582 0.00889426 -0.0330211 -0.0100004 0.00847869 0.00972886
internal_weight=3.13084e+08 2.834e+08 2.96838e+07 1.98455e+08 8.49447e+07 2.14562e+07 8.22766e+06 2.81133e+07 8.83013e+07 1.02188e+07 1.40955e+07 5.68314e+07 4.21403e+07 5.8834e+06 1.10154e+08 5.93834e+07 2.89179e+07 5.44824e+07 1.12373e+07 1.46912e+07 2.01419e+07 4.21617e+07 5.72119e+06 4.90098e+06 7.68577e+07 7.12566e+07 4.49764e+06 8.69778e+06 6.59774e+07 3.71563e+07
internal_count=8550000 6818219 1731781 2030405 4787814 1276884 454897 1810263 1500603 571373 916423 2977551 2159875 355861 529802 750274 750329 689974 705511 817676 973702 549764 320248 60300 281827 249245 251125 582571 237703 93026
cat_boundaries=0 2 5 8 11
cat_threshold=7868415 16384 2474508288 4294942849 9 267403263 6737 1024 234389504 4193948672 23
is_linear=0
shrinkage=0.15


Tree=28
num_leaves=31
num_cat=0
split_feature=1 6 1 2 2 2 8 3 2 6 7 2 7 7 2 8 8 2 7 2 7 2 7 8 2 8 8 2 7 6
split_gain=837597 213323 153135 68505.7 40886.2 34111.9 29039.2 25514.9 21856.7 18873.2 18111.7 25582.2 14055.9 13529.7 12638.8 12356.4 11204.8 10767.2 23475.2 10322.8 10240 9918.66 9359.93 9291.7 9230.76 8050.26 7983.73 7709.61 9083.66 7456.95
threshold=0.41369628906250006 36.500000000000007 0.13372802734375003 -73.499999999999986 -348.49999999999994 -10.499999999999998 -0.7726859152317046 1.5000000000000002 -1168.4999999999998 8.5000000000000018 -1.2674574851989744 -29.499999999999996 -0.60570153594017018 -0.45755527913570399 -3.4999999999999996 -0.13050989806652066 -1.1090693473815916 -36.499999999999993 -1.2022283673286436 -18.499999999999996 -2.0103300809860225 -147.49999999999997 -0.73457178473472584 -1.2798475027084348 -43.499999999999993 -0.58259227871894825 -1.0343946218490598 -1.4999999999999998 -0.048116061836481087 7.5000000000000009
decision_type=2 2 2 2 2 2 2 2 2 2 2 2 2 2 2 2 2 2 2 2 2 2 2 2 2 2 2 2 2 2
left_child=2 3 8 6 16 15 29 10 -1 23 24 22 -13 -7 -15 17 -4 25 -19 -14 21 -8 -12 -6 -5 -3 -10 -9 -29 -2
right_child=1 5 4 7 9 13 20 27 26 -11 11 12 19 14 -16 -17 -18 18 -20 -21 -22 -23 -24 -25 -26 -27 -28 28 -30 -31
leaf_value=-0.057521211667860513 -0.02762566779451325 -0.00375340331966549 -0.041846395822327472 0.00032946369630941415 -0.030638635537409278 0.0096262968787732325 -0.0093360464548731398 0.003177694887492455 -0.044150073866934092 -0.010692523280652868 -0.005662490105598 0.004327840153379608 -0.007816090566195727 0.0029584323608533927 0.0074901684825621822 0.0092819136916676443 -0.026081304301519153 0.0075808319949234636 0.00067507842535949629 -0.001264289583558009 -0.013127775817973471 -0.0017723222440118682 -0.013165520708734883 -0.018200168753164818 0.0090123392533469036 0.0018762724407661853 -0.031029452636544809 0.03220072044419188 0.0081948624913256007 -0.015583347174709099
leaf_weight=2160629.4014692307 1515232.0589146614 8517794.1939578056 1621177.3751151562 9640415.8087234497 1688994.6821808815 34959035.060343742 6898417.8695573807 12419859.645979404 2713964.4564962387 8557459.9387459755 10697140.853390217 8080991.6287155151 6891176.5718326569 21127213.516325474 40184853.747454166 6520901.1984467506 2709967.06351614 20614259.640432358 23935959.268108368 25186365.313540459 4553917.9270963669 8977408.2254662514 5752778.9657282829 6757968.1797857285 3856975.7704086304 17369248.703893661 1695267.0683450699 428204.47382307053 2064882.798494339 4893348.5013551712
leaf_count=93145 77043 165351 82758 424777 108044 103080 406012 319167 157912 611167 525739 281805 331115 261005 232919 98564 171681 171943 386569 1075006 272358 464890 307202 487256 117242 410215 118245 4030 49327 234433
internal_value=-0.000335522 0.0020922 -0.0251375 -0.00301403 -0.0189714 0.00538938 -0.00962101 -0.000928377 -0.0451618 -0.0156574 -0.00212687 -0.00330414 -0.00126329 0.00727135 0.0059286 0.00303512 -0.0319823 0.0024568 0.00387051 -0.0026718 -0.00685753 -0.00505894 -0.00828641 -0.0206873 0.00281066 2.3901e-05 -0.0391054 0.00470574 0.012318 -0.0184306
internal_weight=3.12992e+08 2.85086e+08 2.79054e+07 1.11857e+08 2.13356e+07 1.73229e+08 2.68383e+07 8.50188e+07 6.56986e+06 1.70044e+07 7.01058e+07 5.66085e+07 4.01585e+07 9.62711e+07 6.13121e+07 7.69582e+07 4.33114e+06 7.04373e+07 4.45502e+07 3.20775e+07 2.04297e+07 1.58758e+07 1.64499e+07 8.44696e+06 1.34974e+07 2.5887e+07 4.40923e+06 1.49129e+07 2.49309e+06 6.40858e+06
internal_count=8550000 6719792 1830208 4890146 1460906 1829646 1454736 3435410 369302 1206467 3062886 2520867 1687926 597004 493924 1232642 254439 1134078 558512 1406121 1143260 870902 832941 595300 542019 575566 276157 372524 53357 311476
is_linear=0
shrinkage=0.15


Tree=29
num_leaves=31
num_cat=4
split_feature=5 1 1 6 6 6 1 0 8 8 8 0 2 8 2 0 8 2 2 7 7 2 8 8 2 7 8 2 0 7
split_gain=739617 180522 150390 42756.2 42570.1 39983.1 24083.6 18129.5 16957.2 15991 13771.3 13304.5 12335.8 11192.8 10061 9974.43 9673.07 8635.35 8573.66 8524.23 7885.77 9858.37 7741.18 7709.36 6793.28 10243.6 6710.48 6556.47 6362.57 6339.68
threshold=1.5000000000000002 1.4184570312500002 0.14886474609375003 14.500000000000002 56.500000000000007 7.5000000000000009 0.065338134765625014 0 -1.0577546954154966 -1.3542060852050779 -0.27178241312503809 1 -8.4999999999999982 -1.4733637571334837 -385.49999999999994 2 -0.28388747572898859 -27.499999999999996 -46.499999999999993 -0.35780513286590571 -0.45755527913570399 -18.499999999999996 -0.61987826228141774 -0.21231501549482343 -1.4999999999999998 -0.048116061836481087 -0.5032827854156493 -26.499999999999996 3 -1.2022283673286436
decision_type=2 2 2 2 2 2 2 9 2 2 2 9 2 2 2 9 2 2 2 2 2 2 2 2 2 2 2 2 9 2
left_child=2 3 6 8 7 9 -1 23 18 -4 11 27 20 -8 -7 -6 17 -10 -2 -14 21 29 -11 -3 -21 -26 -16 -5 -12 -9
right_child=1 4 5 10 15 14 13 12 16 22 28 -13 19 -15 26 -17 -18 -19 -20 24 -22 -23 -24 -25 25 -27 -28 -29 -30 -31
leaf_value=-0.056263159408605462 -0.02383779869714063 -0.0022162577930729364 -0.037618982824832913 -0.002377760929168389 0.007753282673729647 -0.022635924912996135 -0.049094092621353752 0.0033045939899174143 -0.010820029605947029 -0.02479682868348668 0.0075226716056760665 -0.0052817388955932569 0.016521514018795404 -0.0325088817986115 -0.012901666384065525 0.0049385060402609851 0.0039547357118985202 -0.0034803880999752113 -0.010336135474858931 0.0040015138913048857 -0.0029247777845908445 0.0080887417366046679 -0.013956973649451795 0.0027817065740225778 0.021057721344691079 0.0056837691157305839 -0.0050959215234914618 0.0030496095233872146 0.00034381491076195447 -0.0021471833479322485
leaf_weight=2101578.1256382465 2420562.778627634 24156141.394617081 1775362.2568395138 12524900.128174543 56342365.942722321 1656738.644194603 1248695.357262373 13873651.433904648 11457100.33878088 5282881.5863995552 3863475.3533005714 26252268.932692766 1774845.8979883194 3431579.8844206333 6847255.9720239639 56964731.511214256 1529036.5481534004 5263767.6068539619 1880192.9224009514 13859365.104728699 6215913.0741376877 6517735.1376914978 2060470.9033179283 9745617.2552938461 1456070.4087772369 2952249.967218399 3883473.3602070808 8344798.058052063 9885294.127494812 7337468.9795155525
leaf_count=99036 149604 609858 94661 648932 191471 89227 67138 199846 774174 339849 190308 1456727 14465 236420 407992 299572 110190 341560 117688 170813 100089 73599 146997 251442 9860 33160 250461 385321 581231 108309
internal_value=-0.000315089 0.00198401 -0.0234473 -0.00388272 0.00441652 -0.0173056 -0.0429236 0.00193913 -0.00946198 -0.0248438 -0.00181578 -0.00303448 0.00364632 -0.0369338 -0.0117565 0.00633817 -0.0074652 -0.00850949 -0.0179352 0.00659712 0.00190403 0.0029865 -0.0217553 -0.000779511 0.00563289 0.0107618 -0.0100768 -0.000207614 0.00236112 0.00141868
internal_weight=3.12906e+08 2.84618e+08 2.8288e+07 8.34214e+07 2.01196e+08 2.15062e+07 6.78185e+06 8.78891e+07 2.25507e+07 9.11871e+06 6.08707e+07 4.7122e+07 5.39873e+07 4.68028e+06 1.23875e+07 1.13307e+08 1.82499e+07 1.67209e+07 4.30076e+06 2.00425e+07 3.39448e+07 2.77289e+07 7.34335e+06 3.39018e+07 1.82677e+07 4.40832e+06 1.07307e+07 2.08697e+07 1.37488e+07 2.12111e+07
internal_count=8550000 6818219 1731781 4755735 2062484 1329187 402594 1571441 1493216 581507 3262519 2490980 710141 303558 747680 491043 1225924 1115734 267292 228298 481843 381754 486846 861300 213833 43020 658453 1034253 771539 308155
cat_boundaries=0 3 6 9 12
cat_threshold=7868415 24576 1088 2470313984 4294811777 9 2148499456 4294680585 223 234393600 4292776960 23
is_linear=0
shrinkage=0.15


Tree=30
num_leaves=31
num_cat=4
split_feature=1 4 2 6 6 6 8 8 8 0 2 8 2 7 8 0 0 8 1 2 0 8 7 8 1 2 2 7 7 2
split_gain=652026 168848 128816 50359.8 40360 30201.6 26676.8 19365.2 13693.9 13166.8 12470.8 11901.8 10698 12989 10325.9 9009.23 8838.42 8276.42 6941.36 6927.4 6468.21 6343.95 6337.56 6053.41 5798.36 5749.44 5708.09 10781.5 9937.2 6101.61
threshold=0.39440917968750006 1.5000000000000002 -460.49999999999994 18.500000000000004 46.500000000000007 5.5000000000000009 -1.1835397481918333 -0.97084686160087574 -0.24318609386682508 0 -3.4999999999999996 -0.76630118489265431 -123.49999999999999 -3.8700060844421382 -0.33209887146949763 1 2 -0.17626105248928067 0.053512573242187507 -79.499999999999986 3 -0.23768226802349088 -0.14307978749275205 -0.96045237779617298 0.075714111328125014 -69.499999999999986 -25.499999999999996 -1.0671159029006956 -0.39446794986724848 -10.499999999999998
decision_type=2 2 2 2 2 2 2 2 2 9 2 2 2 2 2 9 9 2 2 2 9 2 2 2 2 2 2 2 2 2
left_child=2 3 6 7 9 11 18 -2 12 17 21 19 23 -14 20 -7 -6 -3 -1 -4 -9 26 -12 -5 -8 -15 27 -11 -28 -30
right_child=1 4 5 8 16 15 24 14 -10 10 22 -13 13 25 -16 -17 -18 -19 -20 -21 -22 -23 -24 -25 -26 -27 28 -29 29 -31
leaf_value=-0.061627361796510995 -0.018330812096183841 -0.0026016160901127039 -0.032105800364782167 -0.016708794247878873 0.0039497621769641585 -0.0087033481398394001 -0.045098459656580804 -0.012546052146068685 0.0030312331166815307 0.0028924496803356733 0.020481560494843832 -0.014872694874957999 0.0048048640201835005 -0.0060963463896245391 -0.001135449161433976 -0.017004020259978488 0.0066134575712134911 0.0046334964846030851 -0.046712350195094794 -0.019323821609929747 -0.0066796168555590578 0.0064187398988219731 0.0064929503181781071 -0.0057166670660741131 -0.028656415966350844 -0.0015483967524435513 0.0059542197926062967 -0.0063676684888705386 -0.0044455093014841348 0.0019378147989529558
leaf_weight=1015362.4596221447 4474697.1600129604 21468472.661047935 3775128.9340231419 1345687.8290967941 42027053.709517479 6247640.4859595299 599877.44735741615 7348874.7737121582 12194089.68791914 5499627.1281309128 795393.40862846375 1871690.16127038 6073191.380320549 8532177.5961284637 4543433.298813343 5560537.0504329205 84142170.008072853 4263972.2707929611 2275355.0230009556 1276639.3221087456 9960613.3843374252 5427861.8497800827 8692090.7753229141 6944338.4463653564 2468177.8720498085 23426104.477077007 9650671.861574173 5825678.9981856346 5075919.3293881416 10020691.865598202
leaf_count=42929 235152 792496 254131 42694 345171 474412 36578 454737 450348 150122 7427 144456 126799 377897 293285 392294 388441 156556 121402 96682 602019 113133 184514 324377 162350 857977 221592 237790 192986 269253
internal_value=-0.000295559 0.00172668 -0.0234863 -0.0038924 0.00407644 -0.0172242 -0.0419332 -0.00934062 -0.00144111 0.00136339 0.00275938 -0.0250901 -0.00261845 -0.00155416 -0.00749975 -0.0126122 0.00572618 -0.00140273 -0.0513144 -0.0288756 -0.00917027 0.00163774 0.0076657 -0.00750098 -0.0318712 -0.0027626 0.000918338 -0.00187091 0.0021948 -0.000208444
internal_weight=3.12823e+08 2.87733e+08 2.50904e+07 8.48432e+07 2.0289e+08 1.87316e+07 6.35877e+06 2.63276e+07 5.85156e+07 7.67204e+07 5.09879e+07 6.92346e+06 4.63215e+07 3.80315e+07 2.18529e+07 1.18082e+07 1.26169e+08 2.57324e+07 3.29072e+06 5.05177e+06 1.73095e+07 4.15005e+07 9.48748e+06 8.29003e+06 3.06806e+06 3.19583e+07 3.60726e+07 1.13253e+07 2.47473e+07 1.50966e+07
internal_count=8550000 6824766 1725234 3765285 3059481 1361975 363259 1585193 2180092 2325869 1376817 495269 1729744 1362673 1350041 866706 733612 949052 164331 350813 1056756 1184876 191941 367071 198928 1235874 1071743 387912 683831 462239
cat_boundaries=0 3 6 9 12
cat_threshold=67387391 0 1536 2683830354 4294344832 3 1541431295 14786 256 3537919 1342178304 1494
is_linear=0
shrinkage=0.15


Tree=31
num_leaves=31
num_cat=1
split_feature=5 6 1 8 4 2 8 8 6 7 2 8 8 2 7 2 8 6 1 7 2 7 2 7 7 2 0 1 2 7
split_gain=575705 133959 132895 40831.6 40498.5 29698.1 27965.9 17616.6 17032.6 13949.8 15163.8 10969.9 10634.6 10127.8 8456.51 19340.4 8258.77 7810.55 7743.69 7723.9 8569.77 7511.28 8698.62 7029.55 6406.78 7233.21 5975.63 5943.99 5884.96 11114.7
threshold=1.5000000000000002 30.500000000000004 0.12603759765625003 -0.87122806906700123 1.5000000000000002 -13.499999999999998 -0.80699115991592396 -1.5594790577888487 3.5000000000000004 -0.71349313855171193 -1.4999999999999998 -0.1682106405496597 -0.49572065472602839 -6.4999999999999991 -1.218275189399719 -36.499999999999993 -0.26630720496177668 9.5000000000000018 0.053512573242187507 -0.2553133070468902 -11.499999999999998 -2.9010163545608516 -94.499999999999986 -0.17097167670726773 -0.93134179711341847 -25.499999999999996 0 3.7333984375000004 -6.4999999999999991 -0.19381462037563321
decision_type=2 2 2 2 2 2 2 2 2 2 2 2 2 2 2 2 2 2 2 2 2 2 2 2 2 2 9 2 2 2
left_child=2 4 7 8 6 11 17 -1 -4 -7 28 14 -5 19 15 21 -8 -2 -9 20 24 22 -3 -15 -6 -26 -25 -10 -11 -30
right_child=1 5 3 12 13 9 16 18 27 10 -12 -13 -14 23 -16 -17 -18 -19 -20 -21 -22 -23 -24 26 25 -27 -28 -29 29 -31
leaf_value=-0.055855993729326904 -0.018393881943544486 -0.0023888823915549952 -0.033116105895833588 -0.014317113202861585 0.0031847115942512491 0.0084983424654122754 -0.0052852900341914966 -0.051468251574112688 -0.019668278690104627 0.0012185919656606825 0.0074046844232284227 0.00616214571239284 -0.0056462978626889877 0.013722570827959529 -0.00142867182625329 0.0059983453435537596 0.00050908729534747681 -0.0098778207667465125 -0.033432313277284798 -0.0057120484785938138 0.0086080738364793016 -0.002957616370222774 0.0047569247301068249 -0.0018526752019807462 -0.0066734380858510817 0.00012464909963918214 0.005566630028366752 0.033045910338365021 0.0063246230903652645 0.0013574433888391888
leaf_weight=1647237.31371665 3841334.6676785946 6388431.8645460606 3105988.6221821308 8322532.9830534458 6147342.3672003746 25557172.002624989 29775677.09891963 665847.201836586 5401953.7254903316 21419229.528268814 28561889.908856392 10516789.984856129 5153286.9564101696 1467678.9632508755 22474434.441636324 17829373.8622756 6798195.7554476261 6563676.7823493481 2738477.077422142 6627437.888972044 2386400.1841681004 13001295.407365799 9581818.1116719246 4051772.9254601002 5851754.812502861 8843852.9714164734 6149815.3896980286 48561.517988204956 24575591.605035305 17250548.774942875
leaf_count=82134 255796 208218 188126 541908 219526 72030 1727512 37075 336688 333157 125451 201772 349443 31187 490322 162427 376477 360471 195953 299021 68285 364527 151731 154942 290350 350335 188849 454 148967 236866
internal_value=-0.000277098 0.00170454 -0.0211781 -0.0161468 -0.00314358 0.0038809 -0.0061603 -0.0431217 -0.0242506 0.00539886 0.00453604 0.00164816 -0.0110013 0.00026928 0.000962883 0.00211134 -0.00420826 -0.0130218 -0.0369599 -0.00119522 9.3454e-05 -0.000280761 0.00189845 0.00401632 -0.000881422 -0.00258233 0.0026199 -0.0191986 0.00324054 0.00427599
internal_weight=3.12745e+08 2.85662e+08 2.70839e+07 2.20323e+07 8.85049e+07 1.97157e+08 4.69789e+07 5.05156e+06 8.5565e+06 1.17364e+08 9.18073e+07 7.97921e+07 1.34758e+07 4.15261e+07 6.92754e+07 4.68009e+07 3.65739e+07 1.0405e+07 3.40432e+06 2.98568e+07 2.32294e+07 2.89715e+07 1.59702e+07 1.16693e+07 2.0843e+07 1.46956e+07 1.02016e+07 5.45052e+06 6.32454e+07 4.18261e+07
internal_count=8550000 6818219 1731781 1416619 4322751 2495468 2720256 315162 525268 916471 844441 1578997 891351 1602495 1377225 886903 2103989 616267 233028 1227517 928496 724476 359949 374978 860211 640685 343791 337142 718990 385833
cat_boundaries=0 3
cat_threshold=9969663 134218240 1014
is_linear=0
shrinkage=0.15


Tree=32
num_leaves=31
num_cat=5
split_feature=1 4 6 6 1 8 8 8 2 0 8 2 7 8 2 0 8 8 8 5 3 2 7 2 0 2 7 7 0 0
split_gain=508586 128179 108892 41329.2 29669.1 26218.3 17924.1 15753.6 13040.3 12421.6 11312.8 8654.57 10994.2 8611.19 8529.84 8207.43 8182.81 7886.04 7459.63 7094.96 7088.22 6846.43 6954.99 6752.79 6048.4 5862.27 7641.67 5687.62 5630.61 5441.37
threshold=0.37609863281250006 1.5000000000000002 1.5000000000000002 17.500000000000004 3.3525390625000004 -1.1835397481918333 -1.4733637571334837 -1.0343946218490598 -303.49999999999994 0 -0.26895771920680994 -114.49999999999999 -2.4905071258544917 -0.36192916333675379 -185.49999999999997 1 -0.76023259758949269 -0.14188610762357709 -0.80699115991592396 122.50000000000001 9.5000000000000018 -4.4999999999999991 -0.31608141958713526 -63.499999999999993 2 -18.499999999999996 -1.2674574851989744 -3.4378176927566524 3 4
decision_type=2 2 2 2 2 2 2 2 2 9 2 2 2 2 2 9 2 2 2 2 2 2 2 2 9 2 2 2 9 9
left_child=2 3 6 7 9 14 -1 -2 -7 17 11 27 -13 24 -4 -10 19 -3 -8 20 -6 22 25 -14 -9 26 -11 -5 -12 -18
right_child=1 4 5 10 16 8 18 13 15 21 28 12 23 -15 -16 -17 29 -19 -20 -21 -22 -23 -24 -25 -26 -27 -28 -29 -30 -31
leaf_value=-0.053962567843307149 -0.017683498303148634 -0.00094034245899767585 -0.033844944688569238 -0.004680040421936274 0.0076299472662891589 -0.021808593760830022 -0.03915817663708001 -0.012397889207896353 -0.016824517480077662 0.004891289526078136 -4.7928504140924325e-05 0.0024850817516253306 -0.0077602631505803311 -0.0016525084441724512 -0.020085542649308088 -0.0080174990491311479 0.002515999936470479 0.0056246300847040791 -0.020879285670002357 0.0037273294616462409 0.016140883597270204 0.0065947599569343898 -0.0015078650421020763 -0.0018604054638179869 -0.0064122565920621899 0.0059457181112606058 -0.0011756795154789417 -0.013698298774788828 0.0058638405525482922 0.005191134032056237
leaf_weight=1831721.5909825563 3675804.569978714 40649721.146825314 2112782.3457589149 7726820.4690628052 21055273.080555916 3283886.0497026443 2148055.9502805471 6233333.8560621738 3597127.4995994568 8805738.8864865303 9767729.557369709 10973254.760345936 5681095.6337628365 5066980.6787204742 1948779.5394051075 7041559.8182265759 25813610.379421234 4580899.8084588051 655679.46205770969 9866250.3687438965 2458857.4188995361 10348964.563778877 8613032.2022418976 18841823.71148634 9724117.645175457 11752196.9564147 9948648.7427444458 1975875.8316941261 5764100.8850426674 50728542.284393311
leaf_count=94016 199381 1392086 139301 332764 63263 238070 137442 395209 268145 148582 412454 289445 276267 332384 144710 554185 125764 139446 50285 6595 3120 201465 286030 730102 603850 193489 322260 104873 176259 188758
internal_value=-0.00025974 0.00142966 -0.0219231 -0.00345045 0.00346714 -0.0166392 -0.0424227 -0.00862373 -0.0135458 0.00152116 -0.00134639 -0.0025465 -0.00146131 -0.00703977 -0.027243 -0.0109953 0.00514362 -0.00027545 -0.0348835 0.00710338 0.00851993 0.00316386 0.00225623 -0.00322719 -0.00875039 0.00331896 0.00167294 -0.00651654 0.00214602 0.00428895
internal_weight=3.12672e+08 2.90053e+08 2.26196e+07 8.54309e+07 2.04622e+08 1.79841e+07 4.63546e+06 2.47002e+07 1.39226e+07 9.46992e+07 6.07307e+07 4.51989e+07 3.54962e+07 2.10244e+07 4.06156e+06 1.06387e+07 1.09923e+08 4.52306e+07 2.80374e+06 3.33804e+07 2.35141e+07 4.94686e+07 3.91196e+07 2.45229e+07 1.59575e+07 3.05066e+07 1.87544e+07 9.7027e+06 1.55318e+07 7.65422e+07
internal_count=8550000 6923846 1626154 3852988 3070858 1344411 281743 1530824 1060400 2683358 2322164 1733451 1295814 1331443 284011 822330 387500 1531532 187727 72978 66383 1151826 950361 1006369 999059 664331 470842 437637 588713 314522
cat_boundaries=0 3 6 9 12 15
cat_threshold=111181823 27752 1968 524173 73568 2044 8322047 268435456 1490 397311 125422 992 1509957119 719296 256
is_linear=0
shrinkage=0.15


Tree=33
num_leaves=31
num_cat=1
split_feature=6 2 1 8 2 6 7 2 2 7 7 8 2 2 7 7 8 7 2 2 0 7 2 2 7 5 2 2 7 7
split_gain=450067 115119 101754 39906.3 34318.1 29737.1 17815.3 16936 16243.6 17371.6 15521 15077.5 14752 14376.7 16513.7 11575.9 10947.5 9880.34 9743.31 9710.25 8489.22 7343.62 7084.23 6879.66 6862.18 7534.01 7320.98 6728.94 6320.77 6224.18
threshold=7.5000000000000009 -36.499999999999993 0.12603759765625003 -0.58259227871894825 -130.49999999999997 45.500000000000007 -1.8874787688255308 -1355.9999999999998 -137.49999999999997 -1.6161528229713438 -1.186495244503021 -1.1998882889747617 -82.499999999999986 -11.499999999999998 -0.41764488816261286 -0.35780513286590571 -0.45598533749580378 -2.8100895881652828 -6.4999999999999991 -9.4999999999999982 0 -0.73457178473472584 -2.4999999999999996 -22.499999999999996 -0.27475874125957483 122.50000000000001 -1.4999999999999998 -20.499999999999996 -0.066658318042755113 -3.5078692436218257
decision_type=2 2 2 2 2 2 2 2 2 2 2 2 2 2 2 2 2 2 2 2 9 2 2 2 2 2 2 2 2 2
left_child=2 3 7 8 11 10 12 -1 -2 -10 -3 -4 29 14 23 -15 19 -7 21 -6 -17 27 -22 -12 25 26 -20 -19 -24 -5
right_child=1 5 4 6 16 17 -8 -9 9 -11 13 -13 -14 15 -16 20 -18 18 24 -21 22 -23 28 -25 -26 -27 -28 -29 -30 -31
leaf_value=-0.054198191850070965 -0.013406797401293035 0.0091995832932165924 -0.033379430823810063 0.00023808796161151947 -0.013852473318197871 0.010363437279230097 -0.0048619325060449041 -0.034694382190147977 -0.0017493226352717976 -0.010470045946482258 -0.0021161920004064217 -0.018829517852804577 0.0043860918818168513 0.0097929686624468378 -0.0066276376355111546 -0.0018065544358597692 0.0029976131201346202 0.0012538866998952889 0.007387958076001816 0.0012900436239800209 0.0013812513518020452 0.00013478844465869094 0.014706229680598822 0.0027183225615522665 0.0038897789991371029 0.0038823126743051978 0.015208240074900639 0.0055974229045978041 0.0044955838882974192 -0.0056274051366242642
leaf_weight=1455573.1166459322 8628321.4910621643 4788768.6585700512 2195112.8069765568 10896063.697581291 6197212.7395117283 6285123.7637548447 17479926.647502422 3212843.1929422617 11449161.049360752 9325710.3191988468 13211666.432566643 5935568.0029642582 15727828.687821865 4232436.678396225 10906495.20403409 11754050.87408638 1389661.6096999645 12916150.886676311 20792895.61666584 1125949.2116372585 16583238.321311712 16979772.440150261 1792956.411034584 13279847.679584503 34848896.654524088 12724698.552001953 3094256.044172287 21191444.944171906 5703003.5789208412 6498176.7934412956
leaf_count=78420 494567 111667 135827 521248 422674 21336 868339 236239 352948 513446 552672 422861 396197 81497 518613 439465 95741 155773 74293 68371 495685 188571 24196 407950 204848 8248 3753 130706 144522 379327
internal_value=-0.000243248 0.00130399 -0.0211799 -0.00354131 -0.0157487 0.00314045 -0.000987632 -0.0407755 -0.00793611 -0.005664 0.000912267 -0.0227577 0.001057 0.000399949 -0.00171517 0.00237423 -0.0092081 0.00456302 0.00426553 -0.0115243 0.00149797 0.00268367 0.00311105 0.000307287 0.0053964 0.00683048 0.00840097 0.00395258 0.00693787 -0.00195316
internal_weight=3.12603e+08 2.91091e+08 2.15119e+07 8.00052e+07 1.68435e+07 2.11086e+08 5.0602e+07 4.66842e+06 2.94032e+07 2.07749e+07 8.22525e+07 8.13068e+06 3.31221e+07 7.74637e+07 3.7398e+07 4.00657e+07 8.71282e+06 1.28833e+08 1.22548e+08 7.32316e+06 3.58332e+07 5.10874e+07 2.40792e+07 2.64915e+07 7.14607e+07 3.66119e+07 2.38872e+07 3.41076e+07 7.49596e+06 1.73942e+07
internal_count=8550000 7089867 1460133 3526072 1145474 3563795 2165111 314659 1360961 866394 2776267 558688 1296772 2664600 1479235 1185365 586786 787528 766192 491045 1103868 475050 664403 960622 291142 86294 78046 286479 168718 900575
cat_boundaries=0 3
cat_threshold=274431 0 1416
is_linear=0
shrinkage=0.15


Tree=34
num_leaves=31
num_cat=3
split_feature=1 1 6 2 0 8 8 2 8 8 0 7 0 7 2 8 2 7 2 8 1 5 8 5 1 7 7 8 3 2
split_gain=396049 123791 63482.4 42282.2 27418.5 18430.6 16549.3 16065.5 15305.2 13846.6 11459.8 10480 10335.2 8633.2 13773.6 7851.81 7822.84 7697.42 8196.74 7374.74 6455.17 6339.19 7720.6 6671.52 12589.9 6326.55 6274.58 6210.28 5952.71 5774.8
threshold=0.26818847656250006 1.3110351562500002 1.5000000000000002 -135.49999999999997 0 -0.98059532046318043 -0.58259227871894825 -20.499999999999996 -1.5594790577888487 -1.4097833037376402 1 -1.4022077918052671 2 -0.858402520418167 -4.4999999999999991 -0.61583271622657765 -25.499999999999996 -2.640560388565063 -356.49999999999994 -0.42605608701705927 0.053512573242187507 196.50000000000003 -0.47384424507617945 28.500000000000004 12.058593750000002 -0.27475874125957483 -0.16544266790151593 -0.1469248831272125 13.500000000000002 -79.499999999999986
decision_type=2 2 2 2 9 2 2 2 2 2 9 2 9 2 2 2 2 2 2 2 2 2 2 2 2 2 2 2 2 2
left_child=2 3 8 5 27 -2 10 11 -1 -4 -5 19 -8 -9 25 -11 -12 18 -7 29 -10 22 23 24 -16 -15 -24 -3 -25 -6
right_child=1 4 9 6 7 17 12 13 20 15 16 -13 -14 14 21 -17 -18 -19 -20 -21 -22 -23 26 28 -26 -27 -28 -29 -30 -31
leaf_value=-0.053657865559993009 -0.021586313753060835 -0.0012623228337685752 -0.031612675899306587 -0.0096733290366850938 -0.0040548597029999725 -0.01625326300057665 -0.0033598835592117808 0.0069236057730992905 -0.049708827045311342 -0.018525105703229332 -0.0055715691229593946 -0.0024083059315658075 0.0014465260804620028 0.0027849198373487388 0.0088568466691169492 -0.0072044339203853579 0.00075444874932958028 -0.016092705982820123 -0.0046579490462292364 0.0049974993454016689 -0.030493570057505699 -0.0016551302033269582 0.0063760571755774095 0.0049395553036520341 0.028075547802304014 -0.0017199640312929745 0.0015517883701906183 0.0038545862745972851 0.013254830083773683 0.0022068914810436093
leaf_weight=1400052.6709487438 3026796.0534214973 37151340.586931229 1549663.2773598433 8862012.0484185219 4581691.7107691765 1651983.6862375736 16878444.363427639 27341606.525082111 485673.95641839504 6655469.7743126154 11322601.703416348 12593880.740783215 24939578.094417572 30610824.044126987 9214563.4935879707 1738609.5813598633 7192129.8086497784 2410647.8412437439 8084687.4942450523 15895109.883113861 2069703.3962042332 2755631.7053222656 11009325.792712212 19310671.744125366 836556.19284820557 9099309.1640791893 13509779.310213089 6231984.3319439888 2153035.6542053223 11975014.61577177
leaf_count=77641 175658 911090 110708 539821 83123 105090 1054235 97830 30270 527512 665291 201766 1421144 289292 92970 146900 398533 165818 535675 194482 152480 1329 40970 31844 2705 143018 111046 132086 1662 108011
internal_value=-0.000227942 0.000924012 -0.024979 -0.00394289 0.00284035 -0.0111136 -0.00237038 0.0036953 -0.0410521 -0.0185854 -0.00523743 0.00126439 -0.000493421 0.00456546 0.00391088 -0.0161803 -0.0031142 -0.0085041 -0.00662528 0.00268969 -0.0341456 0.00536868 0.0057141 0.00726715 0.0104564 0.00175266 0.00371793 -0.000527282 0.00577366 0.000474094
internal_weight=3.12538e+08 2.98639e+08 1.38992e+07 8.43689e+07 2.1427e+08 1.51741e+07 6.91948e+07 1.70887e+08 3.95543e+06 9.94374e+06 2.73767e+07 4.50457e+07 4.1818e+07 1.25841e+08 9.84997e+07 8.39408e+06 1.85147e+07 1.21473e+07 9.73667e+06 3.24518e+07 2.55538e+06 5.87896e+07 5.60339e+07 3.15148e+07 1.00511e+07 3.97101e+07 2.45191e+07 4.33833e+07 2.14637e+07 1.65567e+07
internal_count=8550000 7504489 1045511 5061265 2443224 982241 4079024 1400048 260391 785120 1603645 587382 2475379 812666 714836 674412 1063824 806583 640765 385616 182750 282526 281197 129181 95675 432310 152016 1043176 33506 191134
cat_boundaries=0 1 4 7
cat_threshold=7344127 73498623 4144 2046 1342455789 7038 480
is_linear=0
shrinkage=0.15


Tree=35
num_leaves=31
num_cat=2
split_feature=6 2 1 8 2 4 7 8 7 2 2 2 2 7 7 0 8 2 7 2 8 7 7 0 2 7 2 7 8 8
split_gain=352272 95909.5 78231.1 33300 25215.6 24571.8 19670.1 16941.9 16701.5 14374.1 14292.9 12940.5 11723.9 12882.4 11700.2 8833.12 7710.02 7254.5 6226 7581.61 5648.69 5486.09 5442.13 5599.15 5273.26 7328.11 5400.57 5070.59 4747.69 4685.17
threshold=6.5000000000000009 -41.499999999999993 0.11795043945312501 -0.67108255624771107 -54.499999999999993 3.5000000000000004 -1.0964904427528379 -0.79319885373115528 -2.1865807771682735 -1662.4999999999998 -123.49999999999999 -11.499999999999998 -153.49999999999997 -2.0657209157943721 -0.51620122790336598 0 -1.6028365492820738 -90.499999999999986 -0.34384852647781367 -3.4999999999999996 -1.6028365492820738 -1.348125636577606 -4.4075307846069327 1 -1.4999999999999998 -1.6376057863235471 -26.499999999999996 -0.14307978749275205 -0.41750985383987421 -0.48480986058712
decision_type=2 2 2 2 2 2 2 2 2 2 2 2 2 2 2 9 2 2 2 2 2 2 2 9 2 2 2 2 2 2
left_child=2 3 9 12 7 6 -3 16 10 -1 -5 14 -2 -14 -8 -7 -4 -10 -13 -20 -11 -19 23 -12 25 -17 -27 -28 -9 -6
right_child=1 5 4 8 29 15 11 28 17 20 22 18 13 -15 -16 24 -18 21 19 -21 -22 -23 -24 -25 -26 26 27 -29 -30 -31
leaf_value=-0.054190503806162353 -0.014039501427905068 0.0051048702974437511 -0.036212798224413589 -0.0037409278441611375 -0.0076875536643558574 0.00017432961720179429 -0.00045310736397465067 -0.014414547942948865 -0.011678971855101359 -0.046276706891109853 0.013727688230087997 0.0058531449418080025 -0.0015298732451960917 -0.010312491186708643 -0.0061176372925352274 0.0066529735378697318 -0.022081161273267692 -0.001544416782217087 -0.0016690488469430888 0.0036741190507017102 -0.030204010505525243 -0.0069552186285388624 0.0015228402067772135 0.0033749519244072432 0.0058953920600880441 -0.0027425242091985678 0.0037872324120029697 0.00011858181027914111 -0.001092847663044144 0.0060405604257640936
leaf_weight=1093347.852203846 6365845.3428242207 16757731.09134388 1056681.9490303993 11182035.472337961 3244920.8116345406 13705717.428821087 21173614.931707144 3183363.6940603256 3065190.2760174274 638490.05135941505 1869137.4191737175 6139285.8239512444 6816977.2245342731 8373711.5741569996 13394703.277510643 15181344.878129482 4882082.152802825 10270301.445996761 14610832.130762339 10109341.551402092 2144159.4752261639 7152473.8461465836 15092275.900090218 3167085.3211903572 30649773.606615543 3455781.7333960533 66569180.813030481 9713640.0641419888 742285.40679740906 675855.08474183083
leaf_count=62544 384026 332404 64020 655760 218098 270508 777585 233112 206896 42944 37637 108723 203447 477263 688096 56351 353469 448427 574314 313179 172593 412123 520212 63910 90917 69815 477636 128801 59109 46081
internal_value=-0.000213395 0.0010193 -0.0207906 -0.00368159 -0.0154969 0.00257639 0.000519545 -0.0195415 -0.00161988 -0.0396178 0.000558911 -0.000654875 -0.00863572 -0.0063712 -0.00264803 0.00379012 -0.0245956 -0.00494958 0.00157783 0.000516045 -0.033892 -0.00376568 0.00294761 0.00721729 0.00418477 0.00363241 0.00305733 0.00332008 -0.0118956 -0.00532113
internal_weight=3.12477e+08 2.94816e+08 1.76612e+07 7.3355e+07 1.37852e+07 2.21461e+08 8.21855e+07 9.86441e+06 5.17985e+07 3.876e+06 3.13105e+07 6.54278e+07 2.15565e+07 1.51907e+07 3.45683e+07 1.39275e+08 5.93876e+06 2.0488e+07 3.08595e+07 2.47202e+07 2.78265e+06 1.74228e+07 2.01285e+07 5.03622e+06 1.2557e+08 9.49199e+07 7.97386e+07 7.62828e+07 3.92565e+06 3.92078e+06
internal_count=8550000 7298030 1251970 3409701 973889 3888329 2794301 709710 2344965 278081 1277519 2461897 1064736 680710 1465681 1094028 417489 1067446 996216 887493 215537 860550 621759 101547 823520 732603 676252 606437 292221 264179
cat_boundaries=0 1 4
cat_threshold=3583 1108799490 2950366208 718
is_linear=0
shrinkage=0.15


Tree=36
num_leaves=31
num_cat=3
split_feature=1 4 1 6 3 8 8 7 2 8 2 7 2 7 7 8 8 2 2 0 8 5 2 7 0 0 2 7 2 2
split_gain=308881 100549 49811.4 44951 16751.1 16690.1 14805.8 14349.8 12497.7 11669.8 9501.54 9202.81 8491.53 8485.63 8073.99 7967.98 7928.35 6636.77 6329.16 6266.11 5715.68 7124.19 9737.7 7213.64 7047.4 5352.34 4928.32 4902.33 4802.45 4781.44
threshold=0.24249267578125003 1.5000000000000002 0.085052490234375014 12.500000000000002 1.5000000000000002 -1.4733637571334837 -1.0960956811904905 -1.6161528229713438 -31.499999999999996 -0.33209887146949763 -94.499999999999986 -0.70289820432662953 -1662.4999999999998 -2.4905071258544917 -2.6806395053863521 -0.4142503142356872 -0.63830843567848194 -14.499999999999998 -396.49999999999994 0 -0.70839497447013844 28.500000000000004 -2.4999999999999996 -0.095276407897472368 1 2 -317.49999999999994 -0.71349313855171193 -12.499999999999998 -5.4999999999999991
decision_type=2 2 2 2 2 2 2 2 2 2 2 2 2 2 2 2 2 2 2 9 2 2 2 2 9 9 2 2 2 2
left_child=2 3 12 6 7 -4 -2 -3 -9 10 14 -10 -1 -12 26 25 18 -13 -7 -11 21 22 -6 24 -24 -8 -5 -22 -15 -29
right_child=1 4 5 9 20 16 15 8 11 19 13 17 -14 28 -16 -17 -18 -19 -20 -21 27 -23 23 -25 -26 -27 -28 29 -30 -31
leaf_value=-0.055489372238807552 -0.018297640238884971 0.0045737570795448858 -0.033974266072901868 -0.013067474436571884 0.0055942105139116811 -0.025981137224319967 -0.01323852842512113 -0.004284766463312592 0.0033936307356090259 -0.00089978137148388477 0.0030476111068502322 -0.0029457116986985163 -0.036840345793099839 -0.0038422333681316966 -0.012088347944712393 -0.0015655064229814395 -0.0069900753568338803 0.00096593682249721674 -0.015642993114503088 0.0039772798052286149 0.0059811373605590393 0.0042627619598277627 0.045147258380317641 0.011786815724660662 0.016267776945579925 -0.0069402057052712881 -0.0031698107493443625 0.00023630526907550257 0.0014747703490196249 0.0034019515601286083
leaf_weight=867571.9883004427 3676693.7902860641 23103157.399249077 1460906.9965512753 1256180.3141980171 5767675.1631219387 1951144.4559626579 5177810.9333970547 11312809.413861036 25194787.560058594 15479728.645044804 7135030.5530815125 13641774.656616211 1497764.0912556648 19978091.083491802 3727989.6517570019 3632071.8601555824 1573623.4822695255 34291311.993122816 4201857.8343468904 9605438.4469838142 11244482.405107021 25969009.754415512 330973.63347148895 2236208.2659542561 446830.27294540405 7338693.492431879 11442961.945142984 14756758.287315369 4726439.8012423515 39394016.610686779
leaf_count=50916 234124 239204 105897 68327 91372 148426 359518 443042 385178 705134 167748 507933 115700 941160 223699 257705 136657 806642 352320 333504 33726 34732 1561 31378 2018 509445 530949 225004 184191 322790
internal_value=-0.000199755 0.000724464 -0.0242688 -0.00336952 0.00256117 -0.0192713 -0.00970679 0.00126121 0.000354895 -0.00165671 -0.00302067 0.00107265 -0.0436805 -0.00150898 -0.00595067 -0.00775083 -0.0164913 -0.00014732 -0.0189213 0.00096771 0.00395716 0.00551169 0.009205 0.0161147 0.0285575 -0.0095457 -0.00414887 0.00313109 -0.00282499 0.00253927
internal_weight=3.1242e+08 3.00867e+08 1.15529e+07 9.31771e+07 2.0769e+08 9.18753e+06 1.98253e+07 1.07544e+08 8.44407e+07 7.33519e+07 4.82667e+07 7.31279e+07 2.36534e+06 3.18396e+07 1.64271e+07 1.61486e+07 7.72663e+06 4.79331e+07 6.153e+06 2.50852e+07 1.00146e+08 3.47507e+07 8.78169e+06 3.01401e+06 777804 1.25165e+07 1.26991e+07 6.53953e+07 2.47045e+07 5.41508e+07
internal_count=8550000 7640084 909916 4515504 3124580 743300 1360792 2381999 2142795 3154712 2116074 1699753 166616 1293099 822975 1126668 637403 1314575 500746 1038638 742581 161061 126329 34957 3579 868963 599276 581520 1125351 547794
cat_boundaries=0 3 6 9
cat_threshold=790527 64506 1984 25214976 1507319508 164 24640511 2099200 1495
is_linear=0
shrinkage=0.15


Tree=37
num_leaves=31
num_cat=2
split_feature=2 6 8 2 7 2 2 7 6 8 2 0 0 8 2 7 2 8 4 7 3 1 2 7 2 8 2 7 7 2
split_gain=274373 87367.6 46933.2 31909.1 28810.1 21178.9 14511.7 10801.1 10546.1 10369 9237.36 8896.78 8794.38 7461.32 7279.89 8432.3 7144.71 6472.53 6389.12 6119.08 5609.55 5476.86 5249.56 5139.56 6515.25 4646.47 4616.82 4610.66 4466.42 4452.06
threshold=-281.49999999999994 22.500000000000004 -1.2180951237678526 -64.499999999999986 -1.2512218356132505 -9.4999999999999982 -1168.4999999999998 -0.26810951530933375 4.5000000000000009 -0.13050989806652066 -1.4999999999999998 0 1 -0.26630720496177668 -10.499999999999998 -0.43366707861423487 -118.49999999999999 -1.2180951237678526 44.500000000000007 -2.9483686685562129 11.500000000000002 1.6157226562500002 -102.49999999999999 -2.9483686685562129 -133.49999999999997 -0.80699115991592396 -42.499999999999993 -0.60570153594017018 -0.62460699677467335 -20.499999999999996
decision_type=2 2 2 2 2 2 2 2 2 2 2 9 9 2 2 2 2 2 2 2 2 2 2 2 2 2 2 2 2 2
left_child=2 3 6 4 17 9 -1 18 25 12 -9 13 19 -5 15 -13 -6 -2 20 22 -7 -14 -3 -19 -25 -4 -21 -28 29 -23
right_child=1 5 8 11 16 7 -8 10 -10 -11 -12 14 21 -15 -16 -17 -18 23 -20 26 -22 28 -24 24 -26 -27 27 -29 -30 -31
leaf_value=-0.050795079422493568 -0.015502070059550383 0.00017573144069288156 -0.027915222213084796 -0.0053539490951738421 -0.023651574778784289 0.005306302275259028 -0.030619634777234547 0.00049487727137491691 -0.011868493656608919 0.0057036929569092756 0.0044487565855733484 0.001596772640072984 -0.0025857703399756117 0.0022803206873408849 0.0045207027961923496 -0.005608949271603535 -0.013291244323760427 -0.0010839791931638643 0.0010444054436677479 -0.0026169897118298716 0.013239854082115738 -0.00019784064443352026 0.0071254129954047311 -0.011346975923762756 -0.0036984240081733249 -0.016183983102589113 0.0028978088450437836 -0.0016944698408268054 -0.0030222928788083457 0.0033223964299720354
leaf_weight=1219467.5679174662 1291846.420969367 3564169.9084472656 1902439.3839470148 15514527.756299138 2229099.5578324795 45678390.930308819 2343989.2585390806 33848499.783468962 4379584.0154545307 8574064.5153412819 21894470.296074867 8920356.7053800821 24098938.191315889 3537191.0696115494 6916464.7236509323 6189403.7782307863 4564415.6055980921 6298834.4902253151 7879248.717590332 6668312.5135936737 2097354.7217102051 26310818.147945881 7791998.4900636673 3931030.6005866528 6911807.2235219479 1264634.2510671616 20427306.936606646 6479467.6075904369 7969026.6726350784 11668407.127613068
leaf_count=74630 81129 143794 145184 840516 168935 248223 159637 555388 302999 149061 154387 464161 1285014 187029 290604 370415 328831 413639 4245 233634 1806 347633 99932 295286 452428 102170 284071 151440 130877 82902
internal_value=-0.000186859 0.000666875 -0.0233362 -0.00414168 -0.00834068 0.00202389 -0.037524 0.00352372 -0.0166369 0.000671604 0.00204786 -0.00156296 0.000296355 -0.00393655 0.000490098 -0.0013549 -0.0166907 -0.00526336 0.00500191 0.00193433 0.00565459 -0.00075431 0.00494423 -0.00449174 -0.00647138 -0.0232309 0.000916282 0.00179193 0.000206254 0.000883686
internal_weight=3.12366e+08 3.01255e+08 1.11101e+07 6.6305e+07 2.5227e+07 2.3495e+08 3.56346e+06 1.11398e+08 7.54666e+06 1.23553e+08 5.5743e+07 4.10779e+07 1.14978e+08 1.90517e+07 2.20262e+07 1.51098e+07 6.79352e+06 1.84335e+07 5.5655e+07 4.49313e+07 4.77757e+07 7.00472e+07 1.13562e+07 1.71417e+07 1.08428e+07 3.16707e+06 3.35751e+07 2.69068e+07 4.59483e+07 3.79792e+07
internal_count=8550000 7765380 784620 3892973 1740248 3872407 234267 964049 550353 2908358 709775 2152725 2759297 1027545 1125180 834576 497766 1242482 254274 912871 250029 1846426 243726 1161353 747714 247354 669145 435511 561412 430535
cat_boundaries=0 3 6
cat_threshold=1392639 151012416 2046 2434203648 4294950917 91
is_linear=0
shrinkage=0.15


Tree=38
num_leaves=31
num_cat=2
split_feature=2 2 7 1 4 7 8 2 2 2 7 7 7 8 0 7 2 7 6 7 2 8 0 7 2 7 2 7 7 2
split_gain=242161 80298.8 51570.2 39365.1 19458.3 18167.5 15090.6 14450.3 13761.6 12426.1 12099.3 10837.2 8335.4 6832.3 6554.71 6226.68 6212.99 11433.5 5411.53 5282.12 5074.76 4854.01 4805.61 4406.56 4392.74 4284.23 4250.57 5381.87 4132.54 3904.04
threshold=-310.49999999999994 -51.499999999999993 -1.348125636577606 0.085052490234375014 3.5000000000000004 -1.0964904427528379 -0.96045237779617298 -137.49999999999997 -22.499999999999996 -104.49999999999999 -4.4075307846069327 -2.9483686685562129 -0.43366707861423487 -1.5594790577888487 0 -0.59680280089378346 -3.4999999999999996 -0.19984143227338788 1.5000000000000002 -0.13215299695730207 -20.499999999999996 -0.87122806906700123 1 -2.7662682533264156 -85.499999999999986 -1.6161528229713438 -9.4999999999999982 -0.54254817962646473 -6.3574867248535147 -2.4999999999999996
decision_type=2 2 2 2 2 2 2 2 2 2 2 2 2 2 9 2 2 2 2 2 2 2 9 2 2 2 2 2 2 2
left_child=3 2 7 13 5 23 18 10 12 -4 21 22 -7 -1 -6 -11 17 26 -5 -18 -16 -2 -9 -3 -13 -22 27 -10 -8 -27
right_child=1 4 9 6 14 8 28 11 16 15 -12 24 -14 -15 20 -17 19 -19 -20 -21 25 -23 -24 -25 -26 29 -28 -29 -30 -31
leaf_value=-0.053924422168411992 -0.0096146707232735319 0.0082867602007017441 -0.020734237852659591 -0.034543365381027091 0.00021428810108821512 -0.002949066731983811 -0.0084056181532988269 -0.00039096717465788357 0.0023427888425141762 -0.0079546217083529425 -0.0099109378161170939 -0.0058658608722243306 -0.010904889472368829 -0.035577979861145921 0.00075358917299177871 -0.017771137614738263 0.011255435593943691 -0.0049171525903945875 -0.021974745843399372 0.0020335329008170752 0.0068277085499655731 0.00041525131971059768 0.0048182065011799389 0.0027987337102116571 -0.0011517667889618633 0.0025817338822692352 0.0036279668589473081 -0.0023336455588620639 -0.017718037801481436 0.0044641295964647065
leaf_weight=770058.40741229057 1334597.3197220564 3895013.3404574394 3364670.2364606857 1185634.6128592491 17512175.362138748 15904580.621386051 2182547.5848374367 7326656.3488593102 9948446.9491271973 6935494.9317338467 8140857.3633217812 6891957.9766452312 3641458.2010583878 1122403.1336340904 15308742.65514493 1839468.3563539982 1653529.9349582195 10344068.360882163 2202814.3102123737 9025215.6454422474 8878589.7358546257 5819983.4315770864 8735662.2088010311 21260548.261936426 12539832.076392531 57653602.169280291 8811390.595719099 12487479.729800105 2107548.1361325979 43489591.821254253
leaf_count=49795 61284 46263 258208 83240 310178 780821 152102 223724 252189 447847 581024 425371 244707 91397 187081 135048 21113 518191 153591 315063 19707 318881 253967 544308 547968 467145 202734 548779 161429 146845
internal_value=-0.000174738 0.000567919 -0.004201 -0.023666 0.00181932 0.000179438 -0.0188902 -0.00210167 -0.00103569 -0.0129841 -0.00595593 -0.000440762 -0.00443125 -0.0430433 0.00293259 -0.0100124 0.000234055 -0.000594598 -0.0263726 0.00346148 0.00331241 -0.0014557 0.0024421 0.00364848 -0.00282374 0.00366845 0.000836334 -0.00026004 -0.0129804 0.00339113
internal_weight=3.12315e+08 3.02744e+08 6.29292e+07 9.57101e+06 2.39814e+08 9.69717e+07 7.67854e+06 5.07895e+07 7.18162e+07 1.21396e+07 1.52954e+07 3.54941e+07 1.9546e+07 1.89246e+06 1.42843e+08 8.77496e+06 5.22701e+07 4.15914e+07 3.38845e+06 1.06787e+07 1.25331e+08 7.15458e+06 1.60623e+07 2.51556e+07 1.94318e+07 1.10022e+08 3.12473e+07 2.24359e+07 4.2901e+06 1.01143e+08
internal_count=8550000 7858446 3253322 691554 4605124 3474168 550362 2412219 2883597 841103 961189 1451030 1025528 141192 1130956 582895 1858069 1521893 236831 336176 820778 380165 477691 590571 973339 633697 1003702 800968 313531 613990
cat_boundaries=0 1 4
cat_threshold=67116543 501361901 1074011134 1088
is_linear=0
shrinkage=0.15


Tree=39
num_leaves=31
num_cat=1
split_feature=6 2 1 7 2 7 8 2 2 7 2 8 7 7 2 7 2 2 2 2 4 8 5 0 6 3 7 5 7 7
split_gain=214300 68403.9 42369.2 23769.7 19876.1 31594.2 17198.3 16706 13247.3 11733.5 11078.7 9628.06 8975.68 8852.45 11761.9 8159.53 7707.45 7478.01 7151.61 6252.13 5655.33 5424.33 7282.57 5675.81 4815.7 4610.02 4505.43 4789.94 4505.15 4281.99
threshold=4.5000000000000009 -74.499999999999986 0.085052490234375014 -2.0103300809860225 -10.499999999999998 -0.858402520418167 -1.3814180493354795 -317.49999999999994 -27.499999999999996 -0.26810951530933375 -2.4999999999999996 -0.50705319643020619 -6.3574867248535147 -3.0435323715209956 -31.499999999999996 -0.32312746345996851 -2239.9999999999995 -37.499999999999993 -163.49999999999997 -137.49999999999997 44.500000000000007 -0.44983504712581629 57.500000000000007 0 38.500000000000007 10.500000000000002 -0.095276407897472368 28.500000000000004 -0.11063108593225478 -1.6161528229713438
decision_type=2 2 2 2 2 2 2 2 2 2 2 2 2 2 2 2 2 2 2 2 2 2 2 9 2 2 2 2 2 2
left_child=2 3 16 7 5 13 -4 -2 -7 20 28 17 -9 -3 29 -10 -1 -8 -14 -5 25 22 23 -12 -16 -6 27 -25 -11 -15
right_child=1 4 6 19 9 8 11 12 15 10 21 -13 18 14 24 -17 -18 -19 -20 -21 -22 -23 -24 26 -26 -27 -28 -29 -30 -31
leaf_value=-0.054583834903999866 -0.012495335207453431 0.0057421319496692288 -0.028659727813873357 -0.017895388167994977 0.0045044741030091243 -0.0071828361093071993 -0.017413258670095463 0.0032483349174764965 -0.00032452265820170011 0.00041958316931206265 0.0024786508105184108 0.00097374623110274062 -0.0075592097234638252 0.0011248759896805053 0.0075952742734278784 -0.0057734662194502901 -0.034340796968570154 -0.002997713314576979 -0.0015870787016178725 -0.0092137904658104296 0.0005654818410907622 0.001416733584283351 -0.00021677266589997256 0.021008186085262816 0.0026397614626584754 0.010352243239129717 0.0065739764170750755 0.0088846439444084883 -0.0037412050499255104 -0.0022258437128272654
leaf_weight=618796.39573633671 3715838.8858253956 12447942.161967516 2003521.0397633314 2491208.6821078062 51018232.663507938 11629595.955973864 5102082.4555447102 6200533.6627025604 31029233.010113955 23610677.814721107 4539562.2360510826 969407.68182647228 6152886.4769738913 17277586.684065819 5311180.4505603313 7722166.4740965366 1338817.3567637205 962392.21310377121 16912741.501663685 7442081.8590431213 7938081.0571289062 18266946.780845165 4399239.2670288086 1206987.9570741653 26070597.493566275 3224963.1617736816 5960509.9388098717 1868189.3074188232 7786035.8782746792 17049068.690375805
leaf_count=40261 256756 124388 143689 188683 336525 675999 403701 227539 897781 526599 64054 78548 424845 485949 149258 386854 114517 70282 810855 504251 4253 225901 5510 7370 246871 2829 92026 4285 292861 756760
internal_value=-0.000163431 0.000587255 -0.0207328 -0.00495844 0.00150844 0.00018623 -0.0163991 -0.0030211 -0.00274284 0.0028176 0.00145028 -0.0129068 -0.00181819 0.00207436 0.00137953 -0.00141036 -0.0407396 -0.0151256 -0.00318018 -0.0113911 0.00430491 0.00323709 0.00508707 0.00680585 0.00347845 0.00485215 0.00897984 0.0136431 -0.000612246 -0.000539331
internal_weight=3.12267e+08 3.01272e+08 1.0995e+07 4.29153e+07 2.58357e+08 1.28537e+08 9.0374e+06 3.2982e+07 5.0381e+07 1.29819e+08 6.76381e+07 7.03388e+06 2.92662e+07 7.81564e+07 6.57084e+07 3.87514e+07 1.95761e+06 6.06447e+06 2.30656e+07 9.93329e+06 6.21813e+07 3.62414e+07 1.79745e+07 1.35752e+07 3.13818e+07 5.42432e+07 9.03569e+06 3.07518e+06 3.13967e+07 3.43267e+07
internal_count=8550000 7699002 850998 2412929 5286073 3723860 696220 1719995 1960634 1562213 1218606 552531 1463239 1763226 1638838 1284635 154778 473983 1235700 692934 343607 399146 173245 167735 396129 339354 103681 11655 819460 1242709
cat_boundaries=0 3
cat_threshold=191922155 603987969 2041
is_linear=0
shrinkage=0.15


Tree=40
num_leaves=31
num_cat=2
split_feature=2 2 7 8 0 8 2 2 2 2 7 7 2 2 7 7 2 8 6 7 2 5 7 8 4 5 1 0 7 6
split_gain=189379 61167.3 40671.1 33966 15457.1 13805 12881.4 9664.37 9322.79 9089.6 19004 8767.45 8899.59 7739.44 6930.78 6853.46 6254.52 5929.47 5683.29 5677.86 5629.05 4663.85 9252.85 5298.48 4547.06 5017.68 7985.58 4271.75 4202.99 4152.26
threshold=-317.49999999999994 -44.499999999999993 -1.2674574851989744 -1.3814180493354795 0 -0.75413367152214039 -104.49999999999999 -632.49999999999989 -1662.4999999999998 -4.4999999999999991 -0.40968215465545649 -5.5021185874938956 -117.49999999999999 -12.499999999999998 -3.5725649595260616 -2.037299275398254 -25.499999999999996 -0.21231501549482343 31.500000000000004 -0.59680280089378346 -147.49999999999997 122.50000000000001 -0.16012437641620633 -0.80699115991592396 38.500000000000007 28.500000000000004 12.058593750000002 1 -2.4905071258544917 434.50000000000006
decision_type=2 2 2 2 9 2 2 2 2 2 2 2 2 2 2 2 2 2 2 2 2 2 2 2 2 2 2 9 2 2
left_child=3 2 5 8 17 20 -4 -5 -1 10 15 27 -13 -12 -9 -6 -17 18 -3 -8 -2 22 24 -24 25 26 -11 -7 -14 -27
right_child=1 4 6 7 9 11 19 14 -10 21 13 12 28 -15 -16 16 -18 -19 -20 -21 -22 -23 23 -25 -26 29 -28 -29 -30 -31
leaf_value=-0.052231474875597726 -0.010226609393338179 -0.0046095159933814403 -0.019507074759272987 -0.024646328762801442 0.0054837702753625242 0.009182113230707346 -0.0064093436441885303 -0.0082600830236630885 -0.031255173097500109 0.0078013288073381162 -0.0054406578376335231 -0.0053126822531609349 0.0019310834224765857 -0.00022575981318864025 -0.020717553697064638 -0.00033210679246671566 0.0028463426644390042 0.0015524138492201754 -0.00033588149701545977 -0.014564681027214988 -0.003579877309895561 0.001083793065264609 0.006110308456628159 0.001399085342333934 0.015994520343410066 0.0038890990300853318 0.026796635874296721 0.0016407344669545447 -0.0016900772269636394 0.012454616178896691
leaf_weight=690320.69403707981 4612939.9628337622 12109284.746643543 2928662.8804243803 2147589.2357134819 15281781.536698341 2621819.5865699053 8317543.5421372652 3006807.6915097237 1540757.7613869905 6529222.4603241682 8934671.4285509586 9485051.1186742783 13383813.039332628 22600329.602253437 1509236.2453120947 19163263.232143641 51006943.068346977 14863405.767465115 16598526.244916439 2497583.7399688959 7573674.5075645447 13473237.95703125 6892835.8025127649 24329791.515524387 1036942.9546813965 16775887.924890518 539075.93865966797 4755089.566794157 15638690.433809042 1377981.0958862305
leaf_count=45936 303917 605177 233587 169518 95994 95006 525219 218791 112400 51310 474810 632681 419205 564082 125106 625636 618271 437788 312013 185591 291632 8470 98933 337406 1027 33106 1731 176995 747138 1524
internal_value=-0.000152875 0.000479733 -0.00334477 -0.0217261 0.00166609 -0.00160817 -0.0106824 -0.0163626 -0.0377455 0.00225623 0.00144382 -0.000416276 -0.0013238 -0.00170327 -0.0124233 0.00260521 0.00197832 -0.000879455 -0.00213855 -0.00829269 -0.00609583 0.00359569 0.00418445 0.00243915 0.00625965 0.00585942 0.00925004 0.00432102 -2.01683e-05 0.00453927
internal_weight=3.12223e+08 3.03328e+08 7.18149e+07 8.89471e+06 2.31513e+08 5.80711e+07 1.37438e+07 6.66363e+06 2.23108e+06 1.87942e+08 1.16987e+08 4.58845e+07 3.85076e+07 3.1535e+07 4.51604e+06 8.5452e+07 7.01702e+07 4.35712e+07 2.87078e+07 1.08151e+07 1.21866e+07 7.0955e+07 5.74817e+07 3.12226e+07 2.62591e+07 2.52222e+07 7.0683e+06 7.37691e+06 2.90225e+07 1.81539e+07
internal_count=8550000 7878249 3610971 671751 4267278 2666574 944397 513415 158336 2912300 2378793 2071025 1799024 1038892 343897 1339901 1243907 1354978 917190 710810 595549 533507 525037 436339 88698 87671 53041 272001 1166343 34630
cat_boundaries=0 3 6
cat_threshold=8191 0 256 1125572608 2952486912 594
is_linear=0
shrinkage=0.15


Tree=41
num_leaves=31
num_cat=1
split_feature=6 2 1 7 8 0 2 2 7 2 8 7 7 2 2 2 8 5 8 7 2 7 6 7 8 2 8 5 5 7
split_gain=166646 51697.2 37914.9 19504.9 16312.5 14575.1 13841.9 10228.6 19952.6 7359.11 7138.63 6658.9 6350.88 8300.86 5902.44 5734.4 5728.28 5413.54 6026.35 5428.7 5352.08 5096.72 5071.12 4945.97 4600.44 4587.55 4540.03 4143.45 4107.49 4030.54
threshold=4.5000000000000009 -68.499999999999986 0.075714111328125014 -1.863531172275543 -0.96045237779617298 0 -231.49999999999997 -13.499999999999998 -0.84673756361007679 -157.49999999999997 -0.21231501549482343 -6.3574867248535147 -0.34384852647781367 -3.4999999999999996 -2239.9999999999995 -33.499999999999993 -0.45598533749580378 85.500000000000014 -0.87122806906700123 -0.11063108593225478 -137.49999999999997 -5.0341188907623282 35.500000000000007 -4.5224351882934561 -1.6028365492820738 -529.49999999999989 -0.43166071176528925 11.500000000000002 196.50000000000003 -0.30893617868423456
decision_type=2 2 2 2 2 9 2 2 2 2 2 2 2 2 2 2 2 2 2 2 2 2 2 2 2 2 2 2 2 2
left_child=2 3 14 6 9 10 23 8 21 24 27 -8 22 -14 -1 -10 -6 18 -15 -20 -5 -7 -9 25 -4 -2 -23 -3 -24 -17
right_child=1 5 4 20 16 7 11 12 15 -11 -12 -13 13 17 -16 29 -18 -19 19 -21 -22 26 28 -25 -26 -27 -28 -29 -30 -31
leaf_value=-0.053394204351999923 -0.016910545645284783 -0.0038113454312692879 -0.035382394343103162 -0.016794277472316047 -0.010831173354219504 0.0079404042317161826 0.0038680008666373226 0.0097419659263734294 -0.0070035606623372005 -0.01345773717669573 0.0014984267943849011 -0.0020771344578251606 -0.00039989403292589224 0.0075391777007910721 -0.033755413068511549 -0.00070829684223765752 0.0038317421362529737 -0.0023453422492334289 0.0048654802209268646 0.00091832798406017626 -0.0081860211907268769 0.00036174347266631747 0.0039397842172673326 -0.013951755759574028 -0.02208465468253993 -0.0036455239247511328 0.0031567166505156413 -0.00018104605531335709 -0.00079011947529972247 -0.0061732745990435807
leaf_weight=527221.68240594864 687198.48777651787 18627951.393587828 814363.19019210339 2037273.8758580685 3723932.9760659933 3290548.6266789436 5129014.243991375 3147776.9072115421 5619541.994852066 1729311.7586081028 15893387.617268562 24427997.786497831 25354456.585887194 7015375.2504491806 992662.26514780521 18056269.119549513 714483.26141858101 3837823.4638061523 14165659.678773403 17556359.229008913 8031956.8104419708 24475548.006413698 50196997.123486042 2405591.7283959389 2081659.528192997 4007465.985981822 28076491.503067493 11404885.843977928 4501444.4910888672 3650336.5842268467
leaf_count=37420 45207 886680 60412 159502 298924 18446 153240 69036 350140 132679 500714 1240840 631440 66137 88986 587545 58783 3676 68204 261082 549051 549121 207123 186954 173794 261711 523424 171698 2126 205905
internal_value=-0.000142927 0.000506289 -0.0186434 -0.0040803 -0.0149669 0.00134717 -0.0024741 0.00187897 0.000588336 -0.0212005 -0.00107231 -0.00104548 0.0027324 0.0017488 -0.0405678 -0.00273293 -0.00847078 0.00302839 0.00356078 0.00268095 -0.0099277 0.00221357 0.00388745 -0.00842117 -0.025824 -0.00558724 0.00185499 -0.00243275 0.00355053 -0.00162733
internal_weight=3.12181e+08 3.01597e+08 1.05836e+07 4.67265e+07 9.06375e+06 2.54871e+08 3.66573e+07 2.08945e+08 8.31687e+07 4.62533e+06 4.59262e+07 2.9557e+07 1.25776e+08 6.79297e+07 1.51988e+06 2.73261e+07 4.43842e+06 4.25752e+07 3.87374e+07 3.1722e+07 1.00692e+07 5.58426e+07 5.78462e+07 7.10026e+06 2.89602e+06 4.69466e+06 5.2552e+07 3.00328e+07 5.46984e+07 2.17066e+07
internal_count=8550000 7699002 850998 2596505 724592 5102497 1887952 3543405 2234581 366885 1559092 1394080 1308824 1030539 126406 1143590 357707 399099 395423 329286 708553 1090991 278285 493872 234206 306918 1072545 1058378 209249 793450
cat_boundaries=0 1
cat_threshold=8191
is_linear=0
shrinkage=0.15


Tree=42
num_leaves=31
num_cat=2
split_feature=2 2 7 1 2 7 2 8 8 7 2 7 7 2 5 2 7 2 2 5 7 3 6 8 7 2 0 6 0 4
split_gain=148490 50568.7 33857.3 26076.6 12172.3 23768.2 11319.7 11012.5 10788.7 9096.62 8713.84 7505.27 7205.15 6683.25 6160.23 5738.15 5911.36 5602.84 5337.64 6379.92 5202.03 4732.99 4556.43 4298.68 4282.11 4083.85 3904.2 3849.49 3841.34 3816.98
threshold=-365.49999999999994 -56.499999999999993 -1.348125636577606 0.065338134765625014 -6.4999999999999991 -0.8117755353450774 -22.499999999999996 -0.96045237779617298 -0.75413367152214039 -0.1880659610033035 -147.49999999999997 -0.16544266790151593 -4.0285892486572257 -1.4999999999999998 122.50000000000001 -22.499999999999996 -2.5638331174850459 -114.49999999999999 -1.4999999999999998 28.500000000000004 -0.56015768647193898 4.5000000000000009 507.50000000000006 -1.6028365492820738 -0.31608141958713526 -151.49999999999997 0 33.500000000000007 1 12.500000000000002
decision_type=2 2 2 2 2 2 2 2 2 2 2 2 2 2 2 2 2 2 2 2 2 2 2 2 2 2 9 2 9 2
left_child=3 2 8 -1 5 15 24 23 25 -8 -4 14 -10 -13 18 16 29 -14 27 -20 -12 22 -16 -5 -7 -2 -17 -6 -15 -3
right_child=1 4 10 7 11 6 9 -9 12 -11 20 13 17 28 21 26 -18 -19 19 -21 -22 -23 -24 -25 -26 -27 -28 -29 -30 -31
leaf_value=-0.043282624811353775 -0.009311023896895183 0.0052237641739474169 -0.021379036867217156 -0.033719028797220905 0.0096358896416020978 -0.0041935731017145855 0.00010097278566249462 -0.011486546273495287 0.0020646457689423329 -0.0061012213220244093 -0.0077994485848486275 -0.00063551325594482912 -0.0058650442470793412 0.00052912016921618566 0.002310747229851228 0.0061624898929285203 0.00038760874710683701 -0.00082244742515040264 0.032924620345156301 0.0075993566349529746 -0.017554602000546548 0.00043943090686650988 0.030762518768203385 -0.020840902647652055 -0.0115023909898184 -0.0035006036269427773 0.0025526504992288801 0.0034588394852533805 0.0047395605860115486 -0.0079632178057211511
leaf_weight=1064054.3902626038 4900649.1877332926 9318949.4789999723 1684778.5572829247 801410.04575645924 2431003.7983380556 12896472.164240003 49290483.65510571 3050875.9370747805 13258316.36760354 5964599.0020512342 6844658.9336627722 23522928.873646975 6996622.5504397154 8063907.795366168 280942.82965087891 11066463.459449887 36935566.460634828 17012795.185808182 231867.98068761826 6444492.0527744293 1499380.1086589098 13618694.380737305 230593.13568115234 2141792.2112807035 2096882.5696225166 6121230.912948966 17248030.609015822 34271434.485162735 12330210.13521421 521506.50480651855
leaf_count=88459 334402 94514 141648 58258 56964 682684 1245224 239555 553951 301828 483080 579150 492653 114000 328 79619 1078454 789594 1026 8542 119004 8360 255 171818 146194 255947 126299 189699 107254 1237
internal_value=-0.000133545 0.000364077 -0.0036084 -0.0216429 0.0013029 0.000422826 -0.0015604 -0.0178015 -0.00196133 -0.000568533 -0.0115392 0.00256401 -0.000742033 0.00108745 0.00369159 0.00227817 0.00125799 -0.00229192 0.00457764 0.0084789 -0.0095524 0.000971484 0.0151364 -0.0243475 -0.00521574 -0.00608409 0.00396353 0.00386798 0.00307474 0.0045249
internal_weight=3.12142e+08 3.05083e+08 5.83184e+07 7.05813e+06 2.46765e+08 1.45339e+08 7.02484e+07 5.99408e+06 4.82896e+07 5.52551e+07 1.00288e+07 1.01426e+08 3.72677e+07 4.3917e+07 5.7509e+07 7.50905e+07 4.6776e+07 2.40094e+07 4.33788e+07 6.67636e+06 8.34404e+06 1.41302e+07 511536 2.9432e+06 1.49934e+07 1.10219e+07 2.83145e+07 3.67024e+07 2.03941e+07 9.84046e+06
internal_count=8550000 7991910 3170279 558090 4821631 3756053 2375930 469631 2426547 1547052 743732 1065578 1836198 800404 265174 1380123 1174205 1282247 256231 9568 602084 8943 583 230076 828878 590349 205918 246663 221254 95751
cat_boundaries=0 3 6
cat_threshold=7536682 3019514917 1219 2339929599 67372105 664
is_linear=0
shrinkage=0.15


Tree=43
num_leaves=31
num_cat=2
split_feature=2 2 7 1 2 7 2 8 7 7 8 2 2 7 7 2 7 5 7 5 2 7 6 8 8 7 5 0 2 0
split_gain=130675 48605.6 28682.6 20567.9 13579.6 22082 10685.6 10076.9 8531.39 8112.75 6878.64 6768.77 6041.18 7985.39 5553.85 5396.15 4723.01 4419.82 5250.59 8192.44 7088.33 4412.25 4375.64 3832.97 3822.22 3950.18 3781.33 3759.23 3724.53 3502.46
threshold=-420.49999999999994 -82.499999999999986 -2.0657209157943721 0.053512573242187507 -10.499999999999998 -0.858402520418167 -27.499999999999996 -1.2180951237678526 -0.78979521989822377 -0.35780513286590571 -0.41750985383987421 -2.4999999999999996 -33.499999999999993 -2.1865807771682735 -0.30893617868423456 -208.49999999999997 -0.13756648451089856 122.50000000000001 -0.095276407897472368 19.500000000000004 -1.4999999999999998 -0.43366707861423487 35.500000000000007 -0.47384424507617945 -1.3542060852050779 -6.1210150718688956 196.50000000000003 0 -185.49999999999997 1
decision_type=2 2 2 2 2 2 2 2 2 2 2 2 2 2 2 2 2 2 2 2 2 2 2 2 2 2 2 9 2 9
left_child=3 2 10 -1 5 12 21 -5 15 22 24 16 13 -3 -8 -4 -11 18 19 20 -13 -7 -6 -20 -2 -26 29 -22 -27 -24
right_child=1 4 8 7 9 6 14 -9 -10 11 -12 17 -14 -15 -16 -17 -18 -19 23 -21 27 -23 26 -25 25 28 -28 -29 -30 -31
leaf_value=-0.046103229118683177 -0.01198328157975909 0.0026532406174885181 -0.017509121710461952 -0.028579961401445933 0.011038093486010196 -0.0046459697532007125 -0.00037748265755987179 -0.014314673425628147 -0.020510469783132795 0.0008758428282188256 0.00082325721812488706 0.008947602082641835 0.0028548342745700864 -0.0014039598714065333 -0.0049532424953495757 -0.0076354904639438226 -0.0026322989875844534 -0.0055053446363248831 0.0034991702333086977 0.0034301872675956946 0.043901720525620365 -0.011137747831321239 0.0020271652190852084 -0.00058870466619148425 0.00039579526273709277 -0.0084018712151456808 -0.00078320427402461226 0.016525562913404891 -0.0028753131471117442 0.0048194992754267106
leaf_weight=732845.41406798363 1243254.1887229681 18772433.743927836 1500991.3747437 1690942.2939115763 1727266.4548536539 9641786.6945952177 31865558.013072491 3266400.1535063982 1854213.7136342525 29688435.062873602 10853380.161973476 2209661.6611604691 38549206.240881443 26077640.197539091 7343751.6745333672 7314153.0142704248 12175999.47040844 1465111.7583618164 9459676.8539816141 15201349.634723663 215340.52849006653 3117290.3992115259 16069824.325086117 11356641.664447546 4572243.2779111862 4182100.7464811802 4504156.3106079102 237227.09609031677 7977652.3614218235 27238357.505156994
leaf_count=60863 57735 380387 129230 135133 33597 563567 936508 266144 153189 553652 567941 23963 479480 1122178 390681 539771 431166 1063 148383 35230 1200 223169 71335 201124 206181 316060 2127 1308 424085 93550
internal_value=-0.000124801 0.000293458 -0.00461766 -0.0226479 0.0010202 -3.45112e-05 -0.00246148 -0.0191805 -0.0112621 0.00210553 -0.00215859 0.00118999 0.0014778 0.000294221 -0.0012345 -0.00931671 -0.000144477 0.00258161 0.00288793 0.00477448 0.0124504 -0.00623204 0.00362113 0.00126897 -0.00395902 -0.00336278 0.00335319 0.029553 -0.00477606 0.00378338
internal_weight=3.12105e+08 3.06415e+08 3.9498e+07 5.69019e+06 2.66917e+08 1.35368e+08 5.19684e+07 4.95734e+06 1.06694e+07 1.31549e+08 2.88286e+07 8.20094e+07 8.33993e+07 4.48501e+07 3.92093e+07 8.81514e+06 4.18644e+07 4.0145e+07 3.86799e+07 1.78636e+07 2.66223e+06 1.27591e+07 4.95396e+07 2.08163e+07 1.79753e+07 1.6732e+07 4.78123e+07 452568 1.21598e+07 4.33082e+07
internal_count=8550000 8087860 2394192 462140 5693668 4095970 2113925 401277 822190 1597698 1572002 1397089 1982045 1502565 1327189 669001 984818 412271 411208 61701 26471 786736 200609 349507 1004061 946326 167012 2508 740145 164885
cat_boundaries=0 3 6
cat_threshold=277090304 4087348245 438 1371587933 1208015836 1858
is_linear=0
shrinkage=0.15


Tree=44
num_leaves=31
num_cat=2
split_feature=6 2 8 7 2 7 8 7 2 2 2 1 7 7 7 2 2 2 7 5 2 5 0 6 2 2 6 0 8 3
split_gain=115140 38497.3 27798.6 16762.6 12083.2 21702.2 10675.1 9236.7 10097.3 7705.54 6843.21 6370.85 5647.83 5579.56 5556.34 5258.82 5061.27 4906.96 4816.56 4939.38 8302.95 5935.43 5054.73 4773.29 4499.52 4349.92 3971.73 3632.92 3560.53 3491.88
threshold=3.5000000000000004 -95.499999999999986 -1.5594790577888487 -2.6032568216323848 -19.499999999999996 -1.0671159029006956 -0.73631057143211354 -0.62460699677467335 -5.4999999999999991 -365.49999999999994 -2239.9999999999995 0.053512573242187507 -0.1880659610033035 -2.8100895881652828 -9.9675102233886701 -221.49999999999997 -36.499999999999993 -44.499999999999993 -0.11063108593225478 57.500000000000007 -1.4999999999999998 26.500000000000004 0 65.500000000000014 -1.4999999999999998 -43.499999999999993 44.500000000000007 1 -1.1090693473815916 7.5000000000000009
decision_type=2 2 2 2 2 2 2 2 2 2 2 2 2 2 2 2 2 2 2 2 2 2 9 2 2 2 2 9 2 2
left_child=2 3 10 9 5 13 11 26 12 -2 -1 -4 -9 27 -11 -5 -7 -15 19 20 -10 22 -22 -19 -20 -13 -6 -3 -16 -23
right_child=1 4 6 15 7 16 -8 8 18 14 -12 25 -14 17 28 -17 -18 23 24 -21 21 29 -24 -25 -26 -27 -28 -29 -30 -31
leaf_value=-0.052736623786051873 -0.0098831132720784056 0.0061866848224161452 -0.036960171294526334 -0.017936405854103232 0.0075948562766109205 -0.0062275637580665733 -0.0035354584165567153 -1.9195746084437122e-05 0.0031317265557529116 0.0057903083506444563 -0.030110177830431378 -0.017743845118039045 -0.0045047074848349215 -0.0013430826446002987 -0.0098300370963931242 -0.0082551676371418661 -0.0022574685312148944 0.0031301587843028892 -0.0015521039659406139 0.00076571164171990223 0.039657055317582797 0.0052461260618509023 0.0130588837628719 -0.0013621267831509657 0.0021721770166849754 -0.0031607244435024814 0.0029825311665563538 0.001771082085023928 -0.0015822333727799627 0.017117327630742953
leaf_weight=398737.09699225426 2658955.8209081888 6765007.1381700039 348583.20847475529 1488336.5095586777 4641894.3458433151 10671081.325846434 1712748.3327406645 40726970.567821026 28617459.018774748 2218462.9298300743 1223882.7070047855 3489790.4302535057 7475241.5982160568 21378051.985193729 1268455.6419479847 8317418.5402035713 22373164.326813102 17342462.838839769 12953486.407001495 15423028.693119049 259609.63790035248 2580965.4878196716 422270.37856292725 7678056.2609009743 16720818.585249424 530128.30239593983 44197586.888337135 11024250.600446701 16452454.952306509 711117.43310546875
leaf_count=29820 197598 101779 32561 123697 94375 684641 147544 1001915 285867 80482 100723 307776 344433 975035 63677 615943 936796 423922 367003 17170 1009 5936 1625 58534 210587 41382 184243 185907 926852 1168
internal_value=-0.000116601 0.000341787 -0.0182267 -0.00454544 0.000924096 -0.00041622 -0.0135724 0.00166994 0.000990653 -0.00229812 -0.0356703 -0.0175075 -0.000714813 0.00119168 -0.00128665 -0.0097246 -0.00353954 0.000325736 0.00204881 0.00297732 0.00402391 0.0104487 0.0231863 0.00175161 0.000546447 -0.0158207 0.0034209 0.00345028 -0.00217261 0.0078104
internal_weight=3.1207e+08 3.04367e+08 7.70387e+06 3.24041e+07 2.71963e+08 9.72321e+07 6.08125e+06 1.7473e+08 1.25891e+08 2.25983e+07 1.62262e+06 4.3685e+06 4.82022e+07 6.41878e+07 1.99394e+07 9.80576e+06 3.30442e+07 4.63986e+07 7.76888e+07 4.80145e+07 3.25914e+07 3.97396e+06 681880 2.50205e+07 2.96743e+07 4.01992e+06 4.88395e+07 1.77893e+07 1.77209e+07 3.29208e+06
internal_count=8550000 7890194 659806 2008249 5881945 3366614 529263 2515331 2236713 1268609 130543 381719 1346348 1745177 1071011 739640 1621437 1457491 890365 312775 295605 9738 2634 482456 577590 349158 278618 287686 990529 7104
cat_boundaries=0 3 6
cat_threshold=196608 2812009492 740 704514 4026319876 474
is_linear=0
shrinkage=0.15


Tree=45
num_leaves=31
num_cat=5
split_feature=2 2 7 8 0 5 1 8 8 2 7 8 7 7 7 0 7 0 2 7 0 1 8 0 5 6 4 5 6 3
split_gain=102365 36075.8 22986.1 18419.9 10661 6760.97 6423.06 6327 6231.81 5199.89 8596.38 5160.78 4680.34 4098.91 3743.35 3719.85 3615.57 3384.86 3082.38 3073.7 3537.31 2799.93 2759.14 2688.28 2557.46 6000.43 3822.84 2956.82 4620.25 4230.17
threshold=-420.49999999999994 -82.499999999999986 -1.7921724915504453 -1.6028365492820738 0 8.5000000000000018 0.053512573242187507 -0.41750985383987421 -1.4387911558151243 -15.499999999999998 -1.4206913709640501 -0.29971580207347864 -624.84442138671864 -2.9944871664047237 -0.29519286751747126 1 -0.80071863532066334 2 -37.499999999999993 -8.0733709335327131 3 3.5419921875000004 -0.84901654720306385 4 122.50000000000001 434.50000000000006 38.500000000000007 57.500000000000007 260.50000000000006 5.5000000000000009
decision_type=2 2 2 2 9 2 2 2 2 2 2 2 2 2 2 9 2 9 2 2 9 2 2 9 2 2 2 2 2 2
left_child=3 2 7 12 5 11 -5 15 -4 10 23 17 -1 22 18 -2 -10 -3 -12 20 -9 -19 -8 -6 25 26 27 28 -11 -29
right_child=1 4 8 6 9 -7 13 19 16 24 14 -13 -14 -15 -16 -17 -18 21 -20 -21 -22 -23 -24 -25 -26 -27 -28 29 -30 -31
leaf_value=-0.052026583315985628 -0.0012653308338585873 -0.00542337480057476 -0.022461078557374409 -0.035476561494754401 0.0043546513925515071 0.00059608617390166695 -0.016231989992009189 0.016604308641854956 -0.0079079290129913295 0.0026140315819437533 -0.003177351026556547 0.00038588355588831992 -0.030989792527321709 -0.023434940104680353 -0.006749324303710013 -0.005479704949447225 -0.016348094992103442 -0.0022587428791693057 0.00033993542745328959 -0.00022045316539015685 0.0010776479572922769 0.0070024012679881396 -0.0073511019019428039 0.0012777498399184745 0.00034197647115086286 0.01160428211118459 0.011689284920608512 0.0029733331066182081 0.013333116448178348 -0.0026418415451745234
leaf_weight=367077.27958214283 7965117.0431835651 9373510.0528414249 948973.94396734238 358524.92770439386 10700193.671579242 77497358.07577157 1643612.9726282358 554063.75491142273 5900717.6090502739 67789476.207857728 7916904.6394938231 14494439.091935873 676502.30615472794 904170.7561519146 2503023.6625750065 11539567.784224033 1416020.3306896687 13514430.069762468 19205453.206403136 10009971.580009937 816881.17553818226 776731.46537208557 1510500.3260234594 15857029.396349311 12140395.137054443 1658549.8246002197 1004118.490814209 6138866.1383934021 916996.85355186462 5939081.8282470703
leaf_count=28379 465567 504404 76225 34887 186797 1175260 137494 23496 466156 928514 456241 697306 56678 81229 168583 659722 120943 727924 536578 547549 34534 6319 123473 274999 7764 1849 1019 11032 1931 7148
internal_value=-0.000108922 0.000253658 -0.00399897 -0.0204663 0.000876245 -0.000208674 -0.0162315 -0.00211873 -0.0110247 0.00170301 0.000557772 -0.00184306 -0.0383894 -0.0145313 -0.00119897 -0.00375869 -0.00954137 -0.00320827 -0.000686746 0.000691825 0.00735284 -0.00175539 -0.0119789 0.00251747 0.00237613 0.00267207 0.00249094 0.00237661 0.00275709 0.000212187
internal_weight=3.12038e+08 3.06578e+08 3.91513e+07 5.46039e+06 2.67427e+08 1.15656e+08 4.41681e+06 3.08856e+07 8.26571e+06 1.5177e+08 5.61826e+07 3.81591e+07 1.04358e+06 4.05828e+06 2.96254e+07 1.95047e+07 7.31674e+06 2.36647e+07 2.71224e+07 1.13809e+07 1.37094e+06 1.42912e+07 3.15411e+06 2.65572e+07 9.55875e+07 8.34471e+07 8.17885e+07 8.07844e+07 6.87065e+07 1.20779e+07
internal_count=8550000 8087860 2394192 462140 5693668 3111213 377083 1730868 663324 2582455 1623198 1935953 85057 342196 1161402 1125289 587099 1238647 992819 605579 58030 734243 260967 461796 959257 951493 949644 948625 930445 18180
cat_boundaries=0 3 6 9 12 15
cat_threshold=83394559 23616 2016 1535705088 3220808321 513 2047 0 1408 3376924672 4093518848 977 16973824 2818244612 6
is_linear=0
shrinkage=0.15


Tree=46
num_leaves=31
num_cat=2
split_feature=6 2 8 7 2 7 2 7 2 8 7 2 2 7 2 7 2 1 5 6 3 3 6 0 3 5 7 8 5 0
split_gain=91063.4 33686.3 19471.8 15148.9 10292.3 16700.2 7628.65 7280.24 8461.8 7149.3 6288.47 6159.79 5854.19 5694.77 5693.37 4957.73 4866.21 4775.36 3872.55 5210.62 4431.29 4087.57 4186.2 3788.63 3590.68 3578.94 8026.71 4650.51 4015.59 3933.27
threshold=2.5000000000000004 -101.49999999999999 -1.5594790577888487 -2.6032568216323848 -8.4999999999999982 -0.60570153594017018 -27.499999999999996 -4.4075307846069327 -33.499999999999993 -0.59565961360931385 -0.19381462037563321 -385.49999999999994 -1.4999999999999998 -1.4566939473152158 -221.49999999999997 -9.9675102233886701 -2239.9999999999995 0.053512573242187507 122.50000000000001 434.50000000000006 12.500000000000002 4.5000000000000009 507.50000000000006 0 13.500000000000002 28.500000000000004 -0.080651182681322084 -0.54961425065994252 9.5000000000000018 1
decision_type=2 2 2 2 2 2 2 2 2 2 2 2 2 2 2 2 2 2 2 2 2 2 2 9 2 2 2 2 2 9
left_child=2 3 16 11 5 7 -7 23 13 17 18 -2 -12 -9 -5 -13 -1 -4 19 20 -6 22 -20 -3 -23 26 28 29 -14 -28
right_child=1 4 9 14 10 6 -8 8 -10 -11 12 15 25 -15 -16 -17 -18 -19 21 -21 -22 24 -24 -25 -26 -27 27 -29 -30 -31
leaf_value=-0.050463915379217017 -0.0091648969433866835 0.0087403996004319535 -0.034188390783418857 -0.016830620287901887 0.002936593051369292 -0.0074928230858794225 -0.0017799197182454952 0.00034272075645499383 0.0018054893551116855 0.0016139495971334193 -0.00075733754141125694 0.0052792174545590051 0.040668532682888774 -0.0029472425958807823 -0.0076259452429108089 -0.0022224602676762933 -0.02989536317184498 -0.015159059741150605 0.0013755067654448417 0.010949221531134595 0.015525028404399064 -0.0016802819577907632 0.026644959508936472 0.0022473213528934194 0.0034182463741486411 0.00027329182471118671 0.01296261280537961 0.00028862721214849442 0.011332861684921881 0.00269120346360497
leaf_weight=361015.7469509244 2567032.3839036226 3709505.067918539 327250.48428422213 1894204.7870514393 49074536.590340853 6211465.9589782953 34303312.245800853 32772264.479735494 57386780.270152569 539461.99166250229 30363740.298978567 2247219.6312252283 111418.10583639145 18532076.156394482 7492007.5656901598 16808176.033415675 914067.63231545687 3180094.6501537561 326956.50225830078 1977597.1282043457 637342.51812744141 8981682.8948364258 268755.65692138672 4444444.6040143967 4752378.5107421875 9532565.9985904694 1449585.7922415733 7030544.8817973137 1819194.8758068085 1990955.7510924339
leaf_count=29820 199461 38684 32847 164942 355181 424362 1241759 1083933 893260 49033 744212 85220 1302 1007496 577022 974738 80235 284642 382 2141 644 5907 288 48950 2492 19841 26553 129285 7361 38007
internal_value=-0.000101621 0.000235951 -0.019555 -0.00445143 0.000763196 -3.15415e-05 -0.00265579 0.000878387 0.000554088 -0.014462 0.00182018 -0.00226702 0.00059152 -0.000845675 -0.00948351 -0.00133778 -0.035719 -0.0169346 0.00279348 0.00339837 0.00309799 0.000611577 0.0127758 0.00520125 8.39548e-05 0.00245875 0.00413861 0.00250001 0.0130259 0.00701885
internal_weight=3.12008e+08 3.06686e+08 5.32189e+06 3.10086e+07 2.75677e+08 1.5736e+08 4.05148e+07 1.16845e+08 1.08691e+08 4.04681e+06 1.18317e+08 2.16224e+07 5.2298e+07 5.13043e+07 9.38621e+06 1.90554e+07 1.27508e+06 3.50735e+06 6.60192e+07 5.16895e+07 4.97119e+07 1.43298e+07 595712 8.15395e+06 1.37341e+07 2.19343e+07 1.24017e+07 1.04711e+07 1.93061e+06 3.44054e+06
internal_count=8550000 8073423 476577 2001383 6072040 4738444 1666121 3072323 2984689 366522 1333596 1259419 966561 2091429 741964 1059958 110055 317489 367035 357966 355825 9069 670 87634 8399 222349 202508 193845 8663 64560
cat_boundaries=0 3 6
cat_threshold=1078939778 2952463488 1498 3500146999 1458231788 3
is_linear=0
shrinkage=0.15


Tree=47
num_leaves=31
num_cat=5
split_feature=2 2 7 1 2 7 2 7 2 8 8 7 7 6 7 8 2 5 8 7 0 0 0 7 6 7 2 0 0 8
split_gain=80036.5 30387.5 17743.4 13086.8 9663 16232.7 7233.22 7027.06 6012.8 5771.65 5583.2 4875.8 4683.84 4366.27 4342.09 4274.51 4270.68 4237.22 5165.63 3961.05 3949.44 3860.52 3789.1 3367.2 3103.87 3075.15 3036.64 2939.73 2859.97 2781.86
threshold=-510.49999999999994 -102.49999999999999 -1.863531172275543 0.053512573242187507 -13.499999999999998 -1.052616238594055 -36.499999999999993 -0.45755527913570399 -4.4999999999999991 -0.96045237779617298 -1.2594364881515501 -8.0733709335327131 -0.80071863532066334 69.500000000000014 -0.42575989663600916 -0.1682106405496597 -185.49999999999997 122.50000000000001 -0.47384424507617945 -0.14307978749275205 0 1 2 -0.43366707861423487 17.500000000000004 -0.11063108593225478 -235.49999999999997 3 4 -1.8201374411582945
decision_type=2 2 2 2 2 2 2 2 2 2 2 2 2 2 2 2 2 2 2 2 9 9 9 2 2 2 2 9 9 2
left_child=3 2 10 -1 5 15 23 13 19 29 27 -12 26 21 -8 20 -13 18 22 24 -3 -6 -10 -7 -9 28 -4 -2 -20 -5
right_child=1 4 12 9 7 6 14 8 17 -11 11 16 -14 -15 -16 -17 -18 -19 25 -21 -22 -23 -24 -25 -26 -27 -28 -29 -30 -31
leaf_value=-0.041564103050998884 -0.018068863486147231 0.0020660533723269856 -0.016848435767841119 -0.034771345495537301 0.010001282633934015 -0.0045638112482760257 -0.00053869303054213493 0.0048760555908161796 0.0056479689475024053 -0.01038257416082513 0.0028530574738081424 -0.0057966651580365841 -0.019857561889445565 0.0022586045006705462 -0.004180136055645353 0.0041485179960423901 -0.0011648624222870554 -0.0042258727017697477 0.0047020410129490018 -0.0044546911308510437 -0.00028099461362106337 0.0036716538594300163 0.0020455215784372428 -0.011643224244151413 -0.00055886667988663894 -0.00092296810620218889 -0.0075404679174414565 -0.005396071057228626 0.0006439847504251309 -0.02018896584613725
leaf_weight=601906.97556757927 725132.12228631973 27709056.993746638 996116.17495238781 361185.34310042858 3271646.5260356665 9361437.1776888371 31199715.681134582 2580015.8834106922 10543007.181947112 1445514.0434541702 3996820.3455334902 7183540.0828125477 1230179.58852458 39928739.328816414 9645499.3962968588 9208493.667727232 11896591.503386736 2647792.60546875 5825128.2289767265 5557571.6183689833 38607997.3541888 6427462.8938410282 17430205.87443006 1802780.9722249508 28275331.65664053 15320412.361678839 3785789.5596431494 953363.85503876209 11870396.088932991 1590623.5603639483
leaf_count=58629 39421 650475 92569 30082 38718 605695 981496 125289 101748 124638 191890 546634 110179 93573 529035 182971 677238 1899 35942 255949 1128186 91684 200467 142725 600856 298186 310509 57098 103524 142695
internal_value=-9.49022e-05 0.000178876 -0.0042935 -0.0211785 0.00067526 -0.000284151 -0.00232344 0.00149274 0.00076888 -0.0175668 -0.00251833 -0.00191079 -0.011603 0.00295204 -0.00139861 0.00112017 -0.0029087 0.0016485 0.00190353 -0.000768384 0.000699666 0.00580674 0.00340327 -0.00570698 -0.000104418 0.00063285 -0.00947941 -0.010871 0.00197985 -0.0228875
internal_weight=3.11979e+08 3.0798e+08 3.07675e+07 3.99923e+06 2.77213e+08 1.27535e+08 5.20094e+07 1.49678e+08 1.0005e+08 3.39732e+06 2.47554e+07 2.3077e+07 6.01209e+06 4.96278e+07 4.08452e+07 7.55255e+07 1.90801e+07 6.36369e+07 6.09891e+07 3.64129e+07 6.63171e+07 9.69911e+06 2.79732e+07 1.11642e+07 3.08553e+07 3.30159e+07 4.78191e+06 1.6785e+06 1.76955e+07 1.95181e+06
internal_count=8550000 8193956 2025538 356044 6168418 4220583 2258951 1947835 1723860 297415 1512281 1415762 513257 223975 1510531 1961632 1223872 741766 739867 982094 1778661 130402 302215 748420 726145 437652 403078 96519 139466 172777
cat_boundaries=0 3 6 9 12 15
cat_threshold=16908288 3221211373 814 2552758784 2881425927 1049 3490611216 161862038 1 2269894305 571238124 1058 34018432 3741129216 258
is_linear=0
shrinkage=0.15


Tree=48
num_leaves=31
num_cat=6
split_feature=6 2 7 8 2 7 7 2 7 2 8 2 8 0 0 0 6 7 1 2 7 7 5 0 6 7 2 0 6 0
split_gain=71330 31120.3 12478.3 11714.9 10462.7 15829.1 6837.75 7259.78 6655.14 7696.13 4713.97 4601.46 4420.47 3734.22 3629.92 3578.4 3389.97 3224.95 3078.13 3036.99 3526.49 2980.93 2939.93 2870.46 2852.29 2859.46 3391.28 3235.46 3168.61 2718.89
threshold=1.5000000000000002 -147.49999999999997 -2.9944871664047237 -1.6028365492820738 -19.499999999999996 -0.77814099192619313 -3.0435323715209956 -56.499999999999993 -0.46552854776382441 -7.4999999999999991 -1.4097833037376402 -53.499999999999993 -0.63830843567848194 0 1 2 34.500000000000007 -1.5131961703300474 0.053512573242187507 -510.49999999999994 -15.000815868377684 -624.84442138671864 12.500000000000002 3 41.500000000000007 -1.6161528229713438 -9.4999999999999982 4 69.500000000000014 5
decision_type=2 2 2 2 2 2 2 2 2 2 2 2 2 9 9 9 2 2 2 2 2 2 2 9 2 2 2 9 2 9
left_child=3 2 19 18 5 6 15 29 24 -10 -4 -7 -5 -11 -13 -3 17 -9 -1 -2 23 -14 -22 -21 -6 27 -27 -26 -28 -8
right_child=1 4 10 12 8 11 7 16 9 13 -12 14 21 -15 -16 -17 -18 -19 -20 20 22 -23 -24 -25 25 26 28 -29 -30 -31
leaf_value=-0.050453169647953058 -0.0098301490064535563 0.0049537204420526029 -0.02127356100252796 -0.01938160751967016 0.0049767858554902065 -0.0097715832260886759 -0.004461512640786305 0.0060942953170208944 -0.0018164789426048957 0.0024245721124643194 -0.0094640909135971334 -0.0056514180284212307 0.013844297462413791 0.00037808465692023451 -0.0013394727051462356 0.0010604624290819012 -0.00037128355560988804 0.0011572543078224268 -0.031095789899882174 0.021036971235265 -0.0025874432112778963 -0.014886404530904968 -0.019439813198071428 0.0015008033892114133 0.00059592431379171587 0.00010162458650589428 0.0081356261385744609 0.0063617847209896843 0.0021787752505131202 -0.0011946970695149333
leaf_weight=274187.74719053507 1321777.121946454 8443493.7752057314 882780.69391989708 2094401.7548869252 8552061.5826413631 3008511.9086692333 10386550.594934821 3868229.1914175749 24452480.833610415 33826334.378056288 5491120.4064844847 8501464.8745125532 161843.77811813354 49300321.6487602 9089032.7442582846 14321699.922854185 29739749.315618515 12920329.699938297 567155.1512363553 240610.7870503664 10766052.715189815 163175.71766996384 238065.03512263298 570309.03206467628 3319860.7422790527 20396056.071386814 2166528.5211195946 6432592.9023470879 27663999.778513908 12792111.588538885
leaf_count=25554 107945 184438 77230 197183 219836 244058 595089 136280 881462 359555 473365 456755 16488 794808 479204 348892 510900 594801 51974 10682 710263 13997 5765 24055 7616 196565 17217 15050 54619 738354
internal_value=-8.85672e-05 0.000144553 -0.00565373 -0.0221577 0.000535756 -0.000590262 0.000247385 -0.000489738 0.00125871 0.000522747 -0.0110997 -0.00435059 -0.0168558 0.00121085 -0.00342343 0.00250445 0.000590702 0.00229479 -0.0374042 -0.00301138 -0.00224854 -0.000579923 -0.00295203 0.00729772 0.00241402 0.00204861 0.00159223 0.00439902 0.00261141 -0.00265859
internal_weight=3.11953e+08 3.08692e+08 1.95107e+07 3.26076e+06 2.89181e+08 1.13071e+08 9.24722e+07 6.9707e+07 1.7611e+08 1.07579e+08 6.3739e+06 2.0599e+07 2.41942e+06 8.31267e+07 1.75905e+07 2.27652e+07 4.65283e+07 1.67886e+07 841343 1.31368e+07 1.1815e+07 325019 1.10041e+07 810920 6.85311e+07 5.9979e+07 5.02266e+07 9.75245e+06 2.98305e+07 2.31787e+07
internal_count=8550000 8244804 1409305 305196 6835499 4288771 3108754 2575424 2546728 2035825 550595 1180017 227668 1154363 935959 533330 1241981 731081 77528 858710 750765 30485 716028 34737 510903 291067 268401 22666 71836 1333443
cat_boundaries=0 3 6 9 12 15 18
cat_threshold=3490123776 3372216988 37 2703359 267328 2047 1075466754 2818147329 411 86065416 3147243520 852 3244328512 1293226816 278 205613929 1610692404 1495
is_linear=0
shrinkage=0.15


Tree=49
num_leaves=31
num_cat=7
split_feature=6 2 8 7 2 7 7 2 7 7 8 8 2 8 8 5 1 0 6 0 1 0 0 7 0 7 0 0 6 7
split_gain=62601.3 27080.6 10981.4 10790.5 9912.07 15129.6 6559.94 8833.75 4964.41 4854.55 4724.05 4701.56 3931.04 3844.75 3633.2 5125.6 8543.49 4295.61 3306.39 3286.87 3193.69 3189.03 3147.61 2842.33 3692.21 2797.9 2721.41 2619.81 2604.43 2596.38
threshold=1.5000000000000002 -167.49999999999997 -1.8201374411582945 -3.3185230493545528 -29.499999999999996 -1.2512218356132505 -0.71349313855171193 -6.4999999999999991 -0.1880659610033035 -3.8700060844421382 -0.80699115991592396 -1.1998882889747617 -72.499999999999986 -1.4097833037376402 -0.47384424507617945 28.500000000000004 9.2460937500000018 0 31.500000000000004 1 0.053512573242187507 2 3 -19.790554046630856 4 -624.84442138671864 5 6 43.500000000000007 -4.1196949481964102
decision_type=2 2 2 2 2 2 2 2 2 2 2 2 2 2 2 2 2 9 2 9 2 9 9 2 9 2 9 9 2 2
left_child=2 3 -1 23 5 9 28 8 27 21 20 -7 26 -5 15 16 19 -18 -14 -9 -4 -3 -16 24 -2 -12 -11 -8 -6 -30
right_child=1 4 10 13 6 11 7 14 -10 12 25 -13 18 -15 22 -17 17 -19 -20 -21 -22 -23 -24 -25 -26 -27 -28 -29 29 -31
leaf_value=-0.040314944433019737 0.024359700092394753 0.00016653928560905748 -0.034080966020065773 -0.020609486963416745 0.0045165358943010294 -0.010574552848949726 -0.0016053653226918902 0.00028894600626222028 -0.0050446600499597849 -0.0042758942736774476 0.005382804472898883 -0.0033945263398619287 0.0030246363403534341 -0.0094893612079213051 -0.00092430785211428568 0.00094210537660989414 0.022826106158699462 0.0079867804710887051 -0.00039047621066622265 0.0046789979204898422 -0.017907251571345147 0.0046115220730883746 0.0015771542453931167 -0.0035316954296244897 -0.00191540285612097 -0.014615022044082075 -0.00048774499946142673 0.00058296827140908196 0.007052739038656641 0.001670814529625183
leaf_weight=547920.32462537289 192187.53079652786 6324408.2891373634 328570.68648475409 815337.37869787216 10182675.779458284 2263537.1162415743 24629077.118889093 5793051.2104281187 6110726.2658290863 7772571.6278289557 283126.70068633556 21954841.675617218 9143965.3184530735 4926980.0963156223 20289311.267566919 24239353.063074112 738206.67498397827 1082659.9481315613 21091646.798565865 11366400.056301117 1675399.191434741 8529453.4578781128 25597249.225285053 9872632.2841877937 321816.848711133 354535.09557545185 9460783.964507103 24607115.780172467 2102831.444609642 49329681.699391842
leaf_count=50315 9769 158695 35737 73133 272040 152802 791632 140509 320116 454289 27672 1305173 421023 431009 345089 38247 2428 3568 440443 240144 159589 204027 277001 671297 14606 31883 558314 634923 4571 279956
internal_value=-8.26435e-05 0.000133342 -0.0209894 -0.0058503 0.000463167 -0.000884006 0.00102893 0.000476197 -0.00101216 0.000352347 -0.0169809 -0.0040656 -0.000388207 -0.0110683 0.00140067 0.00238759 0.00423359 0.014003 0.000642335 0.00319691 -0.0205591 0.00271896 0.000471102 -0.00296551 0.00790936 -0.00573583 -0.00219628 -0.000511687 0.00232478 0.00189086
internal_weight=3.11928e+08 3.08739e+08 3.18955e+06 1.6129e+07 2.9261e+08 8.65412e+07 2.06068e+08 1.44453e+08 5.53469e+07 6.23228e+07 2.64163e+06 2.42184e+07 4.7469e+07 5.74232e+06 8.91062e+07 4.32197e+07 1.89803e+07 1.82087e+06 3.02356e+07 1.71595e+07 2.00397e+06 1.48539e+07 4.58866e+07 1.03866e+07 514004 637662 1.72334e+07 4.92362e+07 6.16152e+07 5.14325e+07
internal_count=8550000 8244804 305196 1199814 7044990 3694766 3350224 2793657 1746671 2236791 254881 1457975 1874069 504142 1046986 424896 386649 5996 861466 380653 195326 362722 622090 695672 24375 59555 1012603 1426555 556567 284527
cat_boundaries=0 3 6 9 12 15 18 21
cat_threshold=2433713712 2051196340 1045 63389439 2684355072 2044 2649550697 1342182014 32 3541075327 16829951 1040 1162412360 4258496641 732 1279355625 134307188 1491 13187071 1476932120 756
is_linear=0
shrinkage=0.15


Tree=50
num_leaves=31
num_cat=8
split_feature=2 2 8 1 7 0 8 0 2 7 0 8 7 2 2 6 2 7 8 0 7 0 6 5 7 0 0 7 6 0
split_gain=56121.2 18395.1 16468.1 13109.2 8165.36 6845 5794.67 4348.59 4187.48 6526.66 4049.51 3969.84 3850.84 3847.25 3795.1 5710.08 5486.04 4436.17 3462.52 3418.08 3339.84 3288.65 3028.8 3020.48 6706.14 5657.69 2853.43 2710.79 3191.44 2709.16
threshold=-420.49999999999994 -48.499999999999993 -1.0343946218490598 0.053512573242187507 -1.6590765118598936 0 -0.96045237779617298 1 -1.4999999999999998 -0.19381462037563321 2 -0.21231501549482343 -1.6161528229713438 -6.4999999999999991 -13.499999999999998 76.500000000000014 -3.4999999999999996 -0.66275000572204579 -0.32947281002998346 3 -1.186495244503021 4 26.500000000000004 6.5000000000000009 -0.061809556558728211 5 6 -0.56015768647193898 25.500000000000004 7
decision_type=2 2 2 2 2 9 2 9 2 2 9 2 2 2 2 2 2 2 2 9 2 9 2 2 2 9 9 2 2 9
left_child=3 2 7 -1 10 11 -5 -2 9 12 -4 -3 26 -11 27 16 17 -16 29 -18 -9 -17 -19 24 25 -10 -7 28 -14 -12
right_child=1 5 4 6 -6 8 -8 20 23 13 18 -13 14 -15 15 21 19 22 -20 -21 -22 -23 -24 -25 -26 -27 -28 -29 -30 -31
leaf_value=-0.037410609680965413 -0.012695888665959934 -0.0025709176587012522 0.0026825555702562863 -0.018273338194608336 -0.004250957912587938 0.0046174232098365854 -0.0074571697636563799 -0.003010460055327892 0.082834789455677668 -0.0046008766537281648 -0.0038415027230000263 0.00083784917335929892 0.0031184472391762963 -0.00035618489598928608 0.0076079032049579543 0.0017317689628426453 0.0045247656007493193 0.0055712717919672861 0.0012044911509860462 0.019080299195424765 -0.011064841140018381 -0.0012044287443236184 0.0011982319329880209 0.0023062431778913622 0.006480057388674184 0.012283345880125788 0.0015357989213999272 -0.0020025409336748125 -0.00022935665334050188 -0.00056686482125538394
leaf_weight=561032.3263527751 3093934.6748847961 19627499.457032919 9165903.1258633137 2322756.5097711682 14257624.805681467 11477604.964313388 2142371.4168828726 3579638.1331944466 49351.920004248619 6077095.6690342426 9672142.718372941 12635895.667351246 8231096.7117767334 22941211.878118396 3558517.7265205383 17331291.397634029 697951.74261188507 4301473.9864609241 12130225.243672729 756441.70485806465 1712534.5001041293 17003114.973501682 20773411.480845928 34223372.567080021 1357927.797516346 53098.035307645798 16450714.946864605 13022482.83881259 28909400.977697372 13787806.498289347
leaf_count=60863 193120 710837 431375 215479 982931 94489 185798 192564 1022 323608 491153 401059 395716 468706 30292 49733 4102 152515 517328 4363 143596 51021 292812 126608 58803 1014 131544 627912 538472 671165
internal_value=-7.71264e-05 0.000180374 -0.00200871 -0.0157992 -0.00112484 0.000796479 -0.0130837 -0.00822857 0.00111292 0.000805363 -0.000128979 -0.00123588 0.00122288 -0.00124512 0.000837933 0.00159968 0.00310825 0.00265176 -0.000853063 0.0120954 -0.00561683 0.000277703 0.00194841 0.00259132 0.00927204 0.0462785 0.00280225 -0.00014035 0.000512585 -0.00191694
internal_weight=3.11905e+08 3.06879e+08 6.73998e+07 5.02616e+06 5.90137e+07 2.39479e+08 4.46513e+06 8.38611e+06 2.07216e+08 1.71532e+08 4.47561e+07 3.22634e+07 1.42514e+08 2.90183e+07 1.14585e+08 6.44222e+07 3.00878e+07 2.86334e+07 3.55902e+07 1.45439e+06 5.29217e+06 3.43344e+07 2.50749e+07 3.56838e+07 1.46038e+06 102450 2.79283e+07 5.0163e+07 3.71405e+07 2.34599e+07
internal_count=8550000 8087860 3623232 462140 3093952 4464628 401277 529280 3352732 3165285 2111021 1111896 2372971 792314 2146938 584838 484084 475619 1679646 8465 336160 100754 445327 187447 60839 2036 226033 1562100 934188 1162318
cat_boundaries=0 1 4 7 10 13 16 19 22
cat_threshold=1535 123011040 1610619116 1422 50331650 2885189633 10 2352306688 1629736288 1973 2189396480 938942464 607 3691110912 777499925 657 207833088 4227467268 1217 74623997 135186 1264
is_linear=0
shrinkage=0.15


Tree=51
num_leaves=31
num_cat=6
split_feature=1 2 8 2 7 8 8 2 7 2 7 0 0 5 8 7 6 0 7 0 0 2 5 7 5 3 5 7 6 0
split_gain=49661.9 21848.7 9376.59 7733.82 11969.4 6849.96 5323.37 5274.32 5118.44 5012.89 3796.77 3774.38 3574.45 3532.65 4376.4 3406.86 3841.22 3240.52 3186.2 3177.35 2980.42 2912.32 2873.58 2721.89 2647.86 3259.35 2932.4 2543.5 2519.41 2583.01
threshold=0.11795043945312501 -167.49999999999997 -1.6028365492820738 -18.499999999999996 -1.0816195607185362 -0.98059532046318043 -0.33209887146949763 -53.499999999999993 -0.46552854776382441 -7.4999999999999991 -7.2510581016540518 0 1 122.50000000000001 -0.87122806906700123 -0.20583117753267285 38.500000000000007 2 -0.29519286751747126 3 4 -1662.4999999999998 29.500000000000004 -19.790554046630856 196.50000000000003 13.500000000000002 230.00000000000003 -5.8974306583404532 41.500000000000007 5
decision_type=2 2 2 2 2 2 2 2 2 2 2 9 9 2 2 2 2 9 2 9 9 2 2 2 2 2 2 2 2 9
left_child=2 5 23 4 6 17 11 -6 24 -10 -7 -3 -8 14 19 16 -16 -2 20 -11 -9 -4 -21 -1 25 28 -26 -14 -5 -30
right_child=1 3 21 8 7 10 12 18 9 13 -12 -13 27 -15 15 -17 -18 -19 -20 22 -22 -23 -24 -25 26 -27 -28 -29 29 -31
leaf_value=-0.048126225945038029 -0.0014759226344611361 0.00097835002443514185 -0.028323039373874682 0.0047289877936394463 -0.0068563551457604052 0.00056300973191352735 0.00048299602913146218 -0.0030598689156221483 -0.0015217199224122698 0.00033201393610607426 -0.0052211052421317142 -0.0016387935127303705 0.011081520317936449 -0.0043124862847223316 0.007463311647232556 -0.00010395295598842441 0.0014331998908385666 -0.012416649810391731 -0.007108492886564381 0.0081790967071220314 -5.0364694697476717e-05 -0.012747784008912315 0.0026814041196809428 -0.028329994935236729 -0.0040388813142354912 0.0092014614594710525 0.0043186997498076236 0.0031564462775891342 0.00035935983812327202 0.0025702573794873004
leaf_weight=245527.87644821405 739790.82352125645 22438405.441895485 319681.08954721689 7548539.2059208155 5873932.1300063133 3692711.8007137775 16592494.954830647 14600654.998030305 23670253.093140006 4275859.5285279751 8276272.2486617565 27710173.588506818 972790.28802847862 2773112.1123046875 2696272.2749094963 45054629.617192745 20062941.59448719 3448947.4403787851 2501569.3198170662 4140206.41296947 15021609.041877508 1742200.797614634 4426014.5410861969 429894.82249212265 3058514.1058349609 1519764.9578857422 1366676.6743164062 14388413.929957867 18278403.32215929 34017067.281097889
leaf_count=24436 61628 744594 34797 187134 458417 229084 553640 659330 845115 51142 637775 976076 20555 1980 60519 820361 127174 270612 174936 86679 630008 191991 7723 47897 1447 949 616 375042 114398 153945
internal_value=-7.19727e-05 0.000106137 -0.0201873 0.00040227 -0.000522374 -0.00526365 0.000496353 -0.00272355 0.00104459 0.000404914 -0.00343657 -0.000467783 0.00200948 0.000951533 0.00113252 0.000651692 0.00214758 -0.0104844 -0.00196786 0.00367158 -0.00153373 -0.0151626 0.00533853 -0.0355263 0.00208593 0.00234148 -0.00145772 0.00365832 0.00216727 0.0017975
internal_weight=3.11883e+08 3.09146e+08 2.7373e+06 2.92988e+08 1.201e+08 1.61577e+07 8.21023e+07 3.79978e+07 1.72888e+08 1.07099e+08 1.1969e+07 5.01486e+07 3.19537e+07 8.3429e+07 8.06559e+07 6.78138e+07 2.27592e+07 4.18874e+06 3.21238e+07 1.28421e+07 2.96223e+07 2.06188e+06 8.56622e+06 675423 6.5789e+07 6.13638e+07 4.42519e+06 1.53612e+07 5.9844e+07 5.22955e+07
internal_count=8550000 8250879 299121 7051780 4592598 1199099 2669907 1922691 2459182 2000693 866859 1720670 949237 1155578 1153598 1008054 187693 332240 1464274 145544 1289338 226788 94402 72333 458489 456426 2063 395597 455477 268343
cat_boundaries=0 3 6 9 12 15 18
cat_threshold=2601484288 3086598601 800 3658292733 125434 256 402653184 2526085121 576 89149402 3460834816 510 69809151 740294760 1917 3649062239 134274012 292
is_linear=0
shrinkage=0.15


Tree=52
num_leaves=31
num_cat=5
split_feature=6 2 7 8 0 8 8 1 8 8 2 7 2 7 5 2 0 6 1 2 7 5 2 8 0 0 8 5 7 0
split_gain=44852.3 18001 9891.2 9409.6 6622.83 4805.53 4779.88 4445.02 3644.3 3618.21 3197.44 3623.67 4799.46 3435.63 4197.07 3623.81 2907.87 2827.95 2781.99 2776.42 2741.35 2660.18 3231.48 2596.92 2591.87 2549.81 2521.22 2515.36 5233.59 2462.19
threshold=1.5000000000000002 -123.49999999999999 -3.5725649595260616 -1.8201374411582945 0 -0.18602779507637021 -1.4097833037376402 3.5419921875000004 -0.7242995798587798 -0.92611679434776295 -1.4999999999999998 -1.9625000953674314 -36.499999999999993 -0.12675220519304273 58.500000000000007 -3.4999999999999996 1 52.500000000000007 0.038208007812500007 -276.49999999999994 -19.790554046630856 14.500000000000002 -235.49999999999997 -1.6640065908432005 2 3 -0.37421628832817072 28.500000000000004 -0.090272020548582063 4
decision_type=2 2 2 2 9 2 2 2 2 2 2 2 2 2 2 2 9 2 2 2 2 2 2 2 9 9 2 2 2 9
left_child=3 2 20 -1 5 7 -4 9 18 -3 11 -6 23 14 15 -14 26 29 -5 -8 24 22 -22 -13 -2 -16 -11 28 -12 -17
right_child=1 4 6 8 10 -7 19 -9 -10 16 27 12 13 -15 25 17 -18 -19 -20 -21 21 -23 -24 -25 -26 -27 -28 -29 -30 -31
leaf_value=-0.037028537944164441 0.020444236322810557 -0.0057972136793860429 -0.016642015748938664 -0.036034583594938302 0.002314220209870591 0.0016655486407234626 -0.011361216098256018 0.00055983648688612687 -0.0025159189034536689 -0.0060914117224305031 0.014573971554635454 -0.014202908666674941 0.0011514522519401205 -0.0017604327424233222 0.00066590607973594361 0.026338491628068804 -0.00060015373792532769 0.0033610170500911318 -0.015599843195054586 -0.0049005656541393954 -0.003953870476462373 -0.013527451807473419 0.00086140598420022195 -0.0017317548618314318 0.00036638212252892473 -0.0041681190781806161 -0.0018757144598487705 0.0016961994676392542 0.0032765451055236554 0.0081856778692390251
leaf_weight=499849.71797472239 250398.04566788673 4187451.7181528807 1085290.9014571905 162704.21883231401 27749811.850503087 21328084.836532593 1852618.9481272697 34936272.182682514 465369.26250201464 4177779.2750196457 1088575.9752354622 385187.74363672733 63490933.743008137 10413253.86664784 4863120.3248405457 202856.19095230103 44844562.313088417 6895570.8085865974 1904667.981677711 7788684.6219660044 5485154.7089065313 406436.35322642326 7321026.3494575024 15234136.843099117 342586.03505730629 4958278.5227165222 13526626.260718584 18982103.760398865 6051854.7898538113 981783.08611011505
leaf_count=50315 11056 206957 96858 18444 492483 504525 175129 143439 44212 217067 4240 21861 1184756 304784 6314 2030 1776205 25378 192225 624075 411166 8035 391297 854501 14510 6703 639853 23152 88665 9765
internal_value=-6.71302e-05 0.000111128 -0.00378738 -0.0182204 0.000447531 -0.000381528 -0.00720437 -0.000810948 -0.0145085 -0.00152855 0.00107975 0.00078616 0.000391435 0.000804988 0.0011332 0.00153222 -0.00124278 0.00452414 -0.0172081 -0.00614201 -0.00113246 -0.00158025 -0.00120108 -0.00203931 0.00884496 -0.00177453 -0.00287051 0.00259896 0.00499887 0.0112944
internal_weight=3.11863e+08 3.0883e+08 2.45322e+07 3.03259e+06 2.84298e+08 1.23001e+08 1.07266e+07 1.01673e+08 2.53274e+06 6.67364e+07 1.61297e+08 1.35175e+08 1.07425e+08 9.18058e+07 8.13925e+07 7.15711e+07 6.2549e+07 8.08021e+06 2.06737e+06 9.6413e+06 1.38056e+07 1.32126e+07 1.28062e+07 1.56193e+07 592984 9.8214e+06 1.77044e+07 2.61225e+07 7.14043e+06 1.18464e+06
internal_count=8550000 8244804 1732126 305196 6512678 3488046 896062 2983521 254881 2840082 3024632 2908575 2416092 1539730 1234946 1221929 2633125 37173 210669 799204 836064 810498 802463 876362 25566 13017 856920 116057 92905 11795
cat_boundaries=0 3 4 7 10 12
cat_threshold=115900415 23616 2000 879 1275609416 4258365569 1783 152535040 1906581544 46 425984 147070976
is_linear=0
shrinkage=0.15


Tree=53
num_leaves=31
num_cat=5
split_feature=2 2 7 8 0 8 7 2 8 2 2 7 2 1 7 2 6 7 2 7 5 0 0 5 7 0 1 0 7 5
split_gain=40004.5 14113.6 12527.1 8647.08 5464.79 4676.14 4393.78 4022.27 3935.14 3746.14 3489.84 5153.58 4199.93 3334.65 3050.36 4407.8 3963.39 3003.54 2975.77 4413.44 2806.88 2753.84 2706.76 2637.44 6628.02 3597.76 2690.43 2565.29 2509.94 3657.36
threshold=-529.49999999999989 -68.499999999999986 -1.4022077918052671 -1.8201374411582945 0 -1.6028365492820738 -7.6418888568878165 -208.49999999999997 -0.3053265362977981 -239.49999999999997 -1.4999999999999998 -0.2553133070468902 -10.499999999999998 0.038208007812500007 -2.2497704029083248 -25.499999999999996 41.500000000000007 -0.057277321815490716 -9.4999999999999982 -0.858402520418167 42.500000000000007 1 2 9.5000000000000018 -0.052669849246740334 3 7.6503906250000009 4 -0.044182397425174706 19.500000000000004
decision_type=2 2 2 2 9 2 2 2 2 2 2 2 2 2 2 2 2 2 2 2 2 9 9 2 2 9 2 9 2 2
left_child=3 2 5 -1 8 22 21 -4 -3 -8 11 14 -13 -5 -6 -16 18 -14 19 -17 27 -7 -2 24 25 26 -12 -11 29 -25
right_child=1 4 7 13 10 6 9 -9 -10 20 23 12 17 -15 15 16 -18 -19 -20 -21 -22 -23 -24 28 -26 -27 -28 -29 -30 -31
leaf_value=-0.035232733173151634 -0.021290050432965942 -0.0035276875842896517 -0.017348128538374512 -0.033933390790163068 0.0026006796102834811 0.0066150097858023909 -0.005580051565692792 -0.0066493979578371 -0.00011593697359705761 -0.0025128968518372246 0.03389930570557162 -0.004969795905926346 0.00012751906410350683 -0.01197257728179855 -0.00071239824057716956 0.0077112630218901844 0.00067500464503156494 -0.0043716920748078031 0.0067712770685715408 0.001244079195423945 -0.031879822583521469 -6.9488586144766129e-05 -0.0046533813251612008 0.0076806478100368185 0.003541555804734556 0.012314353370446557 0.093116111324974951 0.00027031076835667961 -0.0019237439345647124 0.0017544042051134592
leaf_weight=462640.95513057709 392163.47427242994 10997009.617747784 903566.67096751928 164692.34340780973 22253131.760397553 2502477.3180884719 4638905.2079249024 6327375.1336790323 24672053.5255723 13155871.351255059 154229.60598647594 5068773.4803664684 31390814.28050971 2809843.7544019222 35790555.661868334 2782562.2627151012 67040443.926071167 3735739.481636405 3841460.2574160099 16180683.344178677 66102.651633262634 3110108.3433323503 501358.05342519283 2566550.9881429672 2370550.2366896868 245557.01667451859 19438.687675476074 17183835.143287659 3602830.7835845947 26912713.780368805
leaf_count=47478 18933 419901 90332 19389 221908 110586 395742 520230 862751 709380 2487 310907 586385 272039 1424347 56108 407442 149210 69706 573167 541 133712 27462 18765 85492 3549 97 934897 36215 40842
internal_value=-6.25977e-05 0.000116758 -0.00222419 -0.0161556 0.000556607 -0.00122144 -0.000985535 -0.00798629 -0.0011678 -0.00160957 0.00083125 0.000572659 -0.000933426 -0.0131885 0.000982004 0.000695298 0.00125606 -0.000350976 0.00296424 0.00219304 -0.00100381 0.00291093 -0.0119554 0.0021871 0.00661622 0.0240022 0.0405251 -0.000936542 0.0018136 0.00227036
internal_weight=3.11844e+08 3.08407e+08 4.87818e+07 3.43718e+06 2.59625e+08 4.15508e+07 4.06573e+07 7.23094e+06 3.56691e+07 3.50447e+07 2.23956e+08 1.88084e+08 4.01953e+07 2.97454e+06 1.47889e+08 1.25636e+08 8.98451e+07 3.51266e+07 2.28047e+07 1.89632e+07 3.04058e+07 5.61259e+06 893522 3.58719e+07 2.78978e+06 419225 173668 3.03397e+07 3.30821e+07 2.94793e+07
internal_count=8550000 8211094 2941815 338906 5269279 2331253 2284858 610562 1282652 2040560 3986627 3799180 1046502 291428 2752678 2530770 1106423 735595 698981 629275 1644818 244298 46395 187447 91625 6133 2584 1644277 95822 59607
cat_boundaries=0 1 4 7 10 13
cat_threshold=1535 1363346432 4160086561 945 190826144 1690724324 2 71782400 781434189 129 1145287273 1073830270 1524
is_linear=0
shrinkage=0.15


Tree=54
num_leaves=31
num_cat=3
split_feature=6 2 8 7 0 2 7 7 3 8 7 5 7 7 1 2 2 7 7 5 8 6 0 6 2 2 7 7 7 0
split_gain=35331.2 13737.2 8041.59 7191.39 5680.72 3675.39 6229.79 4789.35 4858.84 3219.88 3188.58 3158.36 3069.58 2795.19 2431.25 2375.23 2262.47 2780.61 2522.82 2600.66 3141.19 2642.92 2458.58 2416.96 4282.54 2245.71 2232.57 2141.92 2031.07 2022.98
threshold=1.5000000000000002 -147.49999999999997 -1.8201374411582945 -2.9944871664047237 0 -38.499999999999993 -1.9861516952514646 -0.7566254436969756 1.0000000180025095e-35 -0.63830843567848194 -0.57847842574119557 7.5000000000000009 -0.95670193433761586 -8.5695829391479474 0.038208007812500007 -432.49999999999994 -2.4999999999999996 -0.19381462037563321 -0.039808781817555421 19.500000000000004 -0.8567863106727599 134.50000000000003 1 53.500000000000007 -4.4999999999999991 -235.49999999999997 -9.9675102233886701 -624.84442138671864 -624.84442138671864 2
decision_type=2 2 2 2 9 2 2 2 2 2 2 2 2 2 2 2 2 2 2 2 2 2 9 2 2 2 2 2 2 9
left_child=2 3 28 11 26 6 -6 -7 -9 14 -8 13 15 -2 -4 -5 17 23 19 20 22 -22 -18 24 -10 -15 29 -11 -1 -3
right_child=1 4 9 12 5 7 10 8 16 27 -12 -13 -14 25 -16 -17 18 -19 -20 -21 21 -23 -24 -25 -26 -27 -28 -29 -30 -31
leaf_value=-0.044656568003005902 0.0027369880880725259 -0.0021716480277797134 -0.033215342978141535 -0.015875802574469702 0.00036544007530442532 0.0015159647111173862 -0.0025492556218834036 -0.0028638739621116029 0.00080589511354770829 0.013058675203813676 -0.0089408524366502325 -0.010524916684839611 -0.017423214610185631 -0.0049746047107487928 -0.013691951049890211 -0.0057500078291417003 0.037899710509862752 -0.0021164799417144439 -0.0020615784657871438 0.00077864810750455989 0.0028817259138319618 0.029791210482300112 0.010598272682559022 -0.0010165868916071964 0.010869279421931258 -0.00022818938428403483 0.001269868865808673 -0.011576163423385013 -0.024879230258597663 0.015857319012403535
leaf_weight=226641.67486929893 3062514.1857710481 205362.45626831055 154618.86865997314 584726.73284977674 24707482.080305815 47128602.203376532 19832804.149072766 14397626.651639819 21737166.38775301 163296.12765371799 1926756.475186944 872005.76692438126 697805.86035001278 4320244.6796011925 1998639.8441567421 4799943.425110817 88516.253567695618 16250892.707406163 4748708.5468323231 19477962.927321434 6781798.3915026188 83127.949962615967 459321.89187717438 19928894.923382759 995025.89297127724 4664453.6728720665 90695568.721090317 154589.85014760494 241147.86744838953 440204.66898393631
leaf_count=23038 176737 2024 18761 59630 850259 652326 1127742 696548 640192 16488 153197 26720 67711 351806 205635 423254 1078 549899 137143 44427 124929 373 5474 132198 11417 303447 1701815 13997 27277 4458
internal_value=-5.84001e-05 9.7343e-05 -0.0164273 -0.00380978 0.000353451 -9.69339e-05 -0.00126448 0.000259808 -0.000304285 -0.0130135 -0.00311522 -0.00180751 -0.00806263 -0.00117652 -0.0150939 -0.00684958 0.000102689 -0.000446786 0.0011258 0.00168867 0.00407986 0.00320758 0.0150104 0.000189251 0.00124639 -0.00251048 0.00133243 0.00107861 -0.0344613 0.0101223
internal_weight=3.11826e+08 3.08888e+08 2.93893e+06 1.90017e+07 2.89886e+08 1.98545e+08 4.6467e+07 1.52078e+08 1.04949e+08 2.47114e+06 2.17596e+07 1.29192e+07 6.08248e+06 1.20472e+07 2.15326e+06 5.38467e+06 9.05514e+07 5.8912e+07 3.16394e+07 2.68907e+07 7.41276e+06 6.86493e+06 547838 4.26611e+07 2.27322e+07 8.9847e+06 9.13411e+07 317886 467790 645567
internal_count=8550000 8244804 305196 1409305 6835499 5127202 2131198 2996004 2343678 254881 1280939 858710 550595 831990 224396 482884 1647130 1333706 313424 176281 131854 125302 6552 783807 651609 655253 1708297 30485 50315 6482
cat_boundaries=0 3 6 8
cat_threshold=3490119680 3154083843 1 128 7240 128 2415919104 436469762
is_linear=0
shrinkage=0.15


Tree=55
num_leaves=31
num_cat=4
split_feature=2 2 7 1 7 0 8 0 8 0 8 2 5 2 7 2 6 0 7 2 5 4 3 7 5 7 8 3 5 7
split_gain=31413.5 11426.5 9785.4 7107.73 4588.83 4567.07 3529.94 2950.18 2580.9 2676.76 2457.92 2379.84 2206 2180.79 3228.62 2077.1 2029.09 3451.18 1992.95 2326.53 2623.73 5481.44 3571.71 3476.9 3282.2 3830.49 3023.04 2928.79 2893.89 2548.1
threshold=-576.49999999999989 -89.499999999999986 -2.6032568216323848 0.038208007812500007 -0.80071863532066334 0 -1.0461925864219663 1 -0.11774529516696929 2 -0.30818875133991236 -221.49999999999997 40.500000000000007 -5.4999999999999991 -1.0107867717742918 -29.499999999999996 157.50000000000003 3 -4.4075307846069327 -2.4999999999999996 85.500000000000014 28.500000000000004 4.5000000000000009 -0.32312746345996851 28.500000000000004 -0.090272020548582063 -0.84901654720306385 4.5000000000000009 7.5000000000000009 -0.14307978749275205
decision_type=2 2 2 2 2 9 2 9 2 9 2 2 2 2 2 2 2 9 2 2 2 2 2 2 2 2 2 2 2 2
left_child=3 2 7 -1 11 8 -5 -2 9 10 -3 -4 16 14 -11 -16 -9 -18 -7 29 21 23 -22 -21 25 27 -27 28 -25 -20
right_child=1 5 4 6 -6 18 -8 12 -10 13 -12 -13 -14 -15 15 -17 17 -19 19 20 22 -23 -24 24 -26 26 -28 -29 -30 -31
leaf_value=-0.039392076198403382 -0.002516087123869398 -0.0035708012426491748 -0.0093959869426161 -0.018265211932288295 -0.013703096633865083 0.0038209790605374236 -0.0073914581181018764 0.00083919453474762035 0.0023676530875069938 0.00073543533450040036 -0.00071739027502305656 -0.0037126749724003109 -0.027267727895613134 0.0011406487588597458 -0.0044651996689757554 -0.0010481866203644115 0.094344097343796493 0.010804789094088425 0.00071209102522867677 0.0088420230328365157 0.010417464270436362 0.012256658509136242 -0.0003657073302106332 0.023049747931755123 -0.00042974021424345763 0.0074887525026762179 0.00027235514971985094 0.015884977853936163 0.0039931713095187381 -0.0020959794409439519
leaf_weight=254917.12394779921 10432814.884331107 10099321.005885124 2034618.4816831946 1438825.6954516768 1464825.8436142206 5290090.429476738 1259927.1607765555 13207125.10771358 7737148.2013602257 24187461.294217825 20743690.81535697 8950623.8969439268 62484.027351379395 25405401.502610445 4783748.5718501806 24513154.522808075 13374.585309028625 66012.677889823914 104462031.85095274 1681234.910582304 730414.1145324707 1310158.6860656738 12853334.596008301 192387.45613765717 8920238.2713603973 1610375.1876565218 6913288.5892436504 740798.3340473175 2635301.3740768433 7814743.75225389
leaf_count=30796 586429 404891 200926 151656 140693 49002 120540 758397 129630 572791 784720 683327 467 280443 304322 689164 261 1049 2168341 3126 959 1670 8760 3761 20220 33127 114667 2302 15780 287783
internal_value=-5.44427e-05 9.27911e-05 -0.00240989 -0.0154502 -0.00581689 0.000425399 -0.0131887 -0.000626287 -0.000280182 -0.000466878 -0.00165172 -0.0047653 0.000850675 -3.64812e-06 -0.000547196 -0.00160613 0.000982911 0.0248921 0.000959605 0.0008586 0.00188006 0.00282281 0.000214116 0.00227817 0.00175299 0.00336316 0.00163575 0.00748924 0.00528972 0.000516642
internal_weight=3.1181e+08 3.08856e+08 3.62319e+07 2.95367e+06 1.24501e+07 2.72624e+08 2.69875e+06 2.37818e+07 1.1747e+08 1.09733e+08 3.0843e+07 1.09852e+07 1.3349e+07 7.88898e+07 5.34844e+07 2.92969e+07 1.32865e+07 79387.3 1.55154e+08 1.49864e+08 3.75875e+07 2.40038e+07 1.35837e+07 2.26936e+07 2.10124e+07 1.20922e+07 8.52366e+06 3.56849e+06 2.82769e+06 1.12277e+08
internal_count=8550000 8247008 2371549 302992 1024946 5875459 272196 1346603 3165961 3036331 1189611 884253 760174 1846720 1566277 993486 759707 1310 2709498 2660496 204372 194653 9719 192983 189857 169637 147794 21843 19541 2456124
cat_boundaries=0 3 6 7 9
cat_threshold=45645823 30792 1960 3292832493 3582 1526 1407 4096 136417280
is_linear=0
shrinkage=0.15


Tree=56
num_leaves=31
num_cat=8
split_feature=1 2 8 0 8 2 8 7 7 0 2 8 7 0 5 8 0 2 8 0 0 2 7 1 6 7 7 0 0 5
split_gain=27919.3 11630 6741.21 4689.85 4391.96 3425.73 5930.95 3312.2 3009.93 2849.6 2831.97 3646.74 3151.54 2816.41 2740.99 3418.61 2706.92 2323.1 2303.05 2222.25 2100.75 2076.62 2014.28 1992.47 1991.51 2009.48 1947.24 1859.92 1762.12 1747.54
threshold=0.11038208007812501 -167.49999999999997 -1.6640065908432005 0 -0.96045237779617298 -5.4999999999999991 -0.27178241312503809 -0.24253869056701657 -0.095276407897472368 1 -35.499999999999993 -1.1657305955886839 -3.8700060844421382 2 13.500000000000002 -0.5340055227279662 3 -27.499999999999996 -0.7726859152317046 4 5 -2239.9999999999995 -1.186495244503021 2.7939453125000004 11.500000000000002 -2.640560388565063 -19.790554046630856 6 7 196.50000000000003
decision_type=2 2 2 9 2 2 2 2 2 9 2 2 2 9 2 2 9 2 2 9 9 2 2 2 2 2 2 9 9 2
left_child=2 4 26 29 13 6 7 10 14 -6 11 -5 -13 -2 15 20 -8 -9 21 -14 23 -4 27 -7 -18 -26 -1 -12 -19 -3
right_child=1 3 18 5 9 8 16 17 -10 -11 22 12 19 -15 -16 -17 24 28 -20 -21 -22 -23 -24 -25 25 -27 -28 -29 -30 -31
leaf_value=-0.044452369634191809 -0.0013298649157583965 0.0013446156863763925 -0.028892487273904841 -0.0072141248447170842 -0.0050594285348736709 0.010223280247768057 -0.00045681954723523794 -0.013797633201921644 -0.00075375303745381036 -0.00032619556002299785 0.0033076785377603936 0.0015005910536272317 -0.0033734001939363886 -0.010134130431074412 0.0010032486220762601 0.0025152249217436995 0.011625537878201638 -0.006013391183955755 -5.4073715304620862e-05 -0.00083418301292481037 0.0065216260498615793 -0.012509683543816199 -0.00070588122476191156 0.029020340363783165 0.0047565569993111775 0.0011543307968869564 -0.02496583693460807 -0.00015550306023842336 -0.0015539715246264761 -0.0026658747970709513
leaf_weight=183882.85420626402 1090770.4860448837 82289417.671384573 202126.05517065525 2625358.4138748646 4995602.774622798 293993.42894768715 18918263.204231024 503673.05165183544 18596572.787458658 6700381.2252060175 6320540.768838048 6765948.2999899387 15133370.806818247 3263382.0658766627 36084379.63601017 5485687.3550226688 463824.79484009743 3286279.8635910749 285723.9831481576 15905451.861234784 981255.42067337036 1254862.3301525116 37602852.933975101 223214.33729696274 4121870.9818434715 22528603.673583984 309721.18186986446 7789077.6783862114 5068882.8469318151 2519481.4840698242
leaf_count=21743 93926 1629955 24084 126531 366392 9992 577960 40064 405789 494810 51358 183464 809472 269345 124314 146033 30912 156077 34626 810184 20971 147786 1003959 1382 106393 535141 38368 60787 227011 1171
internal_value=-5.07619e-05 6.98819e-05 -0.0167507 0.000284883 -0.00386182 -9.73444e-05 -0.000490911 -0.00113406 0.000841074 -0.00234786 -0.000867718 -0.0018082 -0.00143278 -0.00792858 0.0015297 0.0042497 0.000920248 -0.00390437 -0.0123677 -0.00207221 0.0105994 -0.0147824 -0.000132425 0.0183353 0.00188106 0.00171147 -0.0322252 0.00139587 -0.00330797 0.00122547
internal_weight=3.11794e+08 3.09558e+08 2.23632e+06 2.93508e+08 1.60501e+07 2.08699e+08 1.47034e+08 1.01001e+08 6.16651e+07 1.1696e+07 9.21426e+07 4.04301e+07 3.78048e+07 4.35415e+06 4.30685e+07 6.98415e+06 4.60326e+07 8.85884e+06 1.74271e+06 3.10388e+07 1.49846e+06 1.45699e+06 5.17125e+07 517208 2.71143e+07 2.66505e+07 493604 1.41096e+07 8.35516e+06 8.48089e+07
internal_count=8550000 8283393 266607 7058920 1224473 5427794 4719313 3468907 708481 861202 3045755 1929651 1803120 363271 302692 178378 1250406 423152 206496 1619656 32345 171870 1116104 11374 672446 641534 60111 112145 383088 1631126
cat_boundaries=0 3 6 9 12 15 18 21 24
cat_threshold=2416377856 3153821699 1 3289903741 1281 2047 1476395008 2528183297 592 1073742317 25080 256 1146641407 4608 1492 1076396074 264656 1760 207116452 67119220 1252 540527 0 1998
is_linear=0
shrinkage=0.15


Tree=57
num_leaves=31
num_cat=6
split_feature=6 2 7 8 7 2 7 7 8 0 6 8 6 0 5 2 7 2 5 8 7 0 6 0 0 0 8 6 4 3
split_gain=24833.7 9114.78 6839.41 6656.33 4081 4605.51 6668.14 4221.08 3693.98 3586.69 3347.44 3343.7 3212.13 3169.99 3077.56 3354.55 3246.53 2948.27 3419.28 4212.03 3433.37 3035.22 2902.64 2914.33 2863.19 2695.46 2487.89 2391.49 2389.48 3925.12
threshold=1.5000000000000002 -114.49999999999999 -3.3185230493545528 -1.8201374411582945 -4.9008376598358145 -11.499999999999998 -0.40968215465545649 -0.27475874125957483 -0.17221624404191968 0 35.500000000000007 -1.4097833037376402 130.50000000000003 1 6.5000000000000009 -239.49999999999997 -10.981885910034178 -3.4999999999999996 57.500000000000007 -0.8567863106727599 -0.090272020548582063 2 33.500000000000007 3 4 5 -0.63830843567848194 20.500000000000004 44.500000000000007 10.500000000000002
decision_type=2 2 2 2 2 2 2 2 2 9 2 2 2 9 2 2 2 2 2 2 2 9 2 9 9 9 2 2 2 2
left_child=3 2 14 -1 9 6 8 10 12 -3 -7 -4 13 -6 15 -2 25 -9 19 21 22 -19 -21 -24 -14 -17 -5 -10 29 -12
right_child=1 4 11 26 5 7 -8 17 27 -11 28 -13 24 -15 -16 16 -18 18 -20 20 -22 -23 23 -25 -26 -27 -28 -29 -30 -31
leaf_value=-0.031179212964071532 -0.0022681541113251844 -0.00029963673294076081 -0.01346542491511285 -0.012843778316586816 -0.0011986439183252276 0.0055603687497040684 -0.0035567796870353704 -0.0012936437365440878 0.010741942076765815 0.0064437639650185823 0.0014329783521490652 -0.0045908754920827933 0.0022405437562437532 0.00051268678124174495 -0.0051799691563596114 0.00071270268650602874 0.0016538184494536807 0.00068066355237090485 -0.0024253002848464941 0.0090143575031476665 -0.00080415794723870621 0.0075860366855535349 0.005157312642393338 0.00035847023339158509 -0.0060572171645359276 0.022499546748337502 0.0014358300840295703 0.0017868842317020199 -0.001012784625590422 0.0067486502478559286
leaf_weight=432339.23876923323 5908614.0814234614 2921092.8734204769 1057440.0475071073 2074661.9480858445 39952324.574686766 4674004.7055771351 13443914.069997311 24596896.539909601 705851.0415186882 4521894.0088732243 52110684.489128113 9884798.691249907 1238837.9362616539 62379384.762791157 2701433.6967933178 212405.40951251984 6662696.8267140388 2339378.7029658556 6618727.2309131622 1295457.604724884 18152639.217907906 3693185.9339493513 3851259.1051769257 10923831.486571312 3822970.177801609 320673.54210662842 316390.30964136124 13584580.04110527 8056698.3865356445 3324923.900100708
leaf_count=50315 446893 34630 98825 224396 1514659 117945 751403 739395 35389 50401 279625 829783 4084 1973150 83464 7810 399461 30082 8524 28691 359949 44161 21085 77259 12274 13032 30485 275829 4220 2781
internal_value=-4.73087e-05 8.06661e-05 -0.00256573 -0.0140513 0.000331494 0.000237613 -0.000386665 0.000841728 -3.64237e-05 0.00379724 0.0016862 -0.0054485 -0.000337902 -0.000155451 -0.00057001 0.00038032 0.00255504 3.63115e-05 0.000734192 0.00125367 0.000609476 0.0049082 0.00220626 0.00160934 -0.00402641 0.013819 -0.0109543 0.0022292 0.001401 0.0017518
internal_weight=3.1178e+08 3.08957e+08 2.67481e+07 2.82339e+06 2.82209e+08 2.74766e+08 1.35128e+08 1.39638e+08 1.21684e+08 7.44299e+06 6.81663e+07 1.09422e+07 1.07394e+08 1.02332e+08 1.58058e+07 1.31044e+07 7.19578e+06 7.14714e+07 4.68745e+07 4.02558e+07 3.42232e+07 6.03256e+06 1.60705e+07 1.47751e+07 5.06181e+06 533079 2.39105e+06 1.42904e+07 6.34923e+07 5.54356e+07
internal_count=8550000 8244804 1879268 305196 6365536 6280505 4566788 1713717 3815385 85031 404571 928608 3504167 3487809 950660 867196 420303 1309146 569751 561227 486984 74243 127035 98344 16358 20842 254881 311218 286626 282406
cat_boundaries=0 3 6 9 12 15 18
cat_threshold=2610990957 1342180347 37 1276738559 134218784 1097 118639560 4015005745 889 1074726016 2828604952 4 3353832 717750432 1033 1385960703 219723971 20
is_linear=0
shrinkage=0.15


Tree=58
num_leaves=31
num_cat=8
split_feature=2 2 7 1 8 7 2 7 2 0 2 5 7 0 5 0 7 2 6 5 0 6 0 0 7 6 8 0 6 0
split_gain=22242.2 8240.65 9032.7 5553.27 4143.19 3934.32 4296.27 4032.98 3402.55 3223.14 2964.56 2856.2 2853.17 2819.35 2814.98 3228.47 2879.6 4941.57 3507.1 2966.79 3319.88 2575.8 2572.87 2529.11 2499.1 2872.35 2475.48 2383.36 2302.55 2375.77
threshold=-632.49999999999989 -56.499999999999993 -1.1555013060569761 0.038208007812500007 -0.59100970625877369 -1.6161528229713438 -1.4999999999999998 -0.057277321815490716 -157.49999999999997 0 -22.499999999999996 28.500000000000004 -0.56015768647193898 1 57.500000000000007 2 -0.2553133070468902 -4.4999999999999991 17.500000000000004 14.500000000000002 3 20.500000000000004 4 5 -0.71349313855171193 59.500000000000007 -1.1090693473815916 6 42.500000000000007 7
decision_type=2 2 2 2 2 2 2 2 2 9 2 2 2 9 2 9 2 2 2 2 9 2 9 9 2 2 2 9 2 9
left_child=3 2 4 -1 9 28 7 10 -4 -2 12 -11 21 -6 16 -16 17 18 22 20 -19 -7 -12 -21 25 -20 -5 -13 -3 -30
right_child=1 5 8 26 13 6 -8 -9 -10 11 14 27 -14 -15 15 -17 -18 19 24 23 -22 -23 -24 -25 -26 -27 -28 -29 29 -31
leaf_value=-0.036372853501410056 -0.0056379816255603911 0.0046024023527785297 -0.01433218184459306 -0.016919681321728778 0.0019720168154982219 0.0019638699691593296 0.0016521441951528339 -0.0046140000204289728 -0.0051660842877811431 -0.00099729124758930168 0.011833774322181981 -0.021864870654095588 -0.0039417587480768271 -0.00090825719401063968 0.00088110011920580094 -0.0039965250527872658 -0.00045254769077996879 0.0020104118801735787 0.0038412333813321246 0.0068832337963473274 0.023374192446851676 -0.0012815346391651325 0.0028301933685673146 0.001385085291320169 -0.00024891762002450545 0.00044780206047082065 -0.0069776009454378543 -0.0013825653223943487 0.0029758437382933207 0.0002332065003915482
leaf_weight=230198.42454892397 5420066.2001905441 5966251.2904006243 1076865.3904206157 1119256.7162553072 12628411.384553552 7094220.7194824219 38046234.366815448 4353842.4213428497 5923461.5389888287 14756810.963253081 966315.6100153923 275777.4989528656 6792592.6350204349 19382908.846138835 5524719.2786273956 6825228.6585254669 41387839.716904402 288424.79571151733 8677842.7513065338 3256342.3759813309 378372.30653572083 24523633.041392088 2736212.7646148205 4461587.3591690063 43126298.053707361 15887255.679885387 1134813.7658783197 238266.31490087509 12132485.341387749 17154239.902457237
leaf_count=30372 337839 177760 111837 124883 619734 418511 236585 184540 479776 918753 44458 1890 443916 988487 7405 9498 1051642 2714 148751 10055 3788 784005 131939 14111 849766 88441 112942 1856 91032 122714
internal_value=-4.41535e-05 6.93965e-05 -0.00151368 -0.0141807 -0.000841251 0.000448088 0.000206553 -0.000105445 -0.00657611 -0.00249552 8.7286e-06 -0.00138017 -0.00115256 0.000228006 0.000342813 -0.00181453 0.000562702 0.0010894 0.000684826 0.00453422 0.0141336 -0.000553351 0.00518006 0.00370487 0.000438949 0.00164656 -0.0119143 -0.0123715 0.00191655 0.00136939
internal_weight=3.11767e+08 3.09283e+08 5.97026e+07 2.48427e+06 5.27022e+07 2.4958e+08 2.14327e+08 1.76281e+08 7.00033e+06 2.06909e+07 1.71927e+08 1.52709e+07 3.84104e+07 3.20113e+07 1.33516e+08 1.23499e+07 1.21166e+08 7.97787e+07 7.13939e+07 8.38473e+06 666797 3.16179e+07 3.70253e+06 7.71793e+06 6.76914e+07 2.45651e+07 2.25407e+06 514044 3.5253e+07 2.92867e+07
internal_count=8550000 8281803 3460172 268197 2868559 4821631 4430125 4193540 591613 1260338 4009000 922499 1646432 1608221 2362568 16903 2345665 1294023 1263355 30668 6502 1202516 176397 24166 1086958 237192 237825 3746 391506 213746
cat_boundaries=0 3 6 9 12 15 18 21 24
cat_threshold=74960893 4 1492 3346058240 3086581761 798 2271197920 1369579552 828 1362152903 1966112812 543 2365734912 2226229719 2 1412046000 1039512064 673 1493184512 2656383290 2 201540857 4076750860 1217
is_linear=0
shrinkage=0.15


Tree=59
num_leaves=31
num_cat=9
split_feature=1 2 8 0 7 8 2 7 6 8 2 0 0 2 7 8 0 0 2 8 5 4 2 7 1 0 0 2 0 0
split_gain=19716.8 7899.53 5589.02 3720.24 3597.49 2559.95 3731.75 3494.33 2929.8 2503.02 2600.81 2593.16 2470.1 2417.45 2387.86 2360.55 2155.33 2146.92 2141.73 1785.81 3039.59 3144.95 2517.16 2499.49 1757.14 1753.38 1746.03 1701.65 1641.51 1630.63
threshold=0.11038208007812501 -167.49999999999997 -1.9141917228698728 0 -4.4075307846069327 -0.16337971389293668 -6.4999999999999991 -0.2553133070468902 20.500000000000004 -0.42605608701705927 -18.499999999999996 1 2 -2239.9999999999995 -0.039808781817555421 -1.1657305955886839 3 4 -396.49999999999994 -0.38856694102287287 28.500000000000004 14.500000000000002 -1.4999999999999998 -0.16544266790151593 19.726562500000004 5 6 -28.499999999999996 7 8
decision_type=2 2 2 9 2 2 2 2 2 2 2 9 9 2 2 2 9 9 2 2 2 2 2 2 2 9 9 2 9 9
left_child=2 4 -1 -3 16 6 7 9 -7 10 12 -11 -5 -4 19 26 -2 -10 -6 20 21 22 23 24 -8 -25 -14 -9 -15 -20
right_child=1 3 13 5 18 8 14 27 17 11 -12 -13 15 28 -16 -17 -18 -19 29 -21 -22 -23 -24 25 -26 -27 -28 -29 -30 -31
leaf_value=-0.034255157440739425 0.0017124196094978352 0.00099719372676510443 -0.02500856922354296 -0.0060586826745233791 -0.011907931894533784 0.0097151659343065778 0.0045098025476939937 -0.01239980205358388 -0.00046220326663850631 -0.00086768006596661554 0.00033661135177694341 0.0011395421857744383 -0.0089840730659162087 -0.016112168379728873 -0.0025045155955695448 -0.001246804474138531 -0.0030904906336471152 0.00246387897951382 -0.0078265724672392494 -0.00018516731358514675 0.0004811290610513858 0.01479702946971506 0.0080322433943406813 0.003000137401912606 0.028794340637654767 -0.0021085016563453188 -0.001960622336362715 -0.0032521206675263192 -0.0059352476397135845 -0.0027393212589781339
leaf_weight=276864.76645708084 3520317.8447796106 96569497.010485768 254510.84737539291 3133425.9359689951 1061803.182459712 901785.37127733231 4033552.999158144 486084.30709505081 11319976.956847191 30636572.148216248 14592591.36800313 27463613.449813366 1623306.0407809019 531243.29287874699 4869630.7794528008 30337710.290616512 5218859.7788578868 11247825.022729874 2240981.6054292321 18924054.581175089 19606170.2541008 527956.45838546753 1869182.3414216042 2691625.1322290897 68172.486297607422 3448120.3788425922 1563455.641759038 7791826.0938860178 1084934.9858602285 3858772.2397149205
leaf_count=35370 243405 1858215 33106 157559 103701 43634 44105 39646 207889 1144216 207939 744293 64737 62301 151084 1270998 351406 179664 190820 287071 29735 1549 14257 71990 226 96409 64351 379353 135830 335141
internal_value=-4.12038e-05 5.81466e-05 -0.0143643 0.000234441 -0.00319823 -0.000139202 -0.00033791 -0.000817838 0.00133118 -0.000592898 -0.001357 8.1122e-05 -0.00203119 -0.0114204 0.000669491 -0.00165475 -0.00115578 0.000996161 -0.00569061 0.000971554 0.00165042 0.00346433 0.00297029 0.00204642 0.00491342 0.000131094 -0.00553834 -0.00378928 -0.00928057 -0.00460834
internal_weight=3.11754e+08 3.09607e+08 2.14755e+06 2.93706e+08 1.59007e+07 1.97137e+08 1.73667e+08 1.17629e+08 2.34696e+07 1.09351e+08 5.12505e+07 5.81002e+07 3.66579e+07 1.87069e+06 5.60385e+07 3.35245e+07 8.73918e+06 2.25678e+07 7.16156e+06 5.11688e+07 3.22448e+07 1.26386e+07 1.21107e+07 1.02415e+07 4.10173e+06 6.13975e+06 3.18676e+06 8.27791e+06 1.61618e+06 6.09975e+06
internal_count=8550000 8283393 266607 7058920 1224473 5200705 4769518 4073092 431187 3654093 1765584 1888509 1557645 231237 696426 1400086 594811 387553 629662 545342 258271 228536 226987 212730 44331 168399 129088 418999 198131 525961
cat_boundaries=0 3 5 6 9 12 15 18 21 24
cat_threshold=3490119680 3154083971 1 167787519 29008 3146367 461901184 4288348745 592 43557191 1073768828 280 209248264 1073747324 64 134241408 1073751660 1594 522912 536943462 1532 251757 1761610240 1469
is_linear=0
shrinkage=0.15


Tree=60
num_leaves=31
num_cat=8
split_feature=2 2 8 1 7 8 2 7 0 0 7 6 5 2 6 7 6 7 5 8 0 8 0 0 7 6 0 0 0 8
split_gain=17479.6 6399.43 8741.09 4787.14 4150.84 3919.26 3838.79 3789.65 3708.93 3295.99 3073.11 3009.52 2576.65 2581.43 2560.73 2805.48 3303 2534.53 6376.2 3540.21 3019.06 2524.84 2465.52 2452.36 2413.15 2726.34 2491.67 2332.09 2230.72 2196.54
threshold=-632.49999999999989 -41.499999999999993 -0.87122806906700123 0.038208007812500007 -1.218275189399719 -1.6028365492820738 -2.4999999999999996 -5.5021185874938956 0 1 -0.11063108593225478 57.500000000000007 86.500000000000014 -8.4999999999999982 47.500000000000007 -0.40968215465545649 69.500000000000014 -0.066658318042755113 19.500000000000004 -0.5032827854156493 2 -0.60367307066917408 3 4 -0.40968215465545649 20.500000000000004 5 6 7 -0.41750985383987421
decision_type=2 2 2 2 2 2 2 2 9 9 2 2 2 2 2 2 2 2 2 2 9 2 9 9 2 2 9 9 9 2
left_child=3 2 5 -1 11 9 10 22 -7 -2 12 -3 13 24 21 16 -16 18 19 20 -8 27 -4 -9 25 -6 -26 -15 -13 -25
right_child=1 4 7 -5 6 8 17 23 -10 -11 -12 28 -14 14 15 -17 -18 -19 -20 -21 -22 -23 -24 29 26 -27 -28 -29 -30 -31
leaf_value=-0.033997895449657416 -0.018291380902348206 0.0039544332719698132 0.0051057138495712471 -0.010635084147745697 0.0025888564300698032 -0.0071345946629123996 0.01858831023503445 0.00043684567206356799 -0.0017172624338377962 -0.0055468771198595125 -0.0029961540489022603 0.0026877410551698713 -0.0058033989923080573 0.01020465166220736 0.0074496749627964987 -0.0011934386549705121 0.00073669097823777564 -0.00048145508965549721 0.0010724658438283075 0.0040449057791974588 0.0058809008909110399 0.0014070370814517074 0.00029868746572697414 -0.0028587952500738578 -0.0038041067638121141 -0.00047008580650572095 -0.00037304992374605721 0.002420797840169249 2.1638402734604453e-05 -0.00040690713661882647
leaf_weight=216696.00995767117 772143.24838519096 10983924.17417407 4225877.8013905287 2208911.6276185513 7582873.342684269 4177226.3581412435 846488.07757759094 20878030.837897658 8906283.5917487741 1117283.5521937609 8705877.7400539517 11493518.689655781 1746255.4224796295 1582194.1780250072 1903170.7811794281 17730969.364044666 12355557.909040451 14708753.125967383 35587482.764780045 3910371.00796175 836301.2458152771 13112137.616485596 5558410.7493678927 16562711.655246615 9100749.2467412949 48396599.735217333 9989874.2964333296 1913381.4298279285 18309969.977398396 16322677.920979977
leaf_count=30372 47896 239878 174512 237825 402591 278563 8384 1073372 591220 72804 367874 51063 2065 35400 14572 134062 40460 293028 60363 54289 8254 346734 234042 951750 420499 1059649 436993 44213 88128 749145
internal_value=-3.8405e-05 6.10594e-05 -0.00110866 -0.0127222 0.000459017 -0.00436912 0.00016429 -0.000340442 -0.00344688 -0.0107552 -0.000270941 0.00183201 -8.17641e-05 -9.71329e-07 0.000850795 6.62528e-05 0.0016327 0.00120873 0.00181242 0.00652052 0.0122732 0.00236198 0.00237487 -0.000834596 -0.000552371 -5.57273e-05 -0.00200868 0.00594402 0.0010498 -0.0016418
internal_weight=3.11743e+08 3.09317e+08 7.85206e+07 2.42561e+06 2.30796e+08 1.49729e+07 1.90009e+08 6.35477e+07 1.30835e+07 1.88943e+06 1.3412e+08 4.07874e+07 1.25414e+08 1.23668e+08 4.85974e+07 3.19897e+07 1.42587e+07 5.58894e+07 4.11806e+07 5.59316e+06 1.68279e+06 1.66077e+07 9.78429e+06 5.37634e+07 7.50701e+07 5.59795e+07 1.90906e+07 3.49558e+06 2.98035e+07 3.28854e+07
internal_count=8550000 8281803 4173304 268197 4108499 990483 3729430 3182821 869783 120700 3305112 379069 2937238 2935173 615441 189094 55032 424318 131290 70927 16638 426347 408554 2774267 2319732 1462240 857492 79613 139191 1700895
cat_boundaries=0 3 6 9 12 15 18 21 24
cat_threshold=132247549 1224742928 1201 190301856 1887577836 1414 3623936128 1303338098 1175 1100248192 2952487972 594 132123666 3017310619 11 13547503 1275793408 1996 2554954056 2271733595 512 203145768 2510293028 1269
is_linear=0
shrinkage=0.15


Tree=61
num_leaves=31
num_cat=7
split_feature=6 2 8 7 7 2 8 7 2 7 5 3 5 7 8 5 0 0 3 0 6 6 7 0 0 7 1 0 7 0
split_gain=15604.5 5635.25 5285.7 3944.37 3775.51 4366.14 5348.24 3012.43 3387.3 2833.79 2568.67 2988.64 3409.07 5310.23 3847.16 3308.17 3853.39 3052.5 2463.76 2453.6 2451.96 2411.08 2391.52 2334.61 2299.64 2275.01 2449.82 2256.86 2153.45 2140.43
threshold=1.5000000000000002 -185.49999999999997 -1.9141917228698728 -4.4075307846069327 -5.1742730140686026 -33.499999999999993 -1.0343946218490598 -0.71349313855171193 -5.4999999999999991 -0.89461010694503773 196.50000000000003 10.500000000000002 28.500000000000004 -0.27475874125957483 -0.6428525149822234 85.500000000000014 0 1 3.5000000000000004 2 31.500000000000004 38.500000000000007 -0.027951135300099846 3 4 -0.14307978749275205 0.59936523437500011 5 -1.0107867717742918 6
decision_type=2 2 2 2 2 2 2 2 2 2 2 2 2 2 2 2 9 9 2 9 2 2 2 9 9 2 2 9 2 9
left_child=2 3 -1 -2 27 6 19 21 25 20 11 12 13 -10 17 16 -13 -15 -19 -6 23 29 -16 -8 -14 26 -9 -3 -5 -7
right_child=1 4 -4 28 5 7 9 8 10 -11 -12 15 24 14 22 -17 -18 18 -20 -21 -22 -23 -24 -25 -26 -27 -28 -29 -30 -31
leaf_value=-0.029280657703891263 -0.00052887441807446831 0.00039215657452307322 -0.0089241346387680699 -0.0049528525215447282 -0.0089152847444589761 0.0061313843403804765 -0.00066355868236402484 0.003520560919863973 0.0061580290635675581 -0.0031908474509208277 -0.0061408024899415777 0.018197044706639319 0.0011487478446535705 -5.6053823552065302e-05 0.00030988991465274969 0.0017978953113555411 0.0039023267614206837 0.003663524366930434 0.010567985662297356 -0.002796754138297582 -0.0011788137670476133 0.00087607888803064248 -0.0054118344322797102 0.0020134347114244932 -0.0016487612341753563 -0.0040632373864800085 -0.00074729137524004311 0.0049522498561235832 -0.015766658880662057 0.0017094750994137186
leaf_weight=326397.56693375111 6968739.9573468566 4180831.9160420895 2377544.1158362031 5732017.2164946198 2366923.0358780622 3901378.5043165684 13434239.614644885 3195696.0169724524 4632905.6860473156 7835601.7020567358 1220287.7586669922 684025.75617980957 9893451.6928348541 3466478.0443899632 29007294.427612066 4828192.4940185547 1117487.2332763672 4221451.3695639372 1604940.8738622665 3911904.7170596123 27068906.609558105 57518327.230526924 1742349.9613400996 16131681.180862069 19930151.873037338 4375632.6229203343 57058722.425217152 5871345.4291146994 446627.92429107428 6680514.5742619336
leaf_count=40770 471997 87066 264426 525864 139791 112641 808770 251213 29893 553558 583 970 20656 77222 541971 3423 1588 112203 9103 229448 689960 390987 64237 958337 41787 238240 1506559 115346 47003 214388
internal_value=-3.58605e-05 6.3411e-05 -0.0113814 -0.00297529 0.000198435 9.79506e-05 -0.000924225 0.00043419 5.2073e-05 -0.000517225 0.000690011 0.000792756 0.000521167 0.00135021 0.000793952 0.00384464 0.00933008 0.00346847 0.00556542 -0.00510327 -0.000147321 0.0012589 -1.4317e-05 0.000797056 -0.000720737 -0.000760762 -0.000520939 0.00305565 -0.00573454 0.00333977
internal_weight=3.11732e+08 3.09028e+08 2.70394e+06 1.31474e+07 2.95881e+08 2.85829e+08 7.07493e+07 2.15079e+08 1.46979e+08 6.44704e+07 8.2349e+07 8.11287e+07 7.4499e+07 4.46754e+07 4.00425e+07 6.62971e+06 1.80151e+06 9.29287e+06 5.82639e+06 6.27883e+06 5.66348e+07 6.81002e+07 3.07496e+07 2.95659e+07 2.98236e+07 6.46301e+07 6.02544e+07 1.00522e+07 6.17865e+06 1.05819e+07
internal_count=8550000 8244804 305196 1044864 7199940 6997528 3379864 3617664 2899648 3010625 903636 903053 897072 834629 804736 5981 2558 198528 121306 369239 2457067 718016 606208 1767107 62443 1996012 1757772 202412 572867 327029
cat_boundaries=0 3 6 9 12 15 18 21
cat_threshold=3347824640 3542647328 810 106126285 2790269441 956 198471648 1611666020 1963 1074358895 1276214352 1521 8852211 246444688 548 2682818465 1375732443 45 2171762688 3260354545 773
is_linear=0
shrinkage=0.15


Tree=62
num_leaves=31
num_cat=9
split_feature=1 2 2 2 7 8 7 6 0 7 0 0 2 5 7 5 3 0 6 0 0 7 0 0 0 4 3 2 5 7
split_gain=14097.9 5968.57 4122.12 3125.87 6152.07 3766.25 3609 3084.37 2911.44 2904.4 2705.79 2703.71 2314.49 3242.62 3772.89 3457.06 3423.31 2866.01 2787.02 2420.63 2311.94 2253.95 2146.62 2099.16 2063.18 1966.15 3151.01 3081.73 3152.26 2522.53
threshold=0.094268798828125014 -243.49999999999997 -2239.9999999999995 -16.499999999999996 -0.8348727524280547 -0.42605608701705927 -0.35780513286590571 35.500000000000007 0 -2.2497704029083248 1 2 -3.4999999999999996 57.500000000000007 -0.095276407897472368 7.5000000000000009 7.5000000000000009 3 54.500000000000007 4 5 -5.3300757408142081 6 7 8 44.500000000000007 14.500000000000002 -1.4999999999999998 87.500000000000014 -0.94358718395233143
decision_type=2 2 2 2 2 2 2 2 9 2 9 9 2 2 2 2 2 9 2 9 9 2 9 9 9 2 2 2 2 2
left_child=2 9 -1 4 5 10 7 -5 -7 24 -3 -6 -8 14 15 20 18 -18 22 -20 -14 -10 -17 -15 -2 27 -27 29 -29 -9
right_child=1 3 -4 6 11 8 12 25 21 -11 -12 -13 13 23 -16 16 17 -19 19 -21 -22 -23 -24 -25 -26 26 -28 28 -30 -31
leaf_value=-0.030015638378323495 0.00048589408011175627 0.00065750965924353413 -0.010516499587622664 0.004370316862018683 -0.0038151032175329927 -3.0384917643978083e-05 -0.00094061323658101159 0.0024071182386139196 0.0064487208546032751 -0.010323878483705834 -0.0016198077217824468 -0.00095011134600026317 0.022196536839822336 -0.0045826600237429396 -0.0001607069644101235 0.0094029206860271799 0.00020634360326055926 0.013432073599334318 0.0030462247384289193 -0.0010850438548280024 0.0060170933544864509 0.001702694528923164 0.0022326524983154075 2.558247857455487e-05 -0.0045757121291317591 -0.0035470392048983362 0.0026767285372487149 0.014893160503468452 0.0034816645603144357 0.0002915522820110993
leaf_weight=304617.54989361763 2914388.9171722531 18560540.44080162 1224494.4690052271 6908509.1914491653 13903163.844433308 28863231.417851686 38226399.444572926 19274512.783896923 2486473.436619997 1300801.1636992097 31939855.278566122 15872372.131564498 316103.72647857666 3934153.6738090515 22831716.131918907 1586628.5495743752 565312.06311607361 1059770.2947711945 5368017.3906230927 7869030.7507705688 535146.87070965767 23822474.197319388 2303114.5061416626 5116832.83893013 4789916.444920063 4850399.3760986328 2939563.2584228516 622414.46600341797 4359399.1674194336 37072749.007193089
leaf_count=42806 245579 708764 158397 196923 740264 1049362 1120373 58216 68044 132926 1259937 843180 7813 4894 437579 19749 1080 2020 21566 33672 14795 646528 29825 6329 389236 2601 1433 777 3348 301984
internal_value=-3.34848e-05 3.73404e-05 -0.014401 0.000151113 -0.000383433 0.000153183 0.000587961 0.00134831 0.00100993 -0.00376792 -0.00078282 -0.00228787 -5.64027e-05 0.000600092 0.00114986 0.00267628 0.00225187 0.00883137 0.00162757 0.00059031 0.0120255 0.00215124 0.00515744 -0.00197747 -0.00266101 0.00104626 -0.00119848 0.00133138 0.00490739 0.00101522
internal_weight=3.11722e+08 3.10193e+08 1.52911e+06 3.01188e+08 1.35448e+08 1.05673e+08 1.6574e+08 7.60275e+07 5.51722e+07 9.00511e+06 5.05004e+07 2.97755e+07 8.97122e+07 5.14858e+07 4.24348e+07 1.96031e+07 1.87519e+07 1.62508e+06 1.71268e+07 1.3237e+07 851251 2.63089e+07 3.88974e+06 9.05099e+06 7.70431e+06 6.9119e+07 7.78996e+06 6.13291e+07 4.98181e+06 5.63473e+07
internal_count=8550000 8348797 201203 7581056 5316079 3732635 2264977 565282 1763934 767741 1968701 1583444 1699695 579322 568099 130520 107912 3100 104812 55238 22608 714572 49574 11223 634815 368359 4034 364325 4125 360200
cat_boundaries=0 3 6 9 12 15 18 21 24 27
cat_threshold=3498687999 1073834474 256 2424508544 2549727681 2 68376319 957087808 1981 2347774080 1650460963 153 3221422215 4175126168 518 1207978112 2868319663 1216 3250489184 3436554304 1328 220772096 4095719496 158 453510144 2683806233 80
is_linear=0
shrinkage=0.15


Tree=63
num_leaves=31
num_cat=8
split_feature=2 8 2 7 7 2 7 5 6 7 1 0 7 6 0 0 2 6 7 7 0 0 8 5 3 0 0 1 0 5
split_gain=12386.1 4576.21 4145.67 6073.34 3240.91 3262.19 2560.2 2915.52 2442.55 2277.68 2737.63 2360.05 2193.91 2884.19 2640.46 2590.66 2567.94 2293 2186.45 2125.34 2069.83 2031.51 2024.76 2552.87 2241.52 2088.39 1972.35 1953.77 1947.03 1936.21
threshold=-510.49999999999994 -2.0526957511901851 -68.499999999999986 -1.4566939473152158 -1.9625000953674314 -25.499999999999996 -7.6418888568878165 42.500000000000007 57.500000000000007 -0.43366707861423487 0.67749023437500011 0 -0.51620122790336598 43.500000000000007 1 2 -9.4999999999999982 77.500000000000014 -2.0657209157943721 -0.48230166733264918 3 4 -0.4288839697837829 122.50000000000001 9.5000000000000018 5 6 0.038208007812500007 7 58.500000000000007
decision_type=2 2 2 2 2 2 2 2 2 2 2 9 2 2 9 9 2 2 2 2 9 9 2 2 2 9 9 2 9 2
left_child=1 -1 3 6 8 9 -2 21 20 10 11 -6 13 14 -7 -14 29 28 27 -5 -4 -8 23 24 -17 -24 -10 -3 -18 -15
right_child=2 18 4 19 5 12 7 -9 26 -11 -12 -13 15 16 -16 22 17 -19 -20 -21 -22 -23 25 -25 -26 -27 -28 -29 -30 -31
leaf_value=-0.029518981458197466 0.0024265262881393423 -0.025908554130408903 0.0070337124870211978 -0.0043025576778825238 -0.0018856238557473566 0.00080733097224723323 -0.0022525355295293214 -0.031926409982550981 0.0025073363535403439 -0.0049526055589544961 -0.0013112821977281698 0.004311953924480437 -0.00081560099651425304 -0.00025676974757346776 0.0049067118295350711 0.0012739667193425157 0.0011298069790342908 0.001178494142561079 -0.01779280364246039 -0.012705164398314117 0.0022684022460264246 7.1093865639476676e-05 -0.001982353531826585 -0.0033930586829161546 0.0059438553607936281 0.00069087728361396836 -0.00042790838259288067 -0.0052200409674034729 0.010293499645178523 -0.0075982960382916295
leaf_weight=232116.41460701823 5795461.5362783074 107082.77307388186 2951913.3486059904 6693472.9209383726 2122223.2277380228 6742614.1592760086 14742910.901350319 68360.086405754089 9077054.0498952866 3167496.8473604918 32853238.827067375 3966141.409561038 51450367.3715671 26224196.327016354 7432150.7246091366 35245899.786082149 923032.2866230011 25531475.215236664 414269.3849452734 753553.19118779898 6718792.5839123726 19883436.891108513 11118220.839788914 2474529.1652832031 2475064.2022647858 16092715.40439561 11908220.99053812 2512987.4196115136 1199850.7062768936 833987.4033203125
leaf_count=29069 248583 16418 72695 573702 159594 205364 865248 568 51888 237895 1164975 302210 1215572 251043 191491 710686 6052 44574 50420 74759 178948 1161817 144133 1717 3039 249082 68508 260137 8026 1787
internal_value=-3.12715e-05 -0.00921951 6.60321e-05 -0.00121593 0.00030193 0.000108712 -0.000491848 -0.000979338 0.00175064 -0.00108449 -0.000769864 0.00215167 0.000376337 0.00104987 0.00295673 -1.40324e-05 0.000555848 0.00157235 -0.00766667 -0.0051528 0.00372299 -0.000918242 0.000597794 0.00127421 0.00158038 -0.000401389 0.000841715 -0.00606558 0.00630917 -0.00048305
internal_weight=3.11713e+08 3.26646e+06 3.08446e+08 4.79372e+07 2.60509e+08 2.29853e+08 4.04902e+07 3.46947e+07 3.0656e+07 4.21091e+07 3.89416e+07 6.08836e+06 1.87744e+08 6.88873e+07 1.41748e+07 1.18857e+08 5.47125e+07 2.76544e+07 3.03434e+06 7.44703e+06 9.67071e+06 3.46263e+07 6.74064e+07 4.01955e+07 3.7721e+07 2.72109e+07 2.09853e+07 2.62007e+06 2.12288e+06 2.70582e+07
internal_count=8550000 356044 8193956 2924677 5269279 4897240 2276216 2027633 372039 1864674 1626779 461804 3032566 708337 396855 2324229 311482 58652 326975 648461 251643 2027065 1108657 715442 713725 393215 120396 276555 14078 252830
cat_boundaries=0 3 6 9 12 15 17 20 23
cat_threshold=33675247 536876662 2012 1243067871 832856344 160 98578415 352980032 2008 10551360 3803776181 790 1078456929 1073765502 2036 3523837952 33608127 85937682 3685367814 1265 2660533142 858292862 1120
is_linear=0
shrinkage=0.15


Tree=64
num_leaves=31
num_cat=10
split_feature=1 2 8 2 8 0 8 0 0 1 0 6 5 7 0 1 7 6 0 7 5 0 0 0 1 0 5 6 6 3
split_gain=11051.3 5510.84 3123.81 2814.92 3477.82 3604.46 3034.12 2869.76 2460.2 2297.67 2227.39 1940.55 1902.08 4356.85 4096.67 2628.19 2020.3 4129.57 2562.26 2462.23 3624.37 3620.33 1873.01 1828.14 1926.92 1758.59 1722.33 2461.16 1951.36 2346.73
threshold=0.075714111328125014 -317.49999999999994 -1.6028365492820738 -1.4999999999999998 -0.17626105248928067 0 -1.6028365492820738 1 2 5.9082031250000009 3 29.500000000000004 6.5000000000000009 -0.039808781817555421 4 5.3378906250000009 -0.044182397425174706 54.500000000000007 5 -0.095276407897472368 57.500000000000007 6 7 8 3.5419921875000004 9 122.50000000000001 434.50000000000006 411.50000000000006 4.5000000000000009
decision_type=2 2 2 2 2 9 2 9 9 2 9 2 2 2 9 2 2 2 9 2 2 9 9 9 2 9 2 2 2 2
left_child=2 8 -1 4 5 -3 10 -6 -2 -10 -7 -9 13 14 15 -5 17 18 -14 20 21 -19 -21 24 -15 -18 27 -8 -28 -30
right_child=1 3 -4 12 7 6 26 11 9 -11 -12 -13 16 23 -16 -17 25 19 -20 22 -22 -23 -24 -25 -26 -27 28 -29 29 -31
leaf_value=-0.02881237138641133 -0.0082925036345951539 -0.00093938313265038949 -0.010327300983250453 0.032440104593520633 -0.00020074180648570349 -0.0090377524663188494 0.00040021160724645964 0.0072032961600399827 -0.0021748084257499339 0.12993581193151982 -0.001284595063144776 0.0021501524215335015 0.013450464063632284 0.0068418134540772519 0.0071546967708067122 0.092653419155449557 0.001629669161965113 0.0097087336820887663 0.0033648065089049379 -0.0045106296258997283 0.00077126033146308144 0.0016178771876838823 0.00066463589742088024 -0.0019595122174261561 0.043832581121061608 -0.0038654622664253103 -0.008933334542645964 0.0085111697866422278 0.011029756722083599 -0.0025929560430416037
leaf_weight=300741.58780428767 2326465.7470057607 100623170.26709113 650852.19888988137 130045.57144212723 13587024.179762006 1287525.3505507708 127046142.27485225 1923147.2424902916 3702937.8026492 2964.4325637817383 2365443.1868337691 15425028.009123325 982142.07990503311 527735.22121751308 201181.12321615219 18648.901168823242 2232174.7488474846 2312321.0037765503 1340089.6475276947 2730291.2650775909 17277289.538330078 2694220.7641067505 3713612.2878055573 852943.37099507451 33709.324739456177 3173033.6087117195 905163.41662597656 847353.93466091156 327616.9543762207 2163075.9692382812
leaf_count=44431 209701 3376125 89142 3415 257935 37079 3597110 84609 345465 32 54627 213410 8523 26401 4800 111 34209 5485 12801 11616 14174 6547 15303 39789 265 53335 778 1042 354 1386
internal_value=-2.91825e-05 2.02422e-05 -0.0161693 0.000109119 -6.35314e-05 -0.000259897 0.000246779 0.00143176 -0.00446927 -0.00206912 -0.0040173 0.00271032 0.00131299 0.00612318 0.0211105 0.0399892 0.0010802 0.0015461 0.00763041 0.00105427 0.00180104 0.00535474 -0.00152814 0.00241579 0.00906259 -0.00159616 0.000365422 0.00045395 -0.00296872 -0.000801072
internal_weight=3.11704e+08 3.10752e+08 951594 3.0472e+08 2.66501e+08 2.35565e+08 1.34942e+08 3.09352e+07 6.03237e+06 3.7059e+06 3.65297e+06 1.73482e+07 3.82194e+07 1.76426e+06 349876 148694 3.64552e+07 3.105e+07 2.32223e+06 2.87277e+07 2.22838e+07 5.00654e+06 6.4439e+06 1.41439e+06 561445 5.40521e+06 1.31289e+08 1.27893e+08 3.39586e+06 2.49069e+06
internal_count=8550000 8416427 133573 7861229 7624455 7068501 3692376 555954 555198 345497 91706 298019 236774 74781 8326 3526 161993 74449 21324 53125 26206 12032 26919 66455 26666 87544 3600670 3598152 2518 1740
cat_boundaries=0 3 6 9 12 15 18 21 24 27 30
cat_threshold=1145069567 1207983632 1766 3498942819 1074127358 312 1077406591 553670770 420 143237120 2717917420 280 2632274208 645115933 402 1151408145 4092970540 424 269390024 3936344696 548 2594281502 2216646685 1162 3750922496 3691895730 256 1353401168 1139442087 1681
is_linear=0
shrinkage=0.15


Tree=65
num_leaves=31
num_cat=5
split_feature=6 8 2 7 7 2 7 0 1 5 8 7 6 2 6 7 6 2 6 0 5 7 6 0 5 3 4 0 4 0
split_gain=9991.71 4058.26 3675.96 5089.33 3019.79 2921.89 2756.76 3292.7 3507.73 2444.03 2322.75 2318.86 2729.85 2312.95 2264.8 2151.31 2437.3 2752.37 4101.78 3161.4 2402.64 2712.63 3245.27 2676.47 2336.03 5402.7 5362.69 3249.88 2908.26 2756.78
threshold=1.5000000000000002 -1.8201374411582945 -82.499999999999986 -2.5638331174850459 -2.2497704029083248 -25.499999999999996 -19.790554046630856 0 3.1787109375000004 11.500000000000002 -1.7371203303337095 -0.56015768647193898 19.500000000000004 -227.49999999999997 35.500000000000007 -0.17097167670726773 17.500000000000004 -4.4999999999999991 51.500000000000007 1 116.50000000000001 -0.8117755353450774 64.500000000000014 2 86.500000000000014 4.5000000000000009 28.500000000000004 3 31.500000000000004 4
decision_type=2 2 2 2 2 2 2 9 2 2 2 2 2 2 2 2 2 2 2 9 2 2 2 9 2 2 2 9 2 9
left_child=1 -1 3 6 14 11 7 8 -2 13 -5 12 -6 -8 -4 16 -7 20 19 -19 21 22 -18 -24 26 29 -20 -28 -27 -26
right_child=2 -3 4 10 5 15 9 -9 -10 -11 -12 -13 -14 -15 -16 -17 17 18 24 -21 -22 -23 23 -25 25 28 27 -29 -30 -31
leaf_value=-0.023824454577543498 0.017387000970168688 -0.0068622425370847813 0.0051035917621597661 -0.014268764792574979 0.0015195462151489003 0.003387902742654107 -0.0021141771278911738 0.0031656118021059542 0.073372014893033438 -0.0045307824603887797 -0.0032941362254252887 -0.0037694365212321721 -0.0012241365321575067 0.0011858113374031826 0.0011827024126662695 -0.00049143955832306766 0.0033763101276748108 0.00151130522631059 0.0016531722979241722 0.01326847114330189 -0.011736089792139028 -0.00048506045661374833 0.0021300251580335852 -0.0014003385668499649 0.00042949289352818874 -0.0042963118398105403 0.020571854409629373 0.005336745168150912 0.00031491836681372639 0.014405365047662527
leaf_weight=369576.88245689869 142324.12262558937 2246369.7459016442 3829415.5504153967 448794.99115341902 10704367.035005569 6952958.4022159576 6839605.3607655764 482399.53780674934 30593.168025970459 2766427.4091076851 13087120.222611725 5754948.1746147871 34317757.301502943 15861018.499486566 24660350.392897606 50587639.364980817 10561477.439581633 931188.44711732864 19258889.665990829 1150212.6367459297 387814.15850830078 60412955.82185173 8477237.6995544434 11235881.603177547 510923.40130615234 3980183.7084960938 535146.03018188477 765966.78253173828 13567368.694885254 839118.0537109375
leaf_count=50315 6938 254881 138588 41249 687269 357607 544776 18970 204 56941 1069265 411824 1149436 836051 247333 1070373 170145 9679 63771 13621 380 1244999 38622 51286 657 3652 661 956 8466 1085
internal_value=-2.7257e-05 -0.00925864 5.08742e-05 -0.00129744 0.000249343 7.66554e-05 -7.42524e-05 0.00953187 0.0272905 -0.000321437 -0.00365801 -0.000934216 -0.000571804 0.000191538 0.00170972 0.000346588 0.00065034 0.00050681 0.00151867 0.00800856 4.53049e-05 9.56866e-05 0.00125457 0.000117825 0.00117633 -2.75225e-05 0.00228284 0.0116031 -0.000731013 0.0091163
internal_weight=3.11696e+08 2.61595e+06 3.0908e+08 3.96583e+07 2.69422e+08 2.40932e+08 2.61224e+07 655317 172917 2.54671e+07 1.35359e+07 5.07771e+07 4.50221e+07 2.27006e+07 2.84898e+07 1.90155e+08 1.39567e+08 1.32614e+08 4.1539e+07 2.0814e+06 9.10754e+07 9.06876e+07 3.02746e+07 1.97131e+07 3.94576e+07 1.88976e+07 2.056e+07 1.30111e+06 1.75476e+07 1.35004e+06
internal_count=8550000 305196 8244804 2574394 5670410 5284489 1463880 26112 7142 1437768 1110514 2248529 1836705 1380827 385921 3035960 1965587 1607980 102548 23300 1505432 1505052 260053 89908 79248 13860 65388 1617 12118 1742
cat_boundaries=0 3 6 9 12 15
cat_threshold=1078477120 2088861697 721 1150378068 1879627645 1227 1142110314 33074189 1243 2249105408 128745998 940 3222290432 3037516988 612
is_linear=0
shrinkage=0.15


Tree=66
num_leaves=31
num_cat=11
split_feature=1 2 8 7 2 0 7 5 0 2 7 6 2 7 0 0 0 1 0 0 0 5 7 0 8 0 1 7 6 0
split_gain=8877.78 4702.01 3495.88 2881.89 3607.07 2830.03 2570.86 2775.83 2856.66 2206.53 2066.81 3542.9 2777.76 2971.38 2269.92 2044.11 2025.71 2272.36 1968.7 1967.54 1860.68 1649.61 3788.68 3867.12 1755.8 2286.48 1857.48 1690.86 3308.24 3824.61
threshold=0.065338134765625014 -167.49999999999997 -1.2180951237678526 -3.8700060844421382 -44.499999999999993 0 -0.59680280089378346 22.500000000000004 1 -2239.9999999999995 -1.218275189399719 73.500000000000014 -1.4999999999999998 -0.057277321815490716 2 3 4 0.47644042968750006 5 6 7 6.5000000000000009 -0.052669849246740334 8 -0.96045237779617298 9 4.2285156250000009 -0.039808781817555421 34.500000000000007 10
decision_type=2 2 2 2 2 9 2 2 9 2 2 2 2 2 9 9 9 2 9 9 9 2 2 9 2 9 2 2 2 9
left_child=9 2 20 15 6 -4 7 -5 -9 -1 11 -6 13 16 -13 -3 -12 18 -18 -15 -2 22 23 -14 25 26 -24 28 29 -23
right_child=1 3 5 4 10 -7 -8 8 -10 -11 12 14 21 19 -16 -17 17 -19 -20 -21 -22 27 24 -25 -26 -27 -28 -29 -30 -31
leaf_value=-0.029706557514722509 -0.012130621959391023 0.004141471698726364 -0.0042588286521629175 -0.00072597953866031099 0.0028329119031671262 0.00013467481211828705 -0.0058993039050331221 0.0014279625226348235 -0.014410342698008727 -0.011328886758883929 -0.00071064867842208276 0.0016977341378493595 0.053244775148869133 0.0025542909636269988 -0.0013892356428802486 0.0007927530382588904 3.0124492147528966e-05 0.00025806285340739627 0.0084973836433597186 -0.0056368519415263274 -0.0040661188650136628 0.027000095873301645 0.025123482218453515 0.0083895944407687221 0.0012708297549421917 0.0018053529691355551 0.092686723737251869 -0.0017615325483596456 0.0011338317329377386 0.004073778453782778
leaf_weight=215603.67864587903 1104991.0658467412 6421545.9784883857 5240466.3001874685 41650295.674802542 17742025.858375192 8903021.8462389112 2469196.9733522534 412911.44823551178 675230.75632190704 461961.73710098863 67726066.573457807 9609488.6459326744 71946.939192056656 812750.23046368361 12118398.97295332 11351338.452712715 1088550.212910533 78940065.547998905 1428814.3171781003 3506205.4305181503 1542146.4435438514 235675.7003993988 96781.208503723145 108418.18310546875 1355640.9964617491 128228.83790457249 10112.186962127686 4403622.3566875458 31320947.230887413 536215.82291841507
leaf_count=33637 101709 137411 413138 2221477 343587 701493 217041 4778 7324 66405 1757015 34962 1360 32640 46912 248601 90843 1427889 124299 151518 150740 2664 5085 1846 60592 5633 72 76430 76656 6243
internal_value=-2.54976e-05 1.18679e-05 -0.00242958 0.000151197 3.21644e-05 -0.00149322 -0.00119326 -0.000921374 -0.00840039 -0.0171767 0.000271737 0.00126022 6.82887e-05 -0.000216751 -2.39762e-05 0.00200269 -0.000104461 0.000399541 0.00483603 -0.00409543 -0.00743253 0.00121167 0.00568228 0.0262856 0.00334623 0.0153123 0.0315121 0.000994715 0.00137291 0.0110741
internal_weight=3.11689e+08 3.11011e+08 1.67906e+07 2.9422e+08 2.76448e+08 1.41435e+07 4.52076e+07 4.27384e+07 1.08814e+06 677565 2.3124e+08 3.94699e+07 1.9177e+08 1.53502e+08 2.17279e+07 1.77729e+07 1.49183e+08 8.14574e+07 2.51736e+06 4.31896e+06 2.64714e+06 3.82676e+07 1.77113e+06 180365 1.59076e+06 235122 106893 3.64965e+07 3.20928e+07 771892
internal_count=8550000 8449958 1367080 7082878 6696866 1114631 2450620 2233579 12102 100042 4246246 425461 3820785 3584204 81874 386012 3400046 1643031 215142 184158 252449 236581 74588 3206 71382 10790 5157 161993 85563 8907
cat_boundaries=0 3 6 9 12 15 18 20 23 26 29 32
cat_threshold=1075311485 2306 1471 38061271 1261238368 1689 69198506 908176492 1061 1134740 2717406464 2010 1149818367 536889404 2036 469504 153819072 11 1409286144 151101775 86235104 1611034364 1058 2216914976 2790766863 656 3693716736 2559417249 523 161699841 2699478080 552
is_linear=0
shrinkage=0.15


Tree=67
num_leaves=31
num_cat=10
split_feature=2 2 8 0 1 7 7 2 7 5 1 0 8 0 7 6 0 6 7 0 0 5 0 0 8 7 0 0 2 6
split_gain=7886.34 3051.62 5138.56 3188.66 3046.64 2864.66 2659.77 2328.5 2342.5 3497.78 4168.67 4670.76 2412.06 2306.5 2255.83 2851.4 2198.6 2160.06 2085.58 1968.44 1961.75 1853.74 2258.22 1845.09 1766.11 1741.65 1726.15 1691.79 1682.42 2780.37
threshold=-632.49999999999989 -38.499999999999993 -0.87122806906700123 0 0.038208007812500007 -8.5695829391479474 -1.218275189399719 -7.4999999999999991 -0.16544266790151593 11.500000000000002 5.3378906250000009 1 -0.9348415434360503 2 -0.40222734212875361 20.500000000000004 3 57.500000000000007 -1.3842636346817014 4 5 32.500000000000007 6 7 -1.6028365492820738 -2.3493601083755489 8 9 -17.499999999999996 51.500000000000007
decision_type=2 2 2 9 2 2 2 2 2 2 2 9 2 9 2 2 9 2 2 9 9 2 9 9 2 2 9 9 2 2
left_child=4 2 3 -2 -1 13 17 14 9 10 19 -12 -13 -4 15 23 -16 -3 21 -9 -11 26 -23 -8 -5 -6 -7 -19 -17 -30
right_child=1 6 5 24 25 18 7 8 -10 20 11 12 -14 -15 16 28 -18 27 -20 -21 -22 22 -24 -25 -26 -27 -28 -29 29 -31
leaf_value=-0.027227997475790914 -0.0063020786459522778 0.003469882411514909 0.0081219405816169432 -0.0066955408491268849 -0.005359867673346984 0.002070151029831489 0.00021969931267146452 0.00036858458716275389 -0.00025749397703971755 0.0018948371268122318 0.0012154208319735077 0.052514689936767861 0.021637911322679119 0.00068870595362884035 -0.0033241051797414903 -0.0013696342256361352 -0.00038789173643065492 0.0020725165232634772 -0.0020740390513505577 0.0059519941027051807 6.089184991314605e-05 0.0017063509963394295 -0.013372052123230229 0.0050775431916244215 -0.00092999627763045095 -0.017456734806922461 -0.00025756112647063519 -0.00023667532349055099 0.0021747701805021344 -0.00084436353489353343
leaf_weight=185654.61945548654 5048440.8189269006 9219739.6562324762 1612557.1052808762 1380054.3857668638 1780300.6806949675 8694786.100029707 3297446.8483790159 2694052.1784379482 45710126.513558 21575846.782450676 241191.70508098602 74620.586669921875 240055.45223236084 2249479.3888410032 10813000.519863605 22606920.797500849 12225143.944304883 13277133.42553997 13451131.760257423 3005868.6058292389 33500415.42578125 401027.95714187622 504765.7435131073 3771069.77777493 8935095.8600034118 315205.42209160328 40822118.908342808 15439888.281840801 11428706.885871887 17179848.392816544
leaf_count=30372 340790 187046 67911 87926 198216 384201 174882 78215 848326 79997 1472 377 1459 93280 486254 671625 519896 55842 885394 72454 117137 2353 2769 190157 586193 39609 1891419 72695 253342 128391
internal_value=-2.38322e-05 4.09553e-05 -0.000736437 -0.00321315 -0.00881114 -0.000174678 0.00032642 9.56384e-05 0.00055532 0.0011611 0.00452223 0.0169215 0.0289589 0.00379241 -0.000509428 -1.27337e-05 -0.00176601 0.0014723 -0.000414542 0.00331302 0.000779331 2.81574e-05 -0.00669642 0.00281138 -0.00170136 -0.00717947 0.000151168 0.000830966 -0.000402504 0.000361737
internal_weight=3.11682e+08 3.09401e+08 8.30995e+07 1.53636e+07 2.28116e+06 6.77359e+07 2.26301e+08 1.88364e+08 1.07042e+08 6.13321e+07 6.25579e+06 555868 314676 3.86204e+06 8.13221e+07 5.8284e+07 2.30381e+07 3.79368e+07 6.38738e+07 5.69992e+06 5.50763e+07 5.04227e+07 905794 7.06852e+06 1.03152e+07 2.09551e+06 4.95169e+07 2.8717e+07 5.12155e+07 2.86086e+07
internal_count=8550000 8281803 4342236 1014909 268197 3327327 3939567 3623984 1199437 351111 153977 3308 1836 161191 2424547 1418397 1006150 315583 3166136 150669 197134 2280742 5122 365039 674119 237825 2275620 128537 1053358 381733
cat_boundaries=0 3 6 9 12 15 18 21 24 27 30
cat_threshold=130404349 1627392032 1703 2170603510 1747723356 1044 1363612680 3825098784 935 2151938031 1275465728 1997 366349551 1905314402 1025 2185697963 1425506305 289 1186113568 728298080 1591 1241857015 830619912 1721 50331648 3151495297 2 203145320 3051890724 1781
is_linear=0
shrinkage=0.15


Tree=68
num_leaves=31
num_cat=9
split_feature=1 2 5 7 8 7 2 7 6 0 7 2 7 6 0 5 4 0 0 0 0 5 2 3 0 5 3 5 0 0
split_gain=7032.2 3187.44 3099.38 3185.25 3076.17 2793.87 3103.45 3042.16 2981.14 3024.13 2475.77 2298.63 2176.25 2225.38 2417.85 2172.35 2396.24 2116.3 2017.72 1956.7 1914.7 1818.52 3114.69 3554.54 2722.53 3316.91 2107.35 2503.88 2451.63 2443.98
threshold=0.094268798828125014 -135.49999999999997 6.5000000000000009 -7.2510581016540518 -1.0697455406188963 -3.0435323715209956 -20.499999999999996 -0.52498236298561085 94.500000000000014 0 -624.84442138671864 -332.49999999999994 -0.3368342369794845 25.500000000000004 1 122.50000000000001 38.500000000000007 2 3 4 5 57.500000000000007 -2.4999999999999996 7.5000000000000009 6 17.500000000000004 5.5000000000000009 78.500000000000014 7 8
decision_type=2 2 2 2 2 2 2 2 2 9 2 2 2 2 9 2 2 9 9 9 9 2 2 2 9 2 2 2 9 9
left_child=4 2 3 -2 10 17 7 8 -7 -10 -1 -5 13 14 -8 16 21 -3 -13 -18 -9 22 -14 -24 -25 -26 27 -23 -28 -29
right_child=1 5 -4 11 -6 6 12 20 9 -11 -12 18 15 -15 -16 -17 19 -19 -20 -21 -22 26 23 24 25 -27 28 29 -30 -31
leaf_value=-0.028325209177401084 0.0021218571758001618 0.0033657072166230796 -0.0076613070997997544 -0.0060698030887737465 -0.00090263805799813916 -0.00024910539351374113 0.00047015580533562852 0.00049985048281650122 0.0015838006334718243 -0.0084499999064155742 -0.010903603762902963 -0.0035765443802117341 -0.00072945099100688265 0.0006951604830894067 0.0067591359918781372 -0.0061579745133775211 -0.0032947776484446192 0.00053029878603442918 0.00033659986662804952 0.013374601051823681 -0.004809926652899801 -0.0021244706005399063 0.00073443330211501144 0.00074118249533425284 0.035882399671014531 0.0087791638833937553 0.00070558702565284436 -0.0031934394344993069 -0.0070677774100002637 0.014791989993891225
leaf_weight=249715.20294570923 4928608.5885497928 10023813.107073128 1814572.3499019146 2896109.459975183 493564.19673028588 73899154.386263669 2596302.1810927391 2036408.6618620753 1021123.3623604774 1998796.0380671024 692514.88012841344 5243512.4356058836 46489010.630073428 85764491.350124121 2925192.6808750629 1339356.6434936523 226708.08868408203 14476853.84043926 6822106.377728343 526162.13549804688 6120767.5521421134 1782477.5191345215 29904099.140809506 1027502.8930416107 109934.56999588013 1339336.7644004822 1343655.378326416 266571.33773803711 2847552.9361877441 469219.90106201172
leaf_count=37521 330302 193520 65977 285056 66128 3012603 100445 140140 5536 10801 97554 416176 1324458 692711 105590 982 222 292150 541681 519 419225 3268 396254 2056 374 2579 1612 406 3410 744
internal_value=-2.22792e-05 2.61919e-05 -0.00172682 -0.00118542 -0.0104957 0.000158061 1.58761e-05 -0.000729979 -0.00043788 -0.0050573 -0.0155208 -0.00227488 0.000370455 0.000883077 0.00380196 -0.000163301 -7.02998e-05 0.00169033 -0.00136399 0.00835517 -0.00348437 -0.000144421 5.72545e-05 0.00118672 0.00664758 0.010835 -0.00251512 0.000914403 -0.00457574 0.00827617
internal_weight=3.11675e+08 3.10239e+08 2.17049e+07 1.98903e+07 1.43579e+06 2.88534e+08 2.64034e+08 8.50763e+07 7.69191e+07 3.01992e+06 942230 1.49617e+07 1.78958e+08 9.1286e+07 5.52149e+06 8.76716e+07 8.63322e+07 2.45007e+07 1.20656e+07 752870 8.15718e+06 8.55794e+07 7.88699e+07 3.23809e+07 2.47677e+06 1.44927e+06 6.70948e+06 2.51827e+06 4.19121e+06 735791
internal_count=8550000 8348797 1639192 1573215 201203 6709605 6223935 3588305 3028940 16337 135075 1242913 2635630 898746 206035 1736884 1735902 485670 957857 741 559365 1735161 1725721 401263 5009 2953 9440 4418 5022 1150
cat_boundaries=0 3 6 9 12 15 17 20 23 26
cat_threshold=2349229186 49375260 580 1406414223 1443001352 421 1988354 4059714560 1498 67367545 1745127184 1535 402915328 625758 512 3657482240 2227210639 3411032192 3069452547 389 1356253216 102771717 769 168337408 342328645 45
is_linear=0
shrinkage=0.15


Tree=69
num_leaves=31
num_cat=9
split_feature=6 8 7 2 8 0 0 0 7 2 6 2 5 0 7 0 6 2 7 6 2 7 0 2 5 0 0 0 6 8
split_gain=6388.15 3240.78 2726.75 3622.17 3046.74 2961.01 2231.87 2217.26 2042.3 3303.5 2164.28 2610.85 2260.37 2122.66 2071.61 2309.43 2065.91 2045.82 2025.16 2884.96 3140.38 3256.15 2848.78 2821.56 4067.07 3318.44 2292.51 2237.13 2019.84 1972.8
threshold=1.5000000000000002 -1.9141917228698728 -12.510841846466063 -101.49999999999999 -1.2180951237678526 0 1 2 -1.6161528229713438 -14.499999999999998 32.500000000000007 -34.499999999999993 87.500000000000014 3 -0.56015768647193898 4 38.500000000000007 -36.499999999999993 -0.26810951530933375 79.500000000000014 -5.4999999999999991 -0.96959364414215077 5 -2.4999999999999996 86.500000000000014 6 7 8 40.500000000000007 -0.54574802517890919
decision_type=2 2 2 2 2 9 9 9 2 2 2 2 2 9 2 9 2 2 2 2 2 2 9 2 2 9 9 9 2 2
left_child=1 -1 5 4 6 -2 -4 -6 10 14 13 12 -12 -5 16 -16 17 -10 19 20 21 26 -22 27 25 -25 -11 -21 -23 -20
right_child=2 -3 3 8 7 -7 -8 -9 9 18 11 -13 -14 -15 15 -17 -18 -19 29 23 22 28 -24 24 -26 -27 -28 -29 -30 -31
leaf_value=-0.022595226911857075 0.011611428183990807 -0.0056052235590491857 -0.010968311890406177 0.00058016679426820797 -0.0028993442969434649 0.0007176589595872426 -0.0025110043929903059 -2.9534059715140085e-05 -0.00080577772424442835 0.00098731340884829362 -0.00047912768695656578 0.0017738246409067008 -0.027138673025060605 0.0046788000456426601 -0.0042069635370174897 -0.00069779553213332284 -0.0015173375451662677 0.0015447069155557465 0.00078053803395072309 -0.0027051541880757624 0.011482390872777156 0.002728908703895281 0.0027207264460908185 0.0098280485501507087 0.00036806222567517982 0.0013104128124625568 0.013801894902684452 0.00017126182761886499 9.1276415418916129e-05 -0.00082708234484056412
leaf_weight=284347.06619238853 947724.95606791973 2262988.9075474143 1260410.2439733148 5202612.0796572566 9595165.1791302562 1377160.6339413524 1584948.7151267529 16429593.584492326 17205147.369290978 517826.21605205536 23592114.787047863 19817471.680568218 71775.353689193726 6268665.9933013916 7808857.9205138385 9180640.9334270954 22916239.473597765 16154808.059096366 28126230.308727622 9566540.2316684723 1398053.0922133923 10732036.536584377 2073099.8128676414 2120525.5497570038 14860640.589202881 1999638.1196374893 798477.84638357162 16710718.586043358 16693188.341389656 44111532.936952382
leaf_count=40770 34933 264426 102192 248808 669438 51122 139552 1129863 1039059 3716 470536 92964 159 289558 441850 519725 367897 607697 526803 30414 10697 310519 13896 3603 10023 3445 5676 54326 203977 862356
internal_value=-2.08424e-05 -0.00750174 4.08043e-05 2.02284e-06 -0.00159713 0.00515849 -0.00625739 -0.00108762 0.000168138 -3.37232e-05 0.000987204 0.000503692 -0.000559989 0.00281994 -0.000859046 -0.00231071 -0.000420795 0.000332462 0.000370181 0.000902915 0.00198791 0.00147321 0.00624964 0.000130665 0.00152421 0.00569421 0.00876083 -0.000875932 0.00112343 -0.000201145
internal_weight=3.11669e+08 2.54734e+06 3.09122e+08 3.06797e+08 2.88701e+07 2.32489e+06 2.84536e+06 2.60248e+07 2.77927e+08 2.22974e+08 5.49526e+07 4.34814e+07 2.36639e+07 1.14713e+07 7.32657e+07 1.69895e+07 5.62762e+07 3.336e+07 1.49709e+08 7.74707e+07 3.22127e+07 2.87415e+07 3.47115e+06 4.52581e+07 1.89808e+07 4.12016e+06 1.3163e+06 2.62773e+07 2.74252e+07 7.22378e+07
internal_count=8550000 305196 8244804 8158749 2041045 86055 241744 1799301 6117704 5015679 1102025 563659 470695 538366 2976228 961575 2014653 1646756 2039451 650292 548481 523888 24593 101811 17071 7048 9392 84740 514496 1389159
cat_boundaries=0 3 6 9 12 15 18 21 24 27
cat_threshold=1095439640 2782103812 1009 117561056 537618412 1386 1074246377 1073777044 1525 1418488809 1280341193 1344 16063231 151262272 991 116334137 2698846995 1 2449891456 1021748585 637 26537461 2525031464 1121 1484813396 2282542911 32
is_linear=0
shrinkage=0.15


Tree=70
num_leaves=31
num_cat=8
split_feature=1 2 0 7 2 5 0 7 8 1 0 0 2 7 5 6 0 7 2 6 7 8 0 2 0 6 2 2 0 7
split_gain=5768.02 3064.81 2200.93 2036.23 2927.63 2587.29 2638.36 2582.75 1910.43 1829.71 4291.41 1757.61 1722.31 3310.74 2613.69 2728.28 2391.38 2011.27 3515.73 2080.77 2961.22 2496.84 2388.33 2386.64 2551.28 2066.99 2753.43 2443.98 3099.85 2260.8
threshold=0.065338134765625014 -310.49999999999994 0 -5.699058771133422 -60.499999999999993 28.500000000000004 1 -0.56015768647193898 -1.9141917228698728 0.70922851562500011 2 3 -1.4999999999999998 -0.057277321815490716 122.50000000000001 393.50000000000006 4 -0.93134179711341847 -12.499999999999998 79.500000000000014 -0.35780513286590571 -0.78629237413406361 5 -5.4999999999999991 6 65.500000000000014 -17.499999999999996 -10.499999999999998 7 -1.9625000953674314
decision_type=2 2 9 2 2 2 9 2 2 2 9 9 2 2 2 2 9 2 2 2 2 2 9 2 9 2 2 2 9 2
left_child=8 2 -2 11 5 7 -7 -5 -1 10 -6 -3 13 14 15 17 -16 25 -19 20 23 22 -22 -20 -25 26 29 -27 -29 -11
right_child=1 3 -4 4 9 6 -8 -9 -10 12 -12 -13 -14 -15 16 -17 -18 18 19 -21 21 -23 -24 24 -26 27 -28 28 -30 -31
leaf_value=-0.030771855695001904 -0.0074027022701570917 -0.00014120716824661986 -0.0013720868217798458 -0.00085299230485444573 0.0045031001128246493 0.0061355822782201029 -0.024166431786224182 -0.007841914806405512 -0.010172619808904141 0.0032581330642453077 -0.00058532613148825686 0.0036575244490844967 0.001018888272881522 -0.00482998378184983 -0.0072571678099862483 0.0059360517485690855 -0.00049294359827672907 -0.0015726461536280819 0.0018964345742621016 -0.00089458248768562246 0.0071009608422278351 -0.00039908431467989484 0.00060819595026373073 0.00066787311269868213 0.014014553811290359 -0.00091793826632125908 0.0064995574676851055 0.0056448111229935906 -0.00063254088719833011 0.00041446225611616841
leaf_weight=125915.16494038701 1978950.3810804486 4731972.3097880483 4365197.4627745152 40263222.196024954 7027954.7644283772 93018.164370059967 211982.36297655106 1225942.2059504092 518190.28384920955 8355530.7284018993 7944991.5050981939 6511688.2048552632 37971645.022818536 3252542.5530994236 2101587.8821716309 1774660.1871442795 2669983.1092834473 36359302.424824029 14298147.572558403 27091846.061084747 2040586.6589064598 36735704.139409125 3396426.1859854758 546665.26143074036 785011.47494983673 24417201.060445309 2282961.3846273422 3261736.4430503845 3870103.8611831665 25452944.098600388
leaf_count=21295 182413 148090 418127 2425335 526383 1101 2246 119461 78747 164999 601570 190120 210716 102794 1527 2136 1951 1200160 198779 88107 36556 839341 65184 2854 4290 144520 21630 7441 8972 733155
internal_value=-1.95116e-05 9.85451e-06 -0.00325325 7.7801e-05 1.89324e-06 -0.00116069 -0.0149256 -0.0010595 -0.0141995 0.000194986 0.00180307 0.00205881 9.32484e-05 -8.3648e-05 -4.65892e-06 8.21176e-05 -0.00347219 2.71199e-05 -0.000338453 0.000190139 0.000698543 4.49402e-05 0.00304504 0.00246211 0.00853573 0.000682452 0.00145771 -0.000204429 0.0022384 0.00111726
internal_weight=3.11664e+08 3.1102e+08 6.34415e+06 3.04675e+08 2.93432e+08 4.17942e+07 305001 4.14892e+07 644105 2.51638e+08 1.49729e+07 1.12437e+07 2.36665e+08 1.98693e+08 1.9544e+08 1.90669e+08 4.77157e+06 1.88894e+08 1.21254e+08 8.48944e+07 5.78025e+07 4.21727e+07 5.43701e+06 1.56298e+07 1.33168e+06 6.76405e+07 3.60914e+07 3.1549e+07 7.13184e+06 3.38085e+07
internal_count=8550000 8449958 600540 7849418 7511208 2548143 3347 2544796 100042 4963065 1127953 338210 3835112 3624396 3521602 3518124 3478 3515988 2435271 1235111 1147004 941081 101740 205923 7144 1080717 919784 160933 16413 898154
cat_boundaries=0 3 6 9 12 15 18 21 24
cat_threshold=3224890367 16795696 160 3381494912 57181312 888 3690463248 3738804355 1 2683473513 44767 4 3364356096 4017282016 834 1217216512 2584678747 8 3644891270 4079094948 1142 171946944 930219141 401
is_linear=0
shrinkage=0.15


Tree=71
num_leaves=31
num_cat=8
split_feature=1 2 7 0 0 8 2 8 0 7 8 0 6 1 0 0 6 7 1 5 4 2 6 5 8 3 0 0 4 2
split_gain=5138.69 2925.45 2297.06 1895.03 1872.34 1799.16 2196.04 3312.63 3288.23 2401.84 2179.2 2421.13 2483.25 2131.37 2042.26 2002.1 1718.6 1687.54 1638.42 1610.33 2996.84 2057.16 1746.92 1529.9 4314.05 3068.81 2590.78 2118.8 2098.19 1704.27
threshold=0.053512573242187507 -310.49999999999994 -1.3153649568557737 0 1 -0.13050989806652066 -9.4999999999999982 -1.5594790577888487 2 -4.4075307846069327 -0.42605608701705927 3 141.50000000000003 1.8940429687500002 4 5 10.500000000000002 -0.061809556558728211 5.9082031250000009 28.500000000000004 13.500000000000002 -37.499999999999993 139.50000000000003 28.500000000000004 -0.61157485842704762 2.5000000000000004 6 7 17.500000000000004 -1.4999999999999998
decision_type=2 2 2 9 9 2 2 2 9 2 2 9 2 2 9 9 2 2 2 2 2 2 2 2 2 2 9 9 2 2
left_child=-1 2 3 -2 19 6 7 8 -6 -9 11 -11 -13 -7 -12 -15 -16 23 -5 20 22 -21 -3 24 25 27 -27 -8 29 -26
right_child=1 4 -4 18 5 13 17 9 -10 10 14 12 -14 15 16 -17 -18 -19 -20 21 -22 -23 -24 -25 28 26 -28 -29 -30 -31
leaf_value=-0.01681780013415177 -0.0058384794347849352 0.00098600309584132148 -0.015316118796437137 -0.00052929012208280618 -0.012792870132246647 0.0047683400801562395 0.0066370761745819318 0.0014159127057577323 -0.001047450582275836 -0.0029859359950717731 -0.0011137578034601319 -0.00053643152175293564 -0.0061841093383447491 -0.0013809546337434783 0.0060653420189713233 0.0023552583799202722 0.00042158879351214469 -0.0013347517012807597 0.096019974762668353 -0.0080613444159399923 0.010622257685940896 6.0084555734366987e-06 0.0074367703433848098 -0.00010606098224505817 7.8745023459108441e-05 0.012918584476925154 0.0041536342628549173 0.00016248432388411756 0.019582201416107042 0.0049369267374169369
leaf_weight=409138.22453796864 2354350.5412649512 43233738.397922277 331019.8494578898 3820669.3294824064 993722.36471408606 3345002.7871080935 1620291.4055664539 12866914.036873579 1165081.803101331 15931711.706599355 26878273.918504268 37912674.054668754 1836569.9835243225 6343435.2737445831 1259286.7378175259 6568661.056324482 33764514.245282173 11703299.635086119 3958.7639236450195 734270.74754524231 760744.44171237946 22630506.282010078 965662.72929191589 36120359.579797745 29364356.536163092 1357857.0652785301 1719888.0849504471 3814479.9471759796 128127.99369430542 1719854.9248430729
leaf_count=67070 220575 1383676 39110 368487 44317 154443 38563 425750 47232 732457 1042930 1667561 5047 41311 94347 44932 973761 302366 39 4273 2447 42321 5059 63492 613152 10070 12309 92689 380 9834
internal_value=-1.82718e-05 3.81124e-06 -0.00314254 -0.00249038 7.10253e-05 -0.000128856 -0.000241302 -0.000626233 -0.00645407 -0.000529789 -0.000742704 -0.00142358 -0.000797376 0.00139392 -0.000130257 0.000519738 0.000624511 0.000341748 -0.000429354 0.000762644 0.0012876 -0.000247519 0.00112694 0.000600441 0.00124284 0.00423605 0.00802066 0.00209279 0.000426502 0.000347543
internal_weight=3.11658e+08 3.11249e+08 6.51e+06 6.17898e+06 3.04739e+08 2.36414e+08 2.20157e+08 1.32609e+08 2.1588e+06 1.3045e+08 1.17583e+08 5.5681e+07 3.97492e+07 1.62571e+07 6.19021e+07 1.29121e+07 3.50238e+07 8.75485e+07 3.82463e+06 6.83249e+07 4.49601e+07 2.33648e+07 4.41994e+07 7.58452e+07 3.97249e+07 8.51252e+06 3.07775e+06 5.43477e+06 3.12123e+07 3.10842e+07
internal_count=8550000 8482930 628211 589101 7854719 6416943 6176257 5033402 91549 4941853 4516103 2405065 1672608 240686 2111038 86243 1068108 1142855 368526 1437776 1391182 46594 1388735 840489 776997 153631 22379 131252 623366 622986
cat_boundaries=0 3 5 8 11 14 17 20 23
cat_threshold=3225414527 16797810 166 2416312320 2482601987 139998880 1744840360 1338 74469119 131072 1488 1073820031 29120 65 194617870 1074029500 376 153216864 1610891508 1857 1242038272 400664 72
is_linear=0
shrinkage=0.15


Tree=72
num_leaves=31
num_cat=10
split_feature=2 8 7 2 7 5 0 7 2 5 3 5 4 8 0 0 1 0 0 7 0 6 0 0 2 4 7 0 6 0
split_gain=4557.99 2316.48 2217.13 1898.27 3965.88 2762.49 4062.55 2101.68 2258.02 2411.29 3721.41 2069.6 6201.65 2400.72 2571.93 2277.61 2039.26 2648.64 2036.22 2013.95 2420.6 1973.11 2059.74 1910.39 1821.27 2729.65 2679.61 2461.34 1924.41 2727.87
threshold=-632.49999999999989 -1.5594790577888487 -624.84442138671864 -51.499999999999993 -1.2022283673286436 33.500000000000007 0 -0.84673756361007679 -14.499999999999998 196.50000000000003 13.500000000000002 28.500000000000004 13.500000000000002 -0.61157485842704762 1 2 2.5947265625000004 3 4 -8.5695829391479474 5 34.500000000000007 6 7 -21.499999999999996 14.500000000000002 -2.6032568216323848 8 115.50000000000001 9
decision_type=2 2 2 2 2 2 9 2 2 2 2 2 2 2 9 9 2 9 9 2 9 2 9 9 2 2 2 9 2 9
left_child=1 2 -1 4 5 19 -7 21 -9 10 11 12 13 14 -10 -14 17 -15 -18 20 -2 22 -5 -6 25 26 -23 -27 -26 -30
right_child=3 -3 -4 7 23 6 -8 8 9 -11 -12 -13 15 16 -16 -17 18 -19 -20 -21 -22 24 -24 -25 28 27 -28 -29 29 -31
leaf_value=-0.028885764895445521 -0.001269718534815575 -0.0041929641056402695 -0.0081229862257966457 0.0051060050742626336 -0.0064078278276728413 0.0060580102084573434 -0.015909971444411471 -0.0012121088333372401 -0.00057040242681080785 -0.0041862934712247881 0.0058387886902112633 -0.00069777228445034548 0.014317438979115469 0.0027227678345790171 0.0030445381224504637 0.0045451866426719483 0.00046591315310339773 -0.00017036600038548478 -0.0019214755488075122 -0.00038114769961989969 0.0055406558343289213 0.0022613358578831631 0.0012229667133625331 -0.0018604339973581894 0.002634676572933353 -0.02167486876387038 -0.00097609308368274089 -0.0019652015262010243 0.0023685952830842867 -0.0011600373888521265
leaf_weight=184070.74770537019 1960854.7001953423 1717679.5878881812 311625.99200680852 4524968.545963943 3463853.8546028435 282385.14889574051 575246.00005483627 32002886.200297922 6685584.8116700351 2774535.3217163086 2657053.1022033691 41954851.909015656 877548.01015663147 10634561.208634734 13115856.469124973 1381372.0733261108 14101550.317246437 21542415.887729824 18694568.204661846 50091173.242848039 2927208.2270588577 7774413.7023563385 9582930.5624155104 5197875.8685674071 13745364.594023228 251902.65958976746 22118376.186326027 328428.95302963257 8547909.5339307785 11644478.622663498
leaf_count=28904 87462 196006 43287 166785 287411 1860 3498 1456389 180007 1296 1930 88537 2766 333366 325612 4384 88348 855432 112557 2722962 133686 56078 386718 439800 109101 602 396271 864 15721 22360
internal_value=-1.71028e-05 -0.0067998 -0.015833 3.14128e-05 -0.000692587 -0.000229324 -0.00867687 0.000222058 -7.97449e-05 0.00018985 0.000282081 0.000167617 0.000584782 0.000378092 0.00182402 0.00834161 -6.25751e-05 0.000785822 -0.000894956 -9.75491e-05 0.00280867 0.000861738 0.00246842 -0.00367896 0.000509828 -0.000331921 -0.000134114 -0.0105209 0.00126564 0.000333716
internal_weight=3.11654e+08 2.21338e+06 495697 3.0944e+08 6.44986e+07 5.58369e+07 857631 2.44942e+08 1.66423e+08 1.3442e+08 1.31645e+08 1.28988e+08 8.70335e+07 8.47745e+07 1.98014e+07 2.25892e+06 6.49731e+07 3.2177e+07 3.27961e+07 5.49792e+07 4.88806e+06 7.85188e+07 1.41079e+07 8.66173e+06 6.44109e+07 3.04731e+07 2.98928e+07 580332 3.39378e+07 2.01924e+07
internal_count=8550000 268197 72191 8281803 3676679 2949468 5358 4605124 3450624 1994235 1992939 1991009 1902472 1895322 505619 7150 1389703 1188798 200905 2944110 221148 1154500 553503 727211 600997 453815 452349 1466 147182 38081
cat_boundaries=0 3 6 9 12 15 18 21 24 27 30
cat_threshold=3295542272 562099776 576 96943103 75498497 1470 2153152608 598949065 385 486678544 3168633889 831 1089986504 2193694855 1176 3338193783 4226258 66 2304927744 2993422883 741 50854509 1629028416 1926 3324231680 1665196881 1796 104857512 828507137 1688
is_linear=0
shrinkage=0.15


Tree=73
num_leaves=31
num_cat=11
split_feature=1 2 7 7 2 6 0 8 0 7 6 2 5 0 6 0 7 0 0 2 5 4 8 3 0 0 0 0 1 0
split_gain=4139.39 2511.07 2403.69 2042.53 2619.75 3145.25 2229.99 2173.93 2059.11 1943.82 2054.79 2053.71 2640.15 2882.97 2196.65 3287.39 2255.91 1987.96 1920.57 1896.33 2406.77 4505.15 2625.04 2334.95 2778.02 2011.75 1915.45 1890.29 1810.41 1964.25
threshold=0.053512573242187507 -185.49999999999997 -1.2512218356132505 -3.0435323715209956 -31.499999999999996 76.500000000000014 0 -1.0343946218490598 1 -0.55119886994361866 44.500000000000007 -10.499999999999998 15.500000000000002 2 164.50000000000003 3 -1.6376057863235471 4 5 -8.4999999999999982 28.500000000000004 14.500000000000002 -0.59968444705009449 1.5000000000000002 6 7 8 9 2.5947265625000004 10
decision_type=2 2 2 2 2 2 9 2 9 2 2 2 2 9 2 9 2 9 9 2 2 2 2 2 9 9 9 9 2 9
left_child=-1 2 -2 -3 5 7 -7 8 -5 10 18 14 13 -13 16 -16 17 -12 -6 -11 21 22 23 24 -21 -25 -23 -22 29 -24
right_child=1 3 -4 4 9 6 -8 -9 -10 19 11 12 -14 -15 15 -17 -18 -19 -20 20 27 26 28 25 -26 -27 -28 -29 -30 -31
leaf_value=-0.01529227252177745 -0.0014431263324321986 0.0012847826086308807 -0.009702691094496986 -0.0076604378270497039 0.00023833761909812404 -0.00086070798088979706 -0.01129983099275835 -0.00041690305919286138 -0.001471603854687573 -0.0011652731949736588 -0.00095971694104559236 -0.00051896065058790078 0.00095108491373677086 0.013491842181761842 0.0012911884328702999 -0.010890492246851482 -0.00086493189948982322 0.0041854092689225545 0.0032757498190477278 -0.0043438223911178783 0.00055100198660506909 0.0023856351996737429 0.0037776019676005043 0.0064181451511636468 0.0023979565690979364 0.0018504245667125537 0.01349536010255741 -0.0017334978704864475 -0.00093131039755723222 0.00022716551328943579
leaf_weight=398594.32297325134 13698323.069907278 29389332.326300144 841466.55525049567 1836247.5839543343 7577830.7653079629 792059.15120363235 1099665.3119578362 52160569.509786397 3544542.706836462 31230110.403313607 2761421.3938293457 562737.06610107422 28467926.443996429 800513.24056386948 924952.84829139709 1080967.35769701 23184862.822243214 4353438.4859161377 12264737.327912569 2140690.5621066988 13513749.252052307 585741.72741222382 4463836.7561274767 3819316.9908471107 3845757.6862972975 5022365.9733527899 864629.87645721436 20530141.370975494 23552695.530654907 16339866.346742779
leaf_count=67070 1143571 740574 96316 124189 250874 7333 9720 2641359 238906 1231554 17136 5287 53438 7122 2424 2783 248024 26833 340284 77966 27372 1712 125317 54405 133971 73169 2514 41667 139076 618034
internal_value=-1.6042e-05 3.52112e-06 -0.00192114 9.78355e-05 -3.26575e-05 -0.000910882 -0.00692907 -0.000713028 -0.00358362 0.000218418 0.000786851 0.000362479 0.00125989 0.00770841 -0.000466192 -0.00527343 -0.000147941 0.00218849 0.00211577 -0.00015169 0.000182643 0.000749326 0.000546922 0.00227471 -1.28355e-05 0.00382354 0.00900874 -0.000826664 -3.06693e-05 0.000988982
internal_weight=3.11649e+08 3.1125e+08 1.45398e+07 2.96711e+08 2.67321e+08 5.94331e+07 1.89172e+06 5.75414e+07 5.38079e+06 2.07888e+08 8.19794e+07 6.21368e+07 2.98312e+07 1.36325e+06 3.23056e+07 2.00592e+06 3.02997e+07 7.11486e+06 1.98426e+07 1.25909e+08 9.46788e+07 6.06349e+07 5.91845e+07 1.48281e+07 5.98645e+06 8.84168e+06 1.45037e+06 3.40439e+07 4.43564e+07 2.08037e+07
internal_count=8550000 8482930 1239887 7243043 6502469 3021507 17053 3004454 363095 3480962 954205 363047 65847 12409 297200 5207 291993 43969 591158 2526757 1295203 1226164 1221938 339511 211937 127574 4226 69039 882427 743351
cat_boundaries=0 3 6 9 12 15 18 21 24 27 30 33
cat_threshold=521068566 2703639886 820 198291425 1628964896 1415 455464811 1224794216 1140 1444653728 735207659 1026 1096131335 3289908643 794 169279967 824860680 160 84377559 2705858705 1409 1369810453 19711487 1025 1113669312 4232478886 92 3289846515 3433042584 614 251797504 3101360128 276
is_linear=0
shrinkage=0.15


Tree=74
num_leaves=31
num_cat=8
split_feature=6 8 7 0 2 8 5 0 0 0 0 7 6 2 7 1 0 7 6 2 5 5 0 7 0 4 5 4 5 6
split_gain=3762.64 2448.93 2240.44 2396.7 2379.72 2393.11 2843.89 2325.39 2119.3 2087.71 1794.11 1776.49 1996.58 1839.84 2136.33 2247.24 1810.77 1774.13 2258.09 2063.34 4794.05 2616.5 2629.3 2485.42 2484.15 2147.78 3386.76 2546.29 2713.71 2529.57
threshold=1.5000000000000002 -2.0526957511901851 -12.510841846466063 0 -101.49999999999999 -0.5032827854156493 12.500000000000002 1 2 3 4 -2.2497704029083248 35.500000000000007 -27.499999999999996 -0.23003114014863965 0.70922851562500011 5 -0.17097167670726773 18.500000000000004 -3.4999999999999996 17.500000000000004 58.500000000000007 6 -0.62460699677467335 7 44.500000000000007 196.50000000000003 58.500000000000007 196.50000000000003 626.50000000000011
decision_type=2 2 2 9 2 2 2 9 9 9 9 2 2 2 2 2 9 2 2 2 2 2 9 2 9 2 2 2 2 2
left_child=1 -1 3 -2 5 6 7 -4 -8 -7 -3 12 -6 14 15 16 -13 18 -15 21 24 23 -23 -20 -21 26 29 28 -27 -22
right_child=2 10 4 -5 11 9 8 -9 -10 -11 -12 13 -14 17 -16 -17 -18 -19 19 20 25 22 -24 -25 -26 27 -28 -29 -30 -31
leaf_value=-0.021682028400526986 0.010161687757787943 -0.0093184969835104874 -0.0043603335623800315 0.00046962835718459818 0.0035500920406673006 -0.0019984455488718409 0.0013978587576565064 -0.00067891897050710104 -0.016915274792692062 0.0021229309340707668 -0.00081417027719131593 0.0030267962113334677 0.00059505468230588705 0.0028104267359826025 -0.0093728333738059225 -0.0012948485663175414 -0.00065984826685292874 -0.00056576557205775509 0.00099638823102914716 0.01824717304292435 0.0019246706318187031 -0.0068738146420035612 -0.00048128154515782954 -0.00053514647607429534 0.0051538716922247645 7.9660625716458024e-05 0.020763030548972664 0.003633200531818022 -0.0063062731842999037 -0.0039958391375911496
leaf_weight=201455.26247039437 1010536.5564529896 970934.05962508917 6058661.2166926265 1329114.4327757955 6350216.6488679647 4768645.5058321953 197955.54305148125 10640766.067309022 504688.14608550072 6583235.6935378313 1312857.9656152427 5636467.2673994303 27095122.071039677 8685354.8301936388 649443.65506070852 36789609.877853394 6403022.334215343 50692357.507462263 44154633.730479836 510485.07500076294 22392275.566884995 2423013.2068519592 3596528.0682258606 51823119.509427667 902372.47402477264 3487030.5834350586 207021.82647705078 1893409.0365600586 2623907.3719482422 1750667.8226928711
leaf_count=30388 36558 112699 477420 49497 262987 296691 5061 845462 12064 404347 162109 445251 314972 445859 55352 1350268 505188 1074877 532581 4213 41110 3922 5882 1062239 7582 2131 150 880 1190 1070
internal_value=-1.50427e-05 -0.00582823 3.16879e-05 0.00465585 -3.5735e-06 -0.00130266 -0.0024079 -0.00201456 -0.0117561 0.000391642 -0.00442975 0.000130761 0.00115612 -9.43011e-06 -0.000826392 -0.000712721 0.00106611 0.000197712 0.000465642 0.000315637 0.00133196 -2.08257e-05 -0.00305445 0.000169437 0.00988483 0.000958469 0.00165917 -0.00117313 -0.00266232 0.00149536
internal_weight=3.11645e+08 2.48525e+06 3.0916e+08 2.33965e+06 3.0682e+08 2.8754e+07 1.74021e+07 1.66994e+07 702644 1.13519e+07 2.28379e+06 2.78066e+08 3.34453e+07 2.44621e+08 4.94785e+07 4.88291e+07 1.20395e+07 1.95142e+08 1.4445e+08 1.35764e+08 3.37672e+07 1.01997e+08 6.01954e+06 9.59778e+07 1.41286e+06 3.23543e+07 2.435e+07 8.00435e+06 6.11094e+06 2.41429e+07
internal_count=8550000 305196 8244804 86055 8158749 2041045 1340007 1322882 17125 701038 274808 6117704 577959 5539745 2356059 2300707 950439 3183686 2108809 1662950 58326 1604624 9804 1594820 11795 46531 42330 4201 3321 42180
cat_boundaries=0 3 6 9 12 15 18 21 24
cat_threshold=1346966872 2782628100 1009 1097330685 229636 497 80823424 1730248753 28 1074598635 1241517300 1278 1119877737 1611548706 390 2415658000 3603163279 1 1344685056 2382617491 580 3389719233 2881950720 450
is_linear=0
shrinkage=0.15


Tree=75
num_leaves=31
num_cat=11
split_feature=1 8 1 0 5 0 0 8 5 1 0 5 0 3 0 2 7 0 6 0 0 6 3 0 5 2 6 0 8 5
split_gain=3486.6 2263.3 4390.53 3049.23 2759.1 2546.61 1911.98 1900.94 1678.68 4273.29 3413.53 3388.49 2070.34 1990.49 1920.09 1697.52 1612.54 1578.22 1455.87 1437.97 1433.81 1274.74 1214.71 1208.26 1204.16 1164.4 1133.82 1343.73 1126.47 1124.67
threshold=0.038208007812500007 -1.5169925689697263 1.1264648437500002 0 43.500000000000007 1 2 -0.13050989806652066 13.500000000000002 5.9082031250000009 3 7.5000000000000009 4 4.5000000000000009 5 -81.499999999999986 -624.84442138671864 6 29.500000000000004 7 8 151.50000000000003 12.500000000000002 9 128.50000000000003 -252.49999999999997 21.500000000000004 10 -1.0118920803070066 1.5000000000000002
decision_type=2 2 2 9 2 9 9 2 2 2 9 2 9 2 9 2 2 9 2 9 9 2 2 9 2 2 2 9 2 2
left_child=-1 2 5 4 29 -2 7 22 9 14 13 12 -12 -11 28 17 -7 21 -9 -5 -15 -10 25 -17 -24 -3 27 -16 -8 -4
right_child=1 6 3 19 -6 16 8 18 15 10 11 -13 -14 20 26 23 -18 -19 -20 -21 -22 -23 24 -25 -26 -27 -28 -29 -30 -31
leaf_value=-0.02065366393593579 -0.013051431422469213 -0.0034906831936880982 0.035818681501229438 -0.0093717577760447264 -0.00046916919603736664 -0.020107116598711668 -0.0028280671703074687 0.0071508206094863368 0.0033989554630322158 -0.00079735212877989048 0.017547680340743072 0.010997573836874256 0.053038876901951505 0.0029574423040680544 0.00080122425974811864 0.0017487799033485474 -0.0021560315190119455 -0.0071407831673039653 0.0010257764001948496 -0.0014341550358753438 0.038443517039897596 0.04689640752645894 0.011268836027737338 -0.00013945383607736955 0.0013676473982424683 -0.00050702062997264497 0.00073176619668987404 0.0033057815942270307 0.000145070556771589 0.0092984131866223601
leaf_weight=184046.8010737896 1087403.6877955794 3019495.9747751355 37423.006011962891 586838.43377685547 1183870.930431366 122267.6872753799 3182861.5721123219 964359.79184490442 203102.57741975784 709101.44569396973 69721.207492828369 580590.5774230957 78826.408790588379 48924.511306762695 8480937.5961322188 8423272.9225254059 1422936.3671031296 1256092.4042899609 9231042.5430140495 4109548.9789886475 53790.356330871582 16381.867994308472 356893.68194580078 80437254.633527756 1224948.3546142578 116120788.36459821 27429799.236752272 11165201.307379842 28920796.971459568 932522.20257139206
leaf_count=33199 101305 267747 1223 4524 1405 16420 215435 41286 4126 4512 473 3054 534 198 577889 32303 133177 23893 152460 18461 235 158 367 398935 656 3642146 804317 762501 1299110 7951
internal_value=-1.41187e-05 -1.92231e-06 -0.00228373 -0.000282847 0.00439032 -0.00749016 6.97328e-05 -0.000361706 0.000399933 0.000897033 0.00872037 0.0161697 0.0363857 0.00202949 0.000744779 -4.42546e-05 -0.00357643 -0.00509019 0.00160513 -0.00242602 0.021545 0.00664521 -0.000527813 3.95359e-05 0.00360154 -0.000582639 0.00135477 0.0022246 -0.000149696 0.0103216
internal_weight=3.11641e+08 3.11457e+08 9.48281e+06 6.8502e+06 2.15382e+06 2.63261e+06 3.01974e+08 1.30918e+08 1.71057e+08 8.07206e+07 1.54095e+06 729138 148548 811816 7.91796e+07 9.03361e+07 1.5452e+06 1.47558e+06 1.01954e+07 4.69639e+06 102715 219484 1.20722e+08 8.88605e+07 1.58184e+06 1.1914e+08 4.70759e+07 1.96461e+07 3.21037e+07 969945
internal_count=8550000 8516801 284466 33564 10579 250902 8232335 4104662 4127673 3668258 9006 4061 1007 4945 3659252 459415 149597 28177 193746 22985 433 4284 3910916 431238 1023 3909893 2144707 1340390 1514545 9174
cat_boundaries=0 3 6 9 12 15 18 21 24 27 29 31
cat_threshold=3332655104 274831618 705 48068256 2734834612 1960 1178132479 6464 2018 2176843776 4125795360 9 204800 167772824 4 13049856 1227112456 29 2155872256 543195136 16 138413568 1073751080 16 0 2699166720 8 393216 25165824 2164260864 806036528
is_linear=0
shrinkage=0.15


Tree=76
num_leaves=31
num_cat=10
split_feature=1 2 5 7 7 2 7 5 2 6 0 6 7 0 7 2 6 6 2 7 0 0 4 0 5 0 0 0 0 0
split_gain=3053.89 2011.94 2765.16 2742.89 1972.49 1713.86 2498.34 2205.92 2469.36 2620.88 2538.1 2438.19 2594.49 2541.46 2159.71 2470.92 2978.48 1935.02 2457.62 3048.57 2107.12 1994.7 1873.21 1777.13 1752.99 1720.9 1699.44 1664.34 1612.78 1598.91
threshold=0.038208007812500007 -147.49999999999997 6.5000000000000009 -1.1555013060569761 -3.8700060844421382 -1.4999999999999998 -0.14307978749275205 122.50000000000001 -11.499999999999998 130.50000000000003 0 18.500000000000004 -1.5340049862861631 1 -1.052616238594055 -41.499999999999993 23.500000000000004 79.500000000000014 -3.4999999999999996 -0.38674080371856684 2 3 7.5000000000000009 4 24.500000000000004 5 6 7 8 9
decision_type=2 2 2 2 2 2 2 2 2 2 9 2 2 9 2 2 2 2 2 2 9 9 2 9 2 9 9 9 9 9
left_child=-1 2 3 -2 29 6 7 8 9 14 -11 13 24 -10 15 16 -6 18 19 28 -20 -19 -18 -16 27 -9 -24 -13 -14 -3
right_child=1 4 -4 -5 5 -7 -8 25 11 10 -12 12 17 -15 23 -17 22 21 20 -21 -22 -23 26 -25 -26 -27 -28 -29 -30 -31
leaf_value=-0.019530230174828408 -0.00054406253539311536 -4.4589277900038664e-05 -0.0083007033513445763 -0.008139317664722704 0.0012862006991777352 0.0009326229307733961 -0.0016290173576047164 -0.0065794602252508601 7.5985938584288586e-06 -0.009022025898208684 -0.0014717351219498075 0.04256065982664721 0.00048161187283255559 0.0093439874623403411 -0.001720474289855836 0.0013866417956664651 -0.0013328184557828292 0.00089930442960477436 0.00067973971228170666 -0.00029623479498228257 0.0076497592982229133 -0.0015066256799317643 -0.037093678755494727 -7.4567819270157743e-05 0.0037838273709371434 -0.00064210230127786753 -0.0052215048377662445 0.010379919739948611 0.0041554738486030002 0.0029605965381521659
leaf_weight=180284.54688245058 17823896.85800758 6866214.1614927053 1243822.5654861927 1138119.5255886018 14454193.151126981 38409200.736474246 23112993.689454168 1985022.3866882324 1173213.4532783329 1441159.1095576286 3285612.9611654282 48527.546736717224 4406210.5502381325 1488068.1321806908 27655463.37824899 31004605.373660743 23765450.37996316 13698795.826760769 1711796.0881624222 22498205.587165594 2270081.2506008148 17864848.105127335 61931.424501419067 31654855.467770249 3313141.9831981659 2459046.6783447266 95978.175580024719 141896.08101558685 6896584.5461759567 9488111.318995893
leaf_count=33199 1468784 133803 45751 129691 948762 236585 723894 1444 48560 4535 10664 224 47262 60376 1178574 476293 833461 41212 13721 475925 16503 54389 381 1299032 5865 1776 726 611 78346 179651
internal_value=-1.32317e-05 -1.93448e-06 -0.00144935 -0.000999937 9.84817e-05 3.26881e-06 -0.000147672 1.27886e-05 8.31288e-05 -0.000304824 -0.00377379 0.000768594 0.000605683 0.00522812 -0.000177412 0.000390726 -0.000413858 0.000404475 0.00112869 0.000713469 0.00465339 -0.000462439 -0.00144101 -0.000842028 0.00458822 -0.00329414 -0.0177243 0.0185836 0.00272328 0.0016989
internal_weight=3.11637e+08 3.11457e+08 2.02058e+07 1.8962e+07 2.91251e+08 2.74897e+08 2.36488e+08 2.13375e+08 2.08931e+08 1.33419e+08 4.72677e+06 7.55114e+07 7.28501e+07 2.66128e+06 1.28692e+08 6.93822e+07 3.83776e+07 6.93465e+07 3.77829e+07 3.3801e+07 3.98188e+06 3.15636e+07 2.39234e+07 5.93103e+07 3.50357e+06 4.44407e+06 157910 190424 1.13028e+07 1.63543e+07
internal_count=8550000 8516801 1644226 1598475 6872575 6559121 6322536 5598642 5595422 4752428 15199 842994 734058 108936 4737229 2259623 1783330 727358 631757 601533 30224 95601 834568 2477606 6700 3220 1107 835 125608 313454
cat_boundaries=0 3 6 9 12 15 18 21 24 27 29
cat_threshold=2333360384 352363796 180 2501602461 948046338 1341 404811294 1881295460 1851 2167384739 905126016 1730 72946431 761135208 692 3230138368 3211975648 962 3628073024 2285980166 437 65536 610566173 113 58884961 2435853880 1766 3651579497 1376193150
is_linear=0
shrinkage=0.15


Tree=77
num_leaves=31
num_cat=10
split_feature=7 8 0 7 2 0 7 7 2 6 0 8 0 1 0 5 5 0 2 5 7 7 6 2 0 5 0 0 7 0
split_gain=2833.14 5929.22 2412.03 2206.01 2820.36 2290.07 1864.49 1427.57 2029.83 4895.73 2449.74 2125.22 2001.13 1790.29 4533.87 1713.63 1624.38 2409.88 1564.13 2587.39 2096.3 1961.73 1964.43 1936.22 2150.6 2048.83 1876 1804.9 1523.95 1520.21
threshold=-624.84442138671864 -0.90067613124847401 0 -9.9675102233886701 -281.49999999999994 1 -1.2674574851989744 -0.031783342361450188 -1.4999999999999998 35.500000000000007 2 -0.10793935880064963 3 0.53344726562500011 4 16.500000000000004 5.5000000000000009 5 -72.499999999999986 42.500000000000007 -3.3185230493545528 -1.9625000953674314 57.500000000000007 -33.499999999999993 6 87.500000000000014 7 8 -0.095276407897472368 9
decision_type=2 2 9 2 2 9 2 2 2 2 9 2 9 2 9 2 2 9 2 2 2 2 2 2 9 2 9 9 2 9
left_child=1 -1 -3 5 6 -2 -5 8 11 10 -10 13 -13 14 -6 -16 17 28 19 20 -15 22 27 25 -25 26 -24 -20 -11 -9
right_child=3 2 -4 4 7 -7 -8 29 9 16 -12 12 -14 18 15 -17 -18 -19 21 -21 -22 -23 23 24 -26 -27 -28 -29 -30 -31
leaf_value=-0.01641415356203197 0.0070650142336312477 0.026087945777019384 -0.00087070168501600842 -0.0025581865607781301 0.003905772482385151 9.2457683444139619e-05 -0.012802337419869898 -0.0055790088585114797 0.01605809431104481 0.084199583312319262 0.0043269049235499304 0.0041482593804102845 0.00017988600871266005 7.4047418803630806e-06 -0.00058024598670648525 -0.030369766429911592 0.00067131161987545561 0.00055682993420303124 0.0051091391551999306 -0.028536426419866416 -0.0027050988070832175 -0.0003366089941846837 -0.004076438796594921 0.0043754829529307733 -2.2203527184559188e-05 -0.030420206877532566 0.00056367556826306185 0.0010314908705293042 0.026137719120071921 -0.0002451896126986527
leaf_weight=649115.46538361907 2020254.4559505284 112191.45591688156 223270.26853731275 5293828.1784054935 8198273.934437871 2229464.0959575474 432403.36025652289 2085583.8650353551 675202.808365345 12149.674521446228 984536.5864636302 5069633.2184079289 6557154.1329978704 13288735.140884399 11700874.731539965 43610.287988901138 32757174.614068031 108342.12712430954 4090508.6046581268 78724.531143188477 12385240.780638814 173941341.976796 3519979.609462738 3617196.2612447739 8115654.2729549408 55471.608234405518 4424936.4917931557 6061875.1427238286 62459.307252883911 2838774.2739011645
leaf_count=82773 78818 13602 21636 530767 714638 90195 55080 71606 10935 107 19858 77258 68521 540803 1017969 1756 91969 2311 97950 624 710678 3876148 32418 12251 26198 123 43714 163717 1497 94080
internal_value=-1.24264e-05 -0.00804608 0.00814607 1.30356e-05 -3.404e-05 0.00340713 -0.00333175 2.87639e-05 7.09389e-05 0.00115055 0.00909942 -7.20994e-05 0.00191022 -0.000164468 0.00119877 -0.000690862 0.000750032 0.0148448 -0.000282888 -0.00138438 -0.00130112 -0.000143719 0.000978945 0.000106652 0.00133359 -0.0016927 -0.00149212 0.00267443 0.035588 -0.0025042
internal_weight=3.11634e+08 984577 335462 3.10649e+08 3.064e+08 4.24972e+06 5.72623e+06 3.00673e+08 2.95749e+08 3.45999e+07 1.65974e+06 2.61149e+08 1.16268e+07 2.49522e+08 1.99428e+07 1.17445e+07 3.29401e+07 182951 2.2958e+08 2.57527e+07 2.5674e+07 2.03827e+08 2.98856e+07 1.97332e+07 1.17329e+07 8.00039e+06 7.94492e+06 1.01524e+07 74609 4.92436e+06
internal_count=8550000 118011 35238 8431989 8262976 169013 585847 7677129 7511443 126677 30793 7384766 145779 7238987 1734363 1019725 95884 3915 5504624 1252105 1251481 4252519 376371 114704 38449 76255 76132 261667 1604 165686
cat_boundaries=0 3 6 9 12 15 18 21 24 27 30
cat_threshold=3456237718 2727448552 1477 1342542856 3887575309 961 430657536 2246757984 1964 473980315 3185607170 519 2549612562 3604512905 2 2425176610 3461053317 148 2501004520 3498197026 225 3297005801 2429662771 109 10723392 3942385141 854 6034607 3986777600 1004
is_linear=0
shrinkage=0.15


Tree=78
num_leaves=31
num_cat=11
split_feature=2 8 0 3 4 4 6 5 0 3 8 2 0 0 0 5 0 5 5 6 0 0 5 3 6 4 0 0 0 6
split_gain=2547.47 1717.44 1545.83 1359.46 2970.13 3179.6 2561.33 2521.72 2083.3 1868.66 1564.5 2756.47 2839.3 2472.85 1679.41 1506.04 1567.64 1316.95 1247.09 2344.29 1845.86 1824.31 1452.45 2866.27 2690.93 2646.6 2341.38 2141.87 1594.73 1592.66
threshold=-669.49999999999989 -2.3297213315963741 0 14.500000000000002 44.500000000000007 38.500000000000007 626.50000000000011 122.50000000000001 1 8.5000000000000018 -1.6028365492820738 -22.499999999999996 2 3 4 196.50000000000003 5 206.50000000000003 122.50000000000001 434.50000000000006 6 7 57.500000000000007 5.5000000000000009 233.50000000000003 20.500000000000004 8 9 10 260.50000000000006
decision_type=2 2 9 2 2 2 2 2 9 2 2 2 9 9 9 2 9 2 2 2 9 9 2 2 2 2 9 9 9 2
left_child=1 -1 -3 4 5 10 8 -6 -7 -9 11 12 -2 -13 -12 16 -5 18 19 22 -21 -20 24 25 -16 27 -26 -24 -25 -27
right_child=3 2 -4 15 7 6 -8 9 -10 -11 14 13 -14 -15 17 -17 -18 -19 21 20 -22 -23 23 28 26 29 -28 -29 -30 -31
leaf_value=-0.025132632797056235 -0.012336167826219142 -0.010056350132709644 -0.0011380315891872162 -3.0958983569766341e-05 0.007194817632354699 0.001558046186794861 -0.0019674728271987709 -0.014309738026844022 0.011032660325097804 -0.0035979294385889405 0.0008625239082368473 0.0055612154702127936 -0.0018336857188633905 -0.0027436186412509419 -6.8183904263118615e-05 0.000209527783098963 0.0095169549094282421 0.047143011970340924 -0.0072771345305482895 -0.0028726282873014902 0.0091081274588820597 -6.6177265096342995e-06 -0.0046141373288253879 -0.0072050001120316873 0.01275178358135837 0.0086069628275192191 0.0017052053059896264 0.0012744820436084653 -0.0021211291754745184 -1.3595005980817884e-05
leaf_weight=94245.458021640778 1023201.2370581627 687616.10419124365 1201244.6191222668 596439.52642822266 456670.01208496094 830183.25524902344 897513.93402099609 398018.82775878906 1407451.451171875 4616428.5340576172 47736784.535328448 1259615.1149836183 1334645.9979340136 2243583.159390837 223599834.23716098 2188391.6687011719 1101400.8657836914 13269.664428710938 1338895.8134918213 395545.103099823 1077635.1960935593 1848708.6815795898 2526109.9893550873 2302342.9820251465 668720.24139380455 1152924.7074584961 1218110.3498923779 3089558.4796648026 3496900.3538208008 828891.07409667969
leaf_count=14755 60176 81393 153163 411 413 745 536 213 1215 2423 1139893 11257 78947 20526 6951843 981 758 11 1116 454 1209 1503 5044 2779 1723 2093 3029 6184 4166 1041
internal_value=-1.16903e-05 -0.00537072 -0.00438469 2.2631e-05 -1.28025e-05 5.03012e-05 0.00480223 -0.00347634 0.00751755 -0.00444817 1.65853e-07 -0.00242625 -0.00639136 0.000242488 4.89871e-05 0.00281047 0.0061629 -0.000110465 -0.000113039 -7.39502e-05 0.00589137 -0.00306049 -0.000110738 -0.00162817 -2.05833e-05 0.000288733 0.00562035 -0.00137442 -0.00413948 0.00500143
internal_weight=3.11631e+08 1.98311e+06 1.88886e+06 3.09648e+08 3.05762e+08 3.0029e+08 3.13515e+06 5.47112e+06 2.23763e+06 5.01445e+06 2.97155e+08 5.86105e+06 2.35785e+06 3.5032e+06 2.91294e+08 3.88623e+06 1.69784e+06 2.43557e+08 2.43544e+08 2.40357e+08 1.47318e+06 3.1876e+06 2.38883e+08 1.33967e+07 2.25487e+08 7.59748e+06 1.88683e+06 5.61567e+06 5.79924e+06 1.98182e+06
internal_count=8550000 249311 234556 8300689 8298539 8295490 2496 3049 1960 2636 8292994 170906 139123 31783 8122088 2150 1169 6982195 6982184 6979565 1663 2619 6977902 21307 6956595 14362 4752 11228 6945 3134
cat_boundaries=0 3 6 9 12 14 17 20 23 26 29 32
cat_threshold=1077901951 674354 396 1107329024 2824714209 656 139970208 1909073644 1188 3342156928 962611216 1191 268566528 2751004673 1074003968 1301654736 7 1225261056 134513556 1288 3424141312 335987686 834 2219075744 268749936 609 3433095424 1074019396 1516 3290432544 403102104 114
is_linear=0
shrinkage=0.15


Tree=79
num_leaves=31
num_cat=12
split_feature=1 8 1 0 0 7 2 1 0 5 0 0 0 5 0 7 0 2 5 7 0 6 2 7 0 2 2 6 0 0
split_gain=2356.17 1638.9 3232.87 2416.17 2407.75 1479.13 2198.34 2193.73 3396.45 1576.48 2501.72 1615.25 1443.09 1407.17 1717.63 1404.06 1876.9 1684.85 3284.22 2499.28 2384.4 2131.35 3433.24 2521.25 2001.66 1878.12 1783.9 2060.71 1539.45 1530.06
threshold=0.038208007812500007 -1.5169925689697263 1.3833007812500002 0 1 -5.1742730140686026 -82.499999999999986 0.50219726562500011 2 19.500000000000004 3 4 5 43.500000000000007 6 -0.027951135300099846 7 -2.4999999999999996 5.5000000000000009 -0.20583117753267285 8 74.500000000000014 -7.4999999999999991 -1.2674574851989744 9 -22.499999999999996 -32.499999999999993 23.500000000000004 10 11
decision_type=2 2 2 9 9 2 2 2 9 2 9 9 9 2 9 2 9 2 2 2 9 2 2 2 9 2 2 2 9 9
left_child=-1 2 4 13 -2 12 9 8 -8 11 -11 -7 -3 14 -4 17 -17 19 20 21 -19 22 23 26 -24 -25 27 28 -9 -28
right_child=1 5 3 -5 -6 6 7 15 -10 10 -12 -13 -14 -15 -16 16 -18 18 -20 -21 -22 -23 24 25 -26 -27 29 -29 -30 -31
leaf_value=-0.017472295627490576 -0.00095145955430230142 0.0032427813619416075 0.013895407188751685 -0.00238368039045308 -0.0098894496638933325 -0.0025182678603142732 -0.0018585868469041559 0.00032652828218478089 0.0046200263927250436 0.010131062408040492 -0.021497240645176753 -0.00018029380081485916 0.00034182335378869506 0.00043156398396880182 0.0019430448723671339 -0.008214464122183178 -0.00049838249001250964 0.022174338871652755 0.00065531414412265396 -0.0015816448354978208 0.0053129574341686603 -0.00073610510227206237 0.00069041792923212281 -0.0013668609665666604 0.0044768104176834845 0.00021872132351576261 0.00076304009761767012 -6.4309596382546489e-06 0.005511699145562223 0.0049231084944603536
leaf_weight=173777.30244684219 1150492.5613830388 6231234.6160997748 512692.00062847137 4115784.8353579044 1651692.3903501928 11630054.194863588 2697151.9779027998 2260436.0382061005 5603130.4144935012 78468.308372974396 198860.24752902985 15523425.638030946 10131475.981264591 1435476.7658653259 572733.20939850807 1069730.1558801532 2105132.2953383923 232312.04339885712 49620697.200188637 23296600.684982866 1005159.0074960291 51378042.644457817 5765287.1873604357 26791540.350851446 6902326.0000419617 45108915.655474365 3509522.3685165048 23287939.095153332 2995668.1828460693 4592183.5770514011
leaf_count=33199 108613 253580 3953 15354 150494 856907 227403 114044 473253 1863 4083 1127809 429470 1647 4405 33406 65640 8813 256751 696970 39609 211144 81618 1199650 82913 1152553 50922 652877 153963 57094
internal_value=-1.09881e-05 -1.24551e-06 -0.00194761 -0.000143772 -0.00621982 5.95842e-05 -1.98647e-05 0.000115761 0.00251482 -0.00129659 -0.0125486 -0.00118167 0.00144657 0.00351324 0.00758879 3.60847e-05 -0.00309825 7.64138e-05 0.000845669 -0.000123306 0.00847859 7.35414e-05 0.00041672 0.000144007 0.00275355 -0.000372098 0.00115663 0.000599061 0.00328178 0.00312104
internal_weight=3.11628e+08 3.11454e+08 9.43887e+06 6.63669e+06 2.80218e+06 3.02015e+08 2.85653e+08 2.58222e+08 8.30028e+06 2.74308e+07 277329 2.71535e+07 1.63627e+07 2.5209e+06 1.08543e+06 2.49921e+08 3.17486e+06 2.46747e+08 5.08582e+07 1.95888e+08 1.23747e+06 1.72592e+08 1.21214e+08 1.08546e+08 1.26676e+07 7.19005e+07 3.66457e+07 2.8544e+07 5.2561e+06 8.10171e+06
internal_count=8550000 8516801 284466 25359 259107 8232335 7549285 5558623 700656 1990662 5946 1984716 683050 10005 8358 4857967 99046 4758921 305173 4453748 48422 3756778 3545634 3381103 164531 2352203 1028900 920884 268007 108016
cat_boundaries=0 3 6 9 12 15 18 21 24 27 30 33 36
cat_threshold=3341056000 291559682 1763 3240232960 1551741001 81 262021 2187120 1532 25314456 547529104 955 1208476397 1210124580 1527 1073763456 2918933536 1874 1174675456 2136064 705 67916813 1593844744 1004 2416447488 704888906 129 3284141543 855661211 1744 3275391587 1145339147 1352 1162112415 371254490 42
is_linear=0
shrinkage=0.15


end of trees

feature_importances:
rec=493
layer=355
haz=352
prior=324
c1024=312
jf=209
c256=201
c64=97
c16=57

parameters:
[boosting: gbdt]
[objective: poisson]
[metric: poisson]
[tree_learner: serial]
[device_type: cpu]
[data_sample_strategy: bagging]
[data: ]
[valid: ]
[num_iterations: 80]
[learning_rate: 0.15]
[num_leaves: 31]
[num_threads: 6]
[seed: 0]
[deterministic: 0]
[force_col_wise: 0]
[force_row_wise: 0]
[histogram_pool_size: -1]
[max_depth: -1]
[min_data_in_leaf: 200]
[min_sum_hessian_in_leaf: 0.001]
[bagging_fraction: 1]
[pos_bagging_fraction: 1]
[neg_bagging_fraction: 1]
[bagging_freq: 0]
[bagging_seed: 3]
[bagging_by_query: 0]
[feature_fraction: 1]
[feature_fraction_bynode: 1]
[feature_fraction_seed: 2]
[extra_trees: 0]
[extra_seed: 6]
[early_stopping_round: 0]
[early_stopping_min_delta: 0]
[first_metric_only: 0]
[max_delta_step: 0]
[lambda_l1: 0]
[lambda_l2: 0]
[linear_lambda: 0]
[min_gain_to_split: 0]
[drop_rate: 0.1]
[max_drop: 50]
[skip_drop: 0.5]
[xgboost_dart_mode: 0]
[uniform_drop: 0]
[drop_seed: 4]
[top_rate: 0.2]
[other_rate: 0.1]
[min_data_per_group: 100]
[max_cat_threshold: 32]
[cat_l2: 10]
[cat_smooth: 10]
[max_cat_to_onehot: 4]
[top_k: 20]
[monotone_constraints: ]
[monotone_constraints_method: basic]
[monotone_penalty: 0]
[feature_contri: ]
[forcedsplits_filename: ]
[refit_decay_rate: 0.9]
[cegb_tradeoff: 1]
[cegb_penalty_split: 0]
[cegb_penalty_feature_lazy: ]
[cegb_penalty_feature_coupled: ]
[path_smooth: 0]
[interaction_constraints: ]
[verbosity: -1]
[saved_feature_importance_type: 0]
[use_quantized_grad: 0]
[num_grad_quant_bins: 4]
[quant_train_renew_leaf: 0]
[stochastic_rounding: 1]
[linear_tree: 0]
[max_bin: 255]
[max_bin_by_feature: ]
[min_data_in_bin: 3]
[bin_construct_sample_cnt: 200000]
[data_random_seed: 1]
[is_enable_sparse: 1]
[enable_bundle: 1]
[use_missing: 1]
[zero_as_missing: 0]
[feature_pre_filter: 1]
[pre_partition: 0]
[two_round: 0]
[header: 0]
[label_column: ]
[weight_column: ]
[group_column: ]
[ignore_column: ]
[categorical_feature: 0]
[forcedbins_filename: ]
[precise_float_parser: 0]
[parser_config_file: ]
[objective_seed: 5]
[num_class: 1]
[is_unbalance: 0]
[scale_pos_weight: 1]
[sigmoid: 1]
[boost_from_average: 1]
[reg_sqrt: 0]
[alpha: 0.9]
[fair_c: 1]
[poisson_max_delta_step: 0.7]
[tweedie_variance_power: 1.5]
[lambdarank_truncation_level: 30]
[lambdarank_norm: 1]
[label_gain: ]
[lambdarank_position_bias_regularization: 0]
[eval_at: ]
[multi_error_top_k: 1]
[auc_mu_weights: ]
[num_machines: 1]
[local_listen_port: 12400]
[time_out: 120]
[machine_list_filename: ]
[machines: ]
[gpu_platform_id: -1]
[gpu_device_id: -1]
[gpu_device_id_list: ]
[gpu_use_dp: 0]
[num_gpu: 1]

end of parameters

pandas_categorical:null
