tree
version=v4
num_class=1
num_tree_per_iteration=1
label_index=0
max_feature_idx=4
objective=poisson
feature_names=ema32 ema128 mem_cur_state tok_since_hit hits16
feature_infos=[2.1484772511418115e-13:0.4123968780040741] [0.00037466583307832479:0.16064900159835815] [0:0.39940863847732544] [16:1312] [0:14]
tree_sizes=1847 1882 1898 1900 1899 1897 1902 1896 1895 1904 1911 1907 1904 1906 1908 1903 1909 1897 1895 1905 1899 1914 1890 1892 1900 1918 1898 1902 1896 1910 1889 1910 1887 1893 1886 1900 1872 1901 1863 1906 1897 1900 1872 1872 1908 1868 1852 1868 1879 1888 1879 1910 1897 1876 1869 1897 1848 1886 1880 1905

Tree=0
num_leaves=15
num_cat=0
split_feature=1 0 1 2 2 0 2 0 0 2 0 0 2 2
split_gain=4.82869e+06 1.28425e+06 923929 587542 343677 314404 208787 190029 158675 155496 108694 94744.8 76526 70078.2
threshold=0.041901815682649619 0.10644615069031717 0.023563585244119171 0.050459910184144981 0.033157624304294593 0.17955625057220462 0.02177202329039574 0.055756626650691039 0.058780187740921981 0.06278019025921823 0.036587456241250045 0.036824010312557227 0.073823980987072005 0.03168227709829808
decision_type=2 2 2 2 2 2 2 2 2 2 2 2 2 2
left_child=2 3 6 8 11 9 -1 -5 13 -3 -6 -4 -9 -2
right_child=1 5 4 7 10 -7 -8 12 -10 -11 -12 -13 -14 -15
leaf_value=0.68485897259644957 0.75831567308655068 0.94857906734827269 0.72914071925204582 0.85821765055613941 0.77849129534071082 1.2226942312114415 0.72521397174859448 0.91268474780062459 0.83913623221063616 1.0909860817143235 0.82571865699602964 0.76409574817359882 0.99222171196838826 0.80509254522606877
leaf_weight=23531560.416939735 4300873.8615369797 3335214.1342172623 18794146.018121719 6445214.8186283112 15779507.357086182 532638.69466972351 22639897.403323174 4087525.6723928452 10560609.043780327 870114.75939655304 6074229.4109230042 11100778.955661774 1483967.7657566071 8740114.7826156616
leaf_count=5402323 987385 765691 4314718 1479678 3622624 122282 5197617 938405 2424481 199759 1394508 2548492 340686 2006536
internal_value=0.771488 0.858813 0.735498 0.839295 0.763024 1.00555 0.704647 0.893293 0.811801 0.978044 0.791618 0.74212 0.933869 0.789666
internal_weight=1.38276e+08 4.03563e+07 9.79201e+07 3.56183e+07 5.17487e+07 4.73797e+06 4.61715e+07 1.20167e+07 2.36016e+07 4.20533e+06 2.18537e+07 2.98949e+07 5.57149e+06 1.3041e+07
internal_count=31745185 9264903 22480282 8177171 11880342 1087732 10599940 2758769 5418402 965450 5017132 6863210 1279091 2993921
is_linear=0
shrinkage=1


Tree=1
num_leaves=15
num_cat=0
split_feature=1 0 2 2 0 0 0 2 2 0 3 2 2 4
split_gain=3.33097e+06 789420 630943 377530 247872 193157 190931 123324 112086 102475 82817 72311.9 54645.5 53511.4
threshold=0.038002600893378265 0.083872761577367796 0.025250126607716087 0.043474929407238967 0.014350238721817734 0.019891204312443737 0.14118426293134692 0.045198889449238784 0.044905876740813262 0.037786576896905906 40.000000000000007 0.065782368183136 0.014941204804927112 8.5000000000000018
decision_type=2 2 2 2 2 2 2 2 2 2 2 2 2 2
left_child=2 3 5 10 -4 12 7 -3 -6 -5 -2 -11 -1 -8
right_child=1 6 4 9 8 -7 13 -9 -10 11 -12 -13 -14 -15
leaf_value=-0.098591738468927215 0.024630969511974882 0.078117438909460948 -0.038625567525949908 0.040235713854554024 -0.003611940433948926 -0.038813601868394922 0.19558057879595064 0.14631803609664515 0.045069783758189062 0.072254968965441105 -0.015240009547544868 0.12362016759590309 -0.069546538305441941 0.39549113083656035
leaf_weight=9664541.649009943 15794695.368383408 5286275.9292421341 19045108.074087143 6572991.0574493408 20679671.746267796 16216585.637822151 2043831.9404945374 4349734.2685256004 5359843.8411803246 8771520.6553969383 6668066.9780726433 3431750.8054924011 14692137.347028494 128059.06750822067
leaf_count=2409560 3511497 1091916 4518828 1425540 4809132 3893328 351704 831399 1218321 1849488 1520820 682918 3609165 19120
internal_value=-0.000455135 0.0586213 -0.0370405 0.0390384 -0.0126153 -0.0641816 0.127015 0.108903 0.00640846 0.0704341 0.0127953 0.0866997 -0.0810714 0.207368
internal_weight=1.38705e+08 5.30469e+07 8.56579e+07 4.1239e+07 4.50846e+07 4.05733e+07 1.18079e+07 9.63601e+06 2.60395e+07 1.87763e+07 2.24628e+07 1.22033e+07 2.43567e+07 2.17189e+06
internal_count=31742736 11284402 20458334 8990263 10546281 9912053 2294139 1923315 6027453 3957946 5032317 2532406 6018725 370824
is_linear=0
shrinkage=0.3


Tree=2
num_leaves=15
num_cat=0
split_feature=1 0 2 2 0 2 0 2 2 0 3 4 0 0
split_gain=2.3841e+06 567311 422414 285248 164038 130813 119292 76013.7 75587.9 69090.5 59013.4 51701.5 47851.8 34404.7
threshold=0.034360229969024665 0.074586875736713423 0.023233883082866672 0.03915094397962094 0.0099025759845972079 0.056376345455646522 0.014350238721817734 0.03958698362112046 0.061942234635353095 0.12481525912880899 56.000000000000007 4.5000000000000009 0.028462573885917667 0.0017038336372934284
decision_type=2 2 2 2 2 2 2 2 2 2 2 2 2 2
left_child=2 3 6 10 13 9 -1 -6 12 -3 -2 -7 -5 -4
right_child=1 5 4 8 7 11 -8 -9 -10 -11 -12 -13 -14 -15
leaf_value=-0.082543447204612458 0.0065961177895643786 0.058791058373092515 -0.063938139357040999 0.0081614788969493514 -0.014371425913163522 0.11703648003280478 -0.045496370117894522 0.020859818782912976 0.071682850195738002 0.11168654598916188 -0.032806991805743986 0.21447917440826858 0.044082614771460117 -0.033345816278291765
leaf_weight=15896280.829378128 18394294.850266695 10025736.539594173 4949961.3665235043 4415378.2904057503 19281709.714349747 4400240.9443693161 15401645.708955526 7717685.6653733253 7186929.6806645393 2855355.9804496765 4202359.5211834908 551475.22676610947 13674071.577810287 9977308.9779376984
leaf_count=4290124 4130450 1956309 1237010 961650 4613453 709433 3928609 1744728 1382783 437491 996269 74719 2806135 2472958
internal_value=-0.000713278 0.0407736 -0.0379403 0.0237601 -0.0182535 0.0864472 -0.0643127 -0.00430069 0.0456554 0.0705164 -0.000731783 0.127889 0.0353148 -0.0434904
internal_weight=1.3893e+08 6.57058e+07 7.32246e+07 4.7873e+07 4.19267e+07 1.78328e+07 3.12979e+07 2.69994e+07 2.52764e+07 1.28811e+07 2.25967e+07 4.95172e+06 1.80894e+07 1.49273e+07
internal_count=31742121 13455239 18286882 10277287 10068149 3177952 8218733 6358181 5150568 2393800 5126719 784152 3767785 3709968
is_linear=0
shrinkage=0.3


Tree=3
num_leaves=15
num_cat=0
split_feature=1 1 2 2 0 3 4 0 3 2 2 2 2 1
split_gain=1.73973e+06 449144 290968 169179 117681 106339 68953.5 64195.8 63577.7 60594.1 55286.3 36998 34380.1 32856.6
threshold=0.031071062199771408 0.055832916870713241 0.01994428783655167 0.036532735452055938 0.0068978553172200927 24.000000000000004 1.0000000180025095e-35 0.016374535858631138 24.000000000000004 0.036162722855806358 0.089074026793241515 0.067982025444507613 0.020443482324481014 0.075969249010086073
decision_type=2 2 2 2 2 2 2 2 2 2 2 2 2 2
left_child=2 3 7 6 -4 10 12 -1 11 -6 13 -5 -2 -3
right_child=1 5 4 8 9 -7 -8 -9 -10 -11 -12 -13 -14 -15
leaf_value=-0.081237378405005042 -0.046990460025194275 0.062025535865309095 -0.047564818268274085 0.040647272216935947 -0.022242493267322208 0.035253134628083188 0.012555230687708037 -0.047762404909228166 0.017397866402889376 0.0079437159088539995 0.14118779505963247 0.09219261743306581 -0.01043603133178431 0.091769035429577733
leaf_weight=12202443.148186922 2934824.8805027008 10150276.581336975 12647946.121723413 10115769.105574131 18753125.442609072 8567401.7307963371 12497106.588844299 8928567.9189693928 14952066.650842667 8790193.6593549252 1109902.2706074715 1430489.5481266975 10975504.704879045 4983776.0639362335
leaf_count=3594181 718033 1765252 3349729 1997263 4728004 1617754 2739331 2396528 3121485 2023436 151545 244772 2583210 712982
internal_value=-0.000815009 0.0289938 -0.0385933 0.0133756 -0.0236093 0.0622967 -0.00361813 -0.0670931 0.0303111 -0.0126088 0.07656 0.0470333 -0.0181483 0.0718203
internal_weight=1.39039e+08 7.77171e+07 6.13223e+07 5.29058e+07 4.01913e+07 2.48114e+07 2.64074e+07 2.1131e+07 2.64983e+07 2.75433e+07 1.6244e+07 1.15463e+07 1.39103e+07 1.51341e+07
internal_count=31743505 15651627 16091878 11404094 10101169 4247533 6040574 5990709 5363520 6751440 2629779 2242035 3301243 2478234
is_linear=0
shrinkage=0.3


Tree=4
num_leaves=15
num_cat=0
split_feature=0 2 2 0 2 0 4 2 2 0 2 2 4 0
split_gain=1.31752e+06 427599 296020 105036 100043 89616.7 78305.7 53748.2 51488.6 50160.2 40880.6 30241.7 27005.4 17341.8
threshold=0.03269785828888417 0.027881350368261341 0.040702663362026222 0.06692566350102426 0.014084873721003534 0.0049600666388869294 2.5000000000000004 0.048897385597229011 0.024464506655931476 0.0070887589827179917 0.058166533708572395 0.10967019200325014 3.5000000000000004 0.06692566350102426
decision_type=2 2 2 2 2 2 2 2 2 2 2 2 2 2
left_child=1 4 3 8 -1 -3 10 -7 -2 -6 13 -8 -5 -4
right_child=2 5 6 12 9 7 11 -9 -10 -11 -12 -13 -14 -15
leaf_value=-0.081731489873317534 -0.018339883315095368 -0.038201808727890023 0.027319090511432914 0.027083404242667541 -0.064169959002316146 -0.0086050140773441565 0.079603999809768872 0.01922570521903651 0.01000088062020397 -0.034992079156854206 0.058672013664865956 0.18902198538844353 0.062981793686974666 0.049043376256406666
leaf_weight=8842313.3569531441 8897264.9235091209 7076091.2935044765 10455921.21032238 9767388.4730715752 7844397.8830733299 22189212.211390495 4866708.7815175056 8691732.0971221924 16411181.203768969 16365311.674660206 10255155.629684448 238477.74493694305 2337325.4950699806 4836974.5168008804
leaf_count=2741615 2240053 1902082 2003306 1819189 2345947 5281167 671426 1815934 3645361 4475780 1608007 26228 359949 806917
internal_value=-0.000885416 -0.0294734 0.0289385 0.0110307 -0.0544211 -0.00774964 0.0507955 -0.000771796 3.75947e-05 -0.0444463 0.0440174 0.0847152 0.0340151 0.0341902
internal_weight=1.39075e+08 7.10091e+07 6.80664e+07 3.74132e+07 3.3052e+07 3.7957e+07 3.06532e+07 3.08809e+07 2.53084e+07 2.42097e+07 2.55481e+07 5.10519e+06 1.21047e+07 1.52929e+07
internal_count=31742961 18562525 13180436 8064552 9563342 8999183 5115884 7097101 5885414 6821727 4418230 697654 2179138 2810223
is_linear=0
shrinkage=0.3


Tree=5
num_leaves=15
num_cat=0
split_feature=0 2 2 0 0 2 1 2 2 0 2 4 4 2
split_gain=980737 292300 249151 76768.3 73952.4 73376.4 58962.9 39261.4 37921.6 34955.5 30409.7 25837 22706 16892.2
threshold=0.027636967599391941 0.027104919776320461 0.034703707322478301 0.071603842079639449 0.054655969142913825 0.013417365960776808 0.017484289593994621 0.055771019309759147 0.017460189759731296 0.0049600666388869294 0.042150219902396209 5.5000000000000009 2.5000000000000004 0.093520212918519988
decision_type=2 2 2 2 2 2 2 2 2 2 2 2 2 2
left_child=1 5 4 7 8 -1 -3 -4 -2 -7 -8 13 -6 -5
right_child=2 6 3 11 12 9 10 -9 -10 -11 -12 -13 -14 -15
leaf_value=-0.080034278576229273 -0.036525737258662629 -0.036736676799657343 0.019068534613670897 0.046657894525154051 0.010401831356708566 -0.063581228043118207 -0.013600121023955721 0.042659256573261278 -0.0037506324222717513 -0.035976003836779021 0.0067812341999829466 0.10211430028052286 0.037118169091532871 0.086762586899827215
leaf_weight=6749340.7034285069 3992635.7112224102 6410618.7077698708 20257873.922044277 14168641.91664362 9782624.024668932 5790076.773494482 15100045.015318394 9247756.4310231209 15555873.668465376 14384524.234191895 11688535.560806036 883264.94606542587 4047682.2123692036 1012801.1525464058
leaf_count=2291426 1102358 1763216 3994804 2052023 1968389 1868745 3768240 1518294 3763651 4200254 2558104 84591 697456 111627
internal_value=-0.000860438 -0.0297293 0.0211245 0.035548 0.00143269 -0.0529572 -0.010892 0.0264624 -0.0104447 -0.0438987 -0.00470722 0.0522354 0.0182208 0.0493334
internal_weight=1.39072e+08 6.01231e+07 7.89492e+07 4.55703e+07 3.33788e+07 2.69239e+07 3.31992e+07 2.95056e+07 1.95485e+07 2.01746e+07 2.67886e+07 1.60647e+07 1.38303e+07 1.51814e+07
internal_count=31743178 16449985 15293193 7761339 7531854 8360425 8089560 5513098 4866009 6068999 6326344 2248241 2665845 2163650
is_linear=0
shrinkage=0.3


Tree=6
num_leaves=15
num_cat=0
split_feature=0 2 2 0 2 0 3 0 2 2 2 2 0 4
split_gain=732171 214729 197718 74214.2 63275.4 57052.2 31251.5 30896.1 29434.5 29368.5 27678.7 27163.2 18098.9 17266.6
threshold=0.023295140825212005 0.030557521618902687 0.019067162647843364 0.051839129999279983 0.034528955817222602 0.04928973317146302 168.00000000000003 0.002636939520016313 0.082456115633249297 0.073823980987072005 0.015547180548310282 0.0099538038484752196 0.095143727958202376 3.5000000000000004
decision_type=2 2 2 2 2 2 2 2 2 2 2 2 2 2
left_child=2 5 11 9 7 10 -6 -4 12 -3 -2 -1 -5 -7
right_child=1 3 4 8 6 13 -8 -9 -10 -11 -12 -13 -14 -15
leaf_value=-0.089088677315410508 -0.041492144782134956 0.011578264637778203 -0.055920699839608248 0.028016585790275446 -0.00164851631172014 0.0055585536032234425 -0.038037006172119074 -0.025289467939470477 0.064129523145730685 0.04721363455595385 -0.010886389202071859 -0.055321602297625373 0.044518858490192978 0.039152302518075631
leaf_weight=2778351.639321804 3322251.1601026058 25234689.494101524 3629496.5311815739 20395872.576749802 15990995.594989538 11070864.009118319 2449536.3422327042 16152737.646661997 2989186.8208127022 2268549.6546106339 13328934.2859478 9391432.4049413204 8463529.5734634399 1572597.7381732464
leaf_count=1033033 990107 5124473 1154572 3452088 3741705 2301557 697909 4554512 332905 372907 3428416 3278997 1054236 225540
internal_value=-0.000853853 0.01556 -0.0297278 0.0259332 -0.0191245 -0.00545637 -0.00648216 -0.0309095 0.0357914 0.0145176 -0.0169929 -0.0630306 0.0328562 0.00973695
internal_weight=1.39039e+08 8.86465e+07 5.03926e+07 5.93518e+07 3.82228e+07 2.92946e+07 1.84405e+07 1.97822e+07 3.18486e+07 2.75032e+07 1.66512e+07 1.21698e+07 2.88594e+07 1.26435e+07
internal_count=31742957 17282229 14460728 10336609 10148698 6945620 4439614 5709084 4839229 5497380 4418523 4312030 4506324 2527097
is_linear=0
shrinkage=0.3


Tree=7
num_leaves=15
num_cat=0
split_feature=1 0 2 2 1 2 0 2 3 4 3 0 2 3
split_gain=553069 137915 110389 65361.7 51155.2 45265.8 28840.3 25823.1 22990.9 21988.8 17380.1 17218.1 15880.3 15237.4
threshold=0.026771768927574161 0.048277636989951141 0.017089004628360275 0.029293155297636989 0.014708862639963629 0.037301197648048408 0.0094743198715150374 0.054116381332278259 24.000000000000004 3.5000000000000004 88.000000000000014 0.097552165389060988 0.031521169468760497 104.00000000000001
decision_type=2 2 2 2 2 2 2 2 2 2 2 2 2 2
left_child=2 3 6 10 -4 11 -1 13 -6 -7 -2 -3 -10 -5
right_child=1 5 4 7 8 9 -8 -9 12 -11 -12 -13 -14 -15
leaf_value=-0.072317739957384899 -0.01362344527494749 0.0070697330009208952 -0.041283712424483393 0.004091380214126872 0.00474462016157724 0.027579161361316336 -0.041560406219672864 0.020342524571404896 -0.026245794900999896 0.053353531290786155 -0.04737274419569263 0.028368653161089639 -0.0083104480227416521 -0.025418081164981104
leaf_weight=4926579.4411525726 11656310.221124649 15106234.165051699 7816085.1699392796 24224559.13267231 5026771.0139219761 25377097.643516064 6192557.356385231 9666351.3617975712 9913731.995139122 3375191.8170399666 1556705.3927211761 4414106.607380867 8051502.1428933144 1684314.4571261406
leaf_count=1963039 3107083 3111456 2497666 5229121 1279642 3731564 2138573 1741600 3011279 348285 480406 598296 2087954 417115
internal_value=-0.000771336 0.0116666 -0.029565 0.000417997 -0.0203171 0.0230353 -0.0551881 0.00710994 -0.0131896 0.0306048 -0.0175997 0.011886 -0.0182077 0.00217299
internal_weight=1.38988e+08 9.70609e+07 4.19272e+07 4.87882e+07 3.08081e+07 4.82726e+07 1.11191e+07 3.55752e+07 2.2992e+07 2.87523e+07 1.3213e+07 1.95203e+07 1.79652e+07 2.59089e+07
internal_count=31743079 18764926 12978153 10975325 8876541 7789601 4101612 7387836 6378875 4079849 3587489 3709752 5099233 5646236
is_linear=0
shrinkage=0.3


Tree=8
num_leaves=15
num_cat=0
split_feature=0 2 2 2 3 4 2 0 2 2 2 2 4 3
split_gain=416277 127310 120622 45713.5 41887.5 36775.7 31146.4 27937.5 24693.5 22463.1 20191.9 11149.5 10855.4 10307.4
threshold=0.020821260288357738 0.028360667638480667 0.017820026725530628 0.052625214681029327 168.00000000000003 1.5000000000000002 0.031999366357922561 0.054655969142913825 0.012456857599318029 0.12739551812410357 0.0096113556064665335 0.070677544921636595 1.5000000000000002 136.00000000000003
decision_type=2 2 2 2 2 2 2 2 2 2 2 2 2 2
left_child=2 5 10 7 6 8 -4 -3 -2 12 -1 -8 -5 -12
right_child=1 3 4 9 -6 -7 11 -9 -10 -11 13 -13 -14 -15
leaf_value=-0.082590749221207696 -0.042253104407025836 0.0051498230395175234 -0.02356708494334683 0.021681865581142823 -0.042627330903954895 0.012085543366012674 -0.0066687010160384787 0.020087022409123655 -0.009909507612554172 0.084187681639988354 -0.041120466207568915 0.01894788287528669 0.035569604443816891 -0.067034542534698149
leaf_weight=2058537.690788269 2418918.5501580238 26295851.529922247 13318046.417345762 15248331.043412209 4974030.5567171574 6542194.7086484432 14270730.645764351 19720445.177761078 17452173.400854111 619582.1399936676 4768485.4680230618 1712689.0819706917 7585415.0303869247 1944794.5189092159
leaf_count=894604 747168 5589450 4140257 2298756 1636507 1303016 3508183 3143378 4504856 70689 1857883 368529 867603 812427
internal_value=-0.000698445 0.0103047 -0.0252067 0.0170453 -0.017173 -0.00742366 -0.012852 0.0115512 -0.0138467 0.0278248 -0.056598 -0.00392378 0.0262954 -0.0486276
internal_weight=1.3893e+08 9.58829e+07 4.30473e+07 6.94696e+07 3.42755e+07 2.64133e+07 2.93015e+07 4.60163e+07 1.98711e+07 2.34533e+07 8.77182e+06 1.59834e+07 2.28337e+07 6.71328e+06
internal_count=31743306 18524916 13218390 11969876 9653476 6555040 8016969 8732828 5252024 3237048 3564914 3876712 3166359 2670310
is_linear=0
shrinkage=0.3


Tree=9
num_leaves=15
num_cat=0
split_feature=1 0 2 2 1 1 2 2 2 2 4 3 0 2
split_gain=316886 110522 55323.3 47226.5 28934.1 25517.2 20478.8 17915.4 14286.5 14036.4 11126.5 9455.1 8968.41 8609.11
threshold=0.020814931951463226 0.043904358521103866 0.026172203943133358 0.01269826525822282 0.063491035252809538 0.011055036913603546 0.046442499384284026 0.047116868197917945 0.034019980579614646 0.010853979736566545 10.500000000000002 136.00000000000003 0.0047651454806327828 0.02177202329039574
decision_type=2 2 2 2 2 2 2 2 2 2 2 2 2 2
left_child=3 2 9 12 7 -5 11 13 -7 -2 -6 -4 -1 -3
right_child=1 4 6 5 10 8 -8 -9 -10 -11 -12 -13 -14 -15
leaf_value=-0.079420684717551981 -0.053315299666964258 -0.0042814768998336739 -0.001791186131655886 -0.04570447694160875 0.024277729422313842 -0.025662359063006013 0.010710800818697703 0.0208888936975135 -0.0054743035156338731 -0.017037398994850381 0.13081162249846243 -0.030711476595369557 -0.05034607637805158 0.0090619164852510665
leaf_weight=1512238.5138547421 1036574.3097379208 5453417.3872580528 26990790.148068905 4499260.0826375484 19199623.382705212 11441874.300778627 15483686.292436123 10665718.060167789 4355919.1022446156 12972253.693346977 88639.14698600769 1057281.8319613934 2590500.4588160515 21542818.835561752
leaf_count=719754 387869 1230550 6378253 1659854 2381811 3909919 2943169 1501856 1203680 3954795 5217 308425 1089782 4068353
internal_value=-0.000665994 0.00594923 -0.00332378 -0.0317065 0.0153184 -0.0257726 0.00195321 0.0104792 -0.0200959 -0.0197218 0.0247673 -0.00288135 -0.0610628 0.00636646
internal_weight=1.38891e+08 1.14491e+08 5.75406e+07 2.43998e+07 5.69502e+07 2.02971e+07 4.35318e+07 3.7662e+07 1.57978e+07 1.40088e+07 1.92883e+07 2.80481e+07 4.10274e+06 2.69962e+07
internal_count=31743287 23160298 13972511 8582989 9187787 6773453 9629847 6800759 5113599 4342664 2387028 6686678 1809536 5298903
is_linear=0
shrinkage=0.3


Tree=10
num_leaves=15
num_cat=0
split_feature=0 2 2 2 3 4 4 2 2 2 1 2 2 1
split_gain=244969 78892.2 70312.1 32004.6 27858.9 24493.9 23978.7 19098.8 18432.5 13416.1 10354.4 8036.53 7096.98 7030.84
threshold=0.017813147045671943 0.027415364980697635 0.016505042091012005 0.07751092687249185 216.00000000000003 1.5000000000000002 1.5000000000000002 0.037891678512096412 0.015753410756587986 0.0081758103333413618 0.047822903841733939 0.12739551812410357 0.0077329296618700036 0.016031431034207348
decision_type=2 2 2 2 2 2 2 2 2 2 2 2 2 2
left_child=2 5 9 6 7 8 10 13 12 -1 -3 -5 -2 -4
right_child=1 3 4 11 -6 -7 -8 -9 -10 -11 -12 -13 -14 -15
leaf_value=-0.083110824555158488 -0.056419361710491597 0.0026876565231046864 -0.029372931126509176 0.02751654623767746 -0.044995813788184479 0.0091695494664397817 0.018801780282023922 -0.0027993759842368533 -0.0072750910730749966 -0.045564237514961491 0.011305580686766546 0.061128790641219816 -0.023710875856396463 -0.015615380099186083
leaf_weight=1039657.5387266874 692718.36797857285 30055643.518235683 4659576.1453857422 6236161.1044421196 2749919.3877716064 6146400.6862504482 18793424.138966799 9835669.9179329872 15323226.048485518 4861697.3701307774 21540121.420054436 713442.52332925797 4322019.1520941257 11834412.132344484
leaf_count=528791 248181 6366844 1685290 740222 1000054 1214341 2653317 2394201 4090038 2211995 3469414 75891 1410007 3655483
internal_value=-0.000610045 0.00670546 -0.0223224 0.0115448 -0.0162634 -0.00742626 0.00962723 -0.0132625 -0.0124417 -0.0521789 0.00628545 0.0309672 -0.0282291 -0.0195019
internal_weight=1.38804e+08 1.03823e+08 3.49809e+07 7.73388e+07 2.90796e+07 2.64844e+07 7.03892e+07 2.63297e+07 2.0338e+07 5.90135e+06 5.15958e+07 6.9496e+06 5.01474e+06 1.6494e+07
internal_count=31744069 20268255 11475814 13305688 8735028 6962567 12489575 7734974 5748226 2740786 9836258 816113 1658188 5340773
is_linear=0
shrinkage=0.3


Tree=11
num_leaves=15
num_cat=0
split_feature=1 3 2 2 0 0 2 2 2 2 1 3 3 2
split_gain=181991 67134.7 45927.5 31477.7 22315.2 17642.7 15271.6 14735.7 10918.7 9555.83 7714.75 7165.38 6504.6 6394.55
threshold=0.019965520128607753 24.000000000000004 0.022429169155657295 0.01168583193793893 0.1190764866769314 0.00031435184064321225 0.046122655272483833 0.041422165930271156 0.047444185242056854 0.0089380475692451018 0.065858796238899245 88.000000000000014 24.000000000000004 0.08555112406611444
decision_type=2 2 2 2 2 2 2 2 2 2 2 2 2 2
left_child=3 4 9 -1 6 -5 10 11 12 -3 -2 -4 -7 -9
right_child=1 2 7 5 -6 8 -8 13 -10 -11 -12 -13 -14 -15
leaf_value=-0.0552856479456467 0.0039532820953363679 -0.058341480044641555 -0.0022775047957106836 -0.048096786084041956 0.027027784113390772 -0.0057511759760683666 0.016101745428463474 0.0043152430037810517 0.0055369267075623752 -0.020046387555790125 0.021803789504594478 -0.016076541827890815 -0.023475151662779362 0.020936489859171643
leaf_weight=2886751.6424670219 30219338.622453451 630510.95864546299 22787362.719604254 2008733.1765236855 7150611.7152562141 2190177.5579416752 18140731.875281334 21643311.659178257 1563778.1534748077 8390367.489631176 2348363.1291561127 3977983.3109149933 12495814.410291195 2305031.501057148
leaf_count=1440525 6333525 252365 5460555 816539 677740 676793 2436451 4003221 432736 2718306 344896 1177492 4607480 362157
internal_value=-0.000552358 0.00405511 -0.00299955 -0.0261755 0.0113384 -0.0215731 0.00912602 0.000508835 -0.0182943 -0.022723 0.00524043 -0.00432838 -0.0208319 0.00591504
internal_weight=1.38739e+08 1.17594e+08 5.97346e+07 2.11453e+07 5.7859e+07 1.82585e+07 5.07084e+07 5.07137e+07 1.62498e+07 9.02088e+06 3.25677e+07 2.67653e+07 1.4686e+07 2.39483e+07
internal_count=31740781 23766708 13974096 7974073 9792612 6533548 9114872 11003425 5717009 2970671 6678421 6638047 5284273 4365378
is_linear=0
shrinkage=0.3


Tree=12
num_leaves=15
num_cat=0
split_feature=0 2 2 2 3 0 2 4 2 2 3 3 1 4
split_gain=140078 45601.1 45065.9 17223.5 16014.1 15962.8 12727.5 10613.3 10145.5 9712.18 7808.7 7390.55 5354.04 5186.6
threshold=0.015874709933996204 0.029913569800555709 0.018368800170719627 0.079792618751525893 232.00000000000003 0.041048549115657813 0.008579030632972719 1.5000000000000002 0.010269043967127802 0.030072688125073913 168.00000000000003 24.000000000000004 0.050300261005759246 4.5000000000000009
decision_type=2 2 2 2 2 2 2 2 2 2 2 2 2 2
left_child=2 5 6 7 9 8 -1 12 -2 -4 -8 13 -3 -7
right_child=1 3 4 -5 -6 11 10 -9 -10 -11 -12 -13 -14 -15
leaf_value=-0.072329131699492955 -0.038176494864386172 0.0025605883379516115 -0.018158481888792169 0.023338554837650054 -0.038323519512942002 0.0041628295227027394 -0.028835710509102865 0.013432116271878743 -0.0090399546631647031 -0.0052458868424589125 -0.05567780160854266 -0.0088270853520429991 0.0089673317627595468 0.028088719637956113
leaf_weight=978146.97388541698 1152169.1576231718 30964041.139836788 8511118.3787710667 6572535.237408638 1986266.5079789162 11068915.253006935 4146813.6953955889 18325832.853364706 16178352.83140111 13650366.242562771 1275416.0900099277 4106578.2085535526 18908252.730154514 880283.54927110672
leaf_count=572128 493913 6330255 3018791 736768 776594 2289925 1941625 2441306 4893097 3637331 652724 961925 2900469 96919
internal_value=-0.000511205 0.0045555 -0.0184501 0.00867173 -0.0125179 -0.00466306 -0.0408315 0.00725823 -0.010977 -0.010205 -0.0351495 0.00215218 0.0049896 0.00592542
internal_weight=1.38705e+08 1.08157e+08 3.05481e+07 7.47707e+07 2.41478e+07 3.33863e+07 6.40038e+06 6.81981e+07 1.73305e+07 2.21615e+07 5.42223e+06 1.60558e+07 4.98723e+07 1.19492e+07
internal_count=31743770 21144577 10599193 12408798 7432716 8735779 3166477 11672030 5387010 6656122 2594349 3348769 9230724 2386844
is_linear=0
shrinkage=0.3


Tree=13
num_leaves=15
num_cat=0
split_feature=1 4 2 2 0 1 3 2 2 2 2 1 4 2
split_gain=105943 38242.4 30135.7 20142.8 14072.5 11750.9 9379.88 8698.04 8358.87 7189.26 6755.81 5329.41 5311.22 4923.74
threshold=0.018907698802649978 1.0000000180025095e-35 0.020945872180163864 0.011137940455228092 0.13184153288602832 0.0094516556710004824 120.00000000000001 0.046763097867369659 0.04779453948140145 0.0066891489550471315 0.052625214681029327 0.070746824145317092 11.500000000000002 0.09991085529327394
decision_type=2 2 2 2 2 2 2 2 2 2 2 2 2 2
left_child=3 2 9 -1 8 -5 7 -4 11 -2 -7 -3 -6 -10
right_child=1 4 6 5 12 10 -8 -9 13 -11 -12 -13 -14 -15
leaf_value=-0.049038969071077861 -0.066836526006882502 0.0032069087304267244 -0.0017081821748154001 -0.035965464035574178 0.021841430837350025 -0.01634125157901473 -0.014558700131458588 0.0066406527952945745 0.010679291774530099 -0.018182278222254666 0.0096270031813831206 0.018748162269296997 0.11367316003692944 0.03027534330947523
leaf_weight=2161691.0135737658 283761.44730842113 33801078.317553282 32679648.091256857 2754554.891399622 5359181.9444928169 12064703.672370434 3667918.4894990921 17111426.360386133 16954102.182090759 7434325.025801897 974467.66330575943 2109817.4397981167 57288.678290367126 1238269.6932740211
leaf_count=1211566 130806 6894723 7889174 1205981 458760 4522416 1071921 2870679 2183197 2617774 280568 282035 2774 120299
internal_value=-0.000378747 0.00281973 -0.00244749 -0.021879 0.00823363 -0.0181616 8.2458e-05 0.00116102 0.00677406 -0.0199711 -0.0144005 0.00411998 0.0228127 0.0120131
internal_weight=1.38652e+08 1.20697e+08 6.11771e+07 1.79554e+07 5.95197e+07 1.57937e+07 5.3459e+07 4.97911e+07 5.41033e+07 7.71809e+06 1.30392e+07 3.59109e+07 5.41647e+06 1.81924e+07
internal_count=31742673 24522142 14580354 7220531 9941788 6008965 11831774 10759853 9480254 2748580 4802984 7176758 461534 2303496
is_linear=0
shrinkage=0.3


Tree=14
num_leaves=15
num_cat=0
split_feature=0 2 2 2 0 3 2 3 2 2 2 1 3 4
split_gain=81830.5 31705.5 27693.6 14373.2 11674.9 10972.9 7714.82 7403.95 7069.31 6814.79 5891.92 4157.27 3836.44 3798.32
threshold=0.011358112096786501 0.021440356038510803 0.015547180548310282 0.05958202667534352 0.045582892373204238 264.00000000000006 0.030876139178872112 24.000000000000004 0.0066891489550471315 0.10967019200325014 0.0072488877922296533 0.038239059969782836 184.00000000000003 4.5000000000000009
decision_type=2 2 2 2 2 2 2 2 2 2 2 2 2 2
left_child=2 7 8 4 -3 6 -4 -2 -1 -5 -9 -8 -10 -6
right_child=1 3 5 9 13 -7 11 10 12 -11 -12 -13 -14 -15
leaf_value=-0.080986475064643779 -0.0028587914087085855 -0.00047349080896707922 -0.017387670843973971 0.010314819416906441 0.0060672575282693627 -0.03762259734235715 -0.0023146713042001307 -0.050281816318605961 -0.031166970154880479 0.03010851719222354 -0.013818219621850732 -0.022083098146659069 -0.056182830590749591 0.019434816926357269
leaf_weight=378854.7547185421 7921571.6727536917 41588854.20843029 7950474.4544899464 18244000.308722496 36748684.342140675 1460657.6521162987 8145967.5961248875 419746.83666336536 2199414.5979908705 1712391.4738488197 8000855.4992910624 1084945.9747400284 736508.94815099239 2018127.0558133125
leaf_count=254028 2065569 9753181 3117557 2297001 5948207 629253 2387182 205141 1202809 177232 2855178 229124 437426 185056
internal_value=-0.000351292 0.00281109 -0.0171527 0.00480735 0.00301776 -0.01266 -0.0105378 -0.0094424 -0.0424192 0.0120133 -0.0156358 -0.00463813 -0.0374425 0.00676315
internal_weight=1.38611e+08 1.16654e+08 2.19568e+07 1.00312e+08 8.03557e+07 1.8642e+07 1.71814e+07 1.63422e+07 3.31478e+06 1.99564e+07 8.4206e+06 9.23091e+06 2.93592e+06 3.87668e+07
internal_count=31743944 23486565 8257379 18360677 15886444 6363116 5733863 5125888 1894263 2474233 3060319 2616306 1640235 6133263
is_linear=0
shrinkage=0.3


Tree=15
num_leaves=15
num_cat=0
split_feature=0 2 2 4 1 2 2 1 4 4 3 2 2 3
split_gain=61451.8 24761.1 20214.6 10363.5 10341 8022.55 7384.96 7195.42 5625.88 5339.23 5141.01 4797.4 4744.79 5502.16
threshold=0.016942908987402919 0.015753410756587986 0.018552388064563278 2.5000000000000004 0.012643071822822096 0.038094643503427512 0.0060798146296292552 0.038002600893378265 6.5000000000000009 1.0000000180025095e-35 152.00000000000003 0.065782368183136 0.066844869405031218 184.00000000000003
decision_type=2 2 2 2 2 2 2 2 2 2 2 2 2 2
left_child=1 6 9 5 -3 -4 -1 11 -9 -2 -8 -5 13 -6
right_child=2 4 3 7 12 -7 10 8 -10 -11 -12 -13 -14 -15
leaf_value=-0.076265076695457554 -0.017876880673525001 -0.022217361793510415 -4.5813702009047894e-05 0.030581879849454787 -0.0061019757659507142 0.005796229258280757 -0.023022261283448177 0.0082403560850713275 0.032108500849315436 -0.0037243331846187728 -0.047324464477905573 0.10744134209654199 0.0083720575189069023 -0.025090196478962455
leaf_weight=333517.07385504246 4314982.9504263401 4301370.4214547873 38588522.034374952 941150.47955441475 19069644.126122952 46828836.607243538 2826192.0600271225 10495551.693705082 971010.19935083389 5403390.0411820412 1083886.6559556723 79243.206342697144 1855238.3982927799 1480026.765157342
leaf_count=238029 1544208 1808772 8938495 179576 5858985 7286708 1536400 1149295 62694 1475051 669106 10123 418261 566524
internal_value=-0.000346127 -0.0121269 0.00304175 0.00433713 -0.00874437 0.003157 -0.033414 0.0124098 0.0102616 -0.0100081 -0.0297589 0.0365507 -0.00615778 -0.00746954
internal_weight=1.38573e+08 3.09499e+07 1.07623e+08 9.79043e+07 2.67063e+07 8.54174e+07 4.2436e+06 1.2487e+07 1.14666e+07 9.71837e+06 3.91008e+06 1.02039e+06 2.24049e+07 2.05497e+07
internal_count=31742227 11096077 20646150 17626891 8652542 16225203 2443535 1401688 1211989 3019259 2205506 189699 6843770 6425509
is_linear=0
shrinkage=0.3


Tree=16
num_leaves=15
num_cat=0
split_feature=3 2 2 2 2 3 2 0 0 3 2 2 1 1
split_gain=47024.2 21355.8 17236.4 8293.82 8115.76 6461.92 6072.39 5065.25 4901.48 4834.72 3914.39 3349.23 2684.46 2464.5
threshold=72.000000000000014 0.020945872180163864 0.026480974629521373 0.070677544921636595 0.0077329296618700036 360.00000000000006 0.008579030632972719 0.04032470844686032 0.042631795629858978 216.00000000000003 0.036162722855806358 0.12739551812410357 0.041642259806394584 0.094548739492893233
decision_type=2 2 2 2 2 2 2 2 2 2 2 2 2 2
left_child=2 4 6 8 -2 10 -1 -8 -4 -6 -3 -5 -12 -10
right_child=1 5 3 11 9 -7 7 -9 13 -11 12 -13 -14 -15
leaf_value=-0.025013838663657657 -0.064638249132046174 -0.01091862613140147 0.00039229133793925505 0.010414092726159001 -0.020772661101092126 -0.042027700895904928 -0.0072014065009780946 0.001248912083846092 0.0047829192242997299 -0.045465068620075273 0.00095588929372938632 0.029882679156127984 -0.01091672219066071 0.016186960636100495
leaf_weight=1227134.1530189514 496705.24389016628 8594424.0536646843 32857260.291175365 10271667.277674913 4621041.0353388786 468155.11368513107 14245842.478798985 11568160.086407185 41546945.174296141 843995.3475099802 6874036.0397288799 862019.40493059158 2283310.7493429184 1778518.7873616219
leaf_count=525397 367805 3002424 7305893 1171806 2301896 209533 4978316 2468689 6310388 503833 1925814 81689 432477 158282
internal_value=-0.000317991 -0.0123374 0.0022236 0.00427324 -0.027923 -0.00723769 -0.00439471 -0.00341452 0.00315549 -0.024586 -0.0063202 0.0119214 -0.00200445 0.00525106
internal_weight=1.38539e+08 2.41817e+07 1.14358e+08 8.73164e+07 5.96174e+06 1.82199e+07 2.70411e+07 2.5814e+07 7.61827e+07 5.46504e+06 1.77518e+07 1.11337e+07 9.15735e+06 4.33255e+07
internal_count=31744242 8743782 23000460 15028058 3173534 5570248 7972402 7447005 13774563 2805729 5360715 1253495 2358291 6468670
is_linear=0
shrinkage=0.3


Tree=17
num_leaves=15
num_cat=0
split_feature=1 3 2 2 1 4 2 3 3 1 2 2 4 1
split_gain=37541.9 16810.4 9854.4 8349.76 7600.71 7248.31 4906.48 4799.02 4448.59 4366.11 4337.95 3845.69 2900.76 2881.27
threshold=0.016401537694036964 40.000000000000007 0.017263513058423999 0.011419579386711122 0.061446277424693115 4.5000000000000009 0.048523787409067161 376.00000000000006 152.00000000000003 0.041901815682649619 0.060335906222462661 0.0052444157190620908 9.5000000000000018 0.035381840541958816
decision_type=2 2 2 2 2 2 2 2 2 2 2 2 2 2
left_child=3 4 11 -1 5 6 -2 10 -4 -7 -5 -3 -6 -10
right_child=1 2 8 7 12 9 -8 -9 13 -11 -12 -13 -14 -15
leaf_value=-0.036422754752746818 0.00012445778272260471 -0.073717778161980774 -0.0015703080145205968 -0.013166038846137743 0.0080309420109356579 0.070262906888993254 0.0063177571088733646 -0.042709051216093252 -0.010370336710999814 0.01819840384068775 0.015037177261307773 -0.01769143577594718 0.043312907243149422 -0.038486827199846356
leaf_weight=1589933.2734941244 48870094.616963148 114263.21950483322 33430227.84186101 9557628.1593873501 22359989.962673187 178346.87051486969 15060272.238426208 470699.45744764805 1802985.7603046894 774407.52660989761 517399.35104370117 3150048.8312188387 211710.01064872742 400973.80410933495
leaf_count=1053527 10863757 74580 8318271 4036117 2516730 28079 2160856 238312 646408 80048 162201 1448468 9694 105371
internal_value=-0.000218438 0.00131233 -0.00387618 -0.0161564 0.0036201 0.00197052 0.00158343 -0.0131009 -0.00243097 0.0279444 -0.0117177 -0.0196526 0.00836187 -0.0154857
internal_weight=1.38489e+08 1.26353e+08 3.88985e+07 1.21357e+07 8.74548e+07 6.48831e+07 6.39304e+07 1.05457e+07 3.56342e+07 952754 1.0075e+07 3.26431e+06 2.25717e+07 2.20396e+06
internal_count=31742419 26252262 10593098 5490157 15659164 13132740 13024613 4436630 9070050 108127 4198318 1523048 2526424 751779
is_linear=0
shrinkage=0.3


Tree=18
num_leaves=15
num_cat=0
split_feature=2 3 3 2 2 2 2 3 4 1 3 2 0 4
split_gain=27635.2 17942.6 9185.56 5309.01 4632.5 4568.46 4395.63 4122.38 4095.45 3859.82 3377.2 2804.29 2694.26 2261.54
threshold=0.024154761806130413 104.00000000000001 24.000000000000004 0.0072488877922296533 0.0066891489550471315 0.09991085529327394 0.040253011509776122 200.00000000000003 1.5000000000000002 0.041901815682649619 280.00000000000006 0.09991085529327394 0.15549859404563907 6.5000000000000009
decision_type=2 2 2 2 2 2 2 2 2 2 2 2 2 2
left_child=1 4 5 -3 -1 12 7 -4 -6 -7 -5 -8 -2 -11
right_child=2 3 6 10 8 9 11 -9 -10 13 -12 -13 -14 -15
leaf_value=-0.030634116680608361 0.0037941262146564732 -0.066286124212140404 -0.0026320765091754068 -0.019978656930377044 -0.0064109842499825119 0.055728186053097782 0.001256323832156571 -0.021715404794919412 0.0036130290042024954 0.011278135664303534 -0.046266624458398527 0.015013688396565255 0.013771617546056191 0.058027051821911119
leaf_weight=626052.70337486267 48372961.813374996 269192.68749964237 27053747.541855812 3957045.2061587572 19130694.906269073 234121.71822834015 27242536.316632509 1058650.0300238132 4538518.6599719524 1419200.066599369 494831.18417537212 1402141.6578140259 2564939.8443384171 99674.088997840881
leaf_count=316695 7688013 229870 7157924 2077640 6752834 30459 5295655 465313 886078 109627 310044 234930 182522 4024
internal_value=-0.000219899 -0.00845116 0.00196234 -0.0253744 -0.00516263 0.00481475 -0.000685726 -0.00335071 -0.0044889 0.0198728 -0.0229006 0.00192974 0.00429654 0.014346
internal_weight=1.38464e+08 2.90163e+07 1.09448e+08 4.72107e+06 2.42953e+07 5.26909e+07 5.67571e+07 2.81124e+07 2.36692e+07 1.753e+06 4.45188e+06 2.86447e+07 5.09379e+07 1.51887e+06
internal_count=31741628 10573161 21168467 2617554 7955607 8014645 13153822 7623237 7638912 144110 2387684 5530585 7870535 113651
is_linear=0
shrinkage=0.3


Tree=19
num_leaves=15
num_cat=0
split_feature=1 3 2 2 1 4 1 3 2 2 2 3 2 4
split_gain=22281 10001.9 6911.41 5151.37 4589.15 4080.27 4933.84 3571.66 3086.46 3001.57 2715.52 2431 2337.78 2006.06
threshold=0.015078152995556595 40.000000000000007 0.015341519843786957 0.010564294178038837 0.06766980886459352 3.5000000000000004 0.038002600893378265 440.00000000000006 0.0040066896472126254 0.030717784538865093 0.041422165930271156 168.00000000000003 0.050062268972396858 6.5000000000000009
decision_type=2 2 2 2 2 2 2 2 2 2 2 2 2 2
left_child=3 4 8 -1 5 10 -7 12 -3 11 -2 -4 -5 -8
right_child=1 2 9 7 -6 6 13 -9 -10 -11 -12 -13 -14 -15
leaf_value=-0.033937073916117923 -0.00036733563582104175 -0.083906289020776598 -0.0048639060983597382 -0.012166066548918329 0.0071614368481958497 0.04314815338710009 0.0050801026164616729 -0.046080680523456305 -0.016542219480984388 -0.00011715952234151151 0.0034915158967677817 -0.024480228945781217 0.0052574031747118421 0.033306245226138745
leaf_weight=1047901.2014267445 42032160.851781249 62766.925981044769 12079766.458066225 7558500.0740685463 16553350.181163549 403422.80720210075 2509881.9165334702 262945.9463801384 2473322.9692577124 24922888.555336952 26927125.321188211 596665.59924125671 763037.11968612671 249103.81054878235
leaf_count=768774 9789662 47531 4032107 3449443 1715734 70901 284737 141517 1268740 5608083 4024328 269727 252298 20114
internal_value=-0.000162599 0.000878146 -0.00305122 -0.0140801 0.00265663 0.00162268 0.0121598 -0.0116562 -0.0182094 -0.0020288 0.00113946 -0.00578722 -0.0105684 0.00762859
internal_weight=1.38443e+08 1.2881e+08 4.01354e+07 9.63238e+06 8.8675e+07 7.21217e+07 3.16241e+06 8.58448e+06 2.53609e+06 3.75993e+07 6.89593e+07 1.26764e+07 8.32154e+06 2.75899e+06
internal_count=31743696 27131664 11226188 4612032 15905476 14189742 375752 3843258 1316271 9909917 13813990 4301834 3701741 304851
is_linear=0
shrinkage=0.3


Tree=20
num_leaves=15
num_cat=0
split_feature=3 2 2 3 2 4 1 1 2 1 2 2 1 4
split_gain=17229.3 8815.78 7268.11 4476.42 4280.45 3330.6 3642.68 3154.08 3775.66 2571.68 2550.51 2288.33 1790.62 3176.12
threshold=88.000000000000014 0.012200771365314724 0.016505042091012005 312.00000000000006 0.08555112406611444 1.0000000180025095e-35 0.029005880467593673 0.041901815682649619 0.03958698362112046 0.10264328494668008 0.0040066896472126254 0.0052444157190620908 0.034360229969024665 1.5000000000000002
decision_type=2 2 2 2 2 2 2 2 2 2 2 2 2 2
left_child=2 10 11 7 5 6 -4 8 -3 -7 -2 -1 13 -6
right_child=1 3 4 -5 12 9 -8 -9 -10 -11 -12 -13 -14 -15
leaf_value=-0.035108064914076371 -0.087979910269839631 -0.007815085798005458 -0.0043847929613235904 -0.028537170166567205 0.016833541635892322 0.0025781283133427335 0.001172159363757689 -0.018377247954971733 0.0030982403420469068 0.017326732573816308 -0.030193111622300609 -0.0065096803044737261 0.0079136906410969248 0.081890481151261449
leaf_weight=259717.59369552135 73121.569694697857 9419050.3014237881 15147223.260516167 838850.25220406055 520690.25685214996 55307335.412859917 35495810.494089842 1657031.7363678217 4092917.193243742 1084911.4805960655 1147313.1414744258 8274185.6848106384 5043136.0883336067 77604.733453273773
leaf_count=134402 70980 3948193 4578638 440156 95121 9218451 7168183 372679 1171742 79644 857091 3113854 483652 9593
internal_value=-0.000200579 -0.00907775 0.00106118 -0.00720396 0.0017005 0.001276 -0.000489913 -0.00602423 -0.00450932 0.00286187 -0.0336554 -0.00738003 0.00975461 0.0252721
internal_weight=1.38439e+08 1.72283e+07 1.21211e+08 1.60078e+07 1.12677e+08 1.07035e+08 5.0643e+07 1.5169e+07 1.3512e+07 5.63922e+07 1.22043e+06 8.5339e+06 5.64143e+06 598295
internal_count=31742379 6860841 24881538 5932770 21633282 21044916 11746821 5492614 5119935 9298095 928071 3248256 588366 104714
is_linear=0
shrinkage=0.3


Tree=21
num_leaves=15
num_cat=0
split_feature=1 2 3 2 2 2 1 4 1 0 0 1 2 2
split_gain=13361.5 6580.67 4991.21 3588.98 3100.82 2396.54 2176.95 1895.47 3230.7 2609.86 1753.18 2228.84 1657.77 1598.59
threshold=0.013690497726202013 0.028992405161261562 136.00000000000003 0.09991085529327394 0.0060798146296292552 0.011937180534005167 0.0073347399011254319 1.5000000000000002 0.031788740307092674 0.071603842079639449 0.070609569549560561 0.034360229969024665 0.041422165930271156 0.0040066896472126254
decision_type=2 2 2 2 2 2 2 2 2 2 2 2 2 2
left_child=4 2 5 7 -1 13 -6 -3 9 -9 -7 -12 -8 -2
right_child=1 3 -4 -5 6 10 12 8 -10 -11 11 -13 -14 -15
leaf_value=-0.052821691324655848 -0.047953983320940481 0.00078066159172831954 -0.019102296036874706 0.011850639748655701 -0.022892941768038286 -0.0022769314721882527 -0.011225706234513634 0.015504577814724751 0.0031263930767916532 0.071801565713484145 0.0306162993811455 0.0022221436139981806 0.0032563689464056088 -0.0087080522161466101
leaf_weight=168245.90568715334 96303.159770727158 68123693.772754192 1613726.6676263213 3156173.574426651 1271213.7708451748 27660248.601702452 5129638.4056608677 1091770.5190112591 20492821.406703472 79509.584391117096 260990.06930446625 5330373.5083448887 825924.46223366261 3108687.1803890467
leaf_count=154641 53238 13369743 828804 345953 718793 8581589 2583050 209976 2439754 12379 55595 799718 282221 1307092
internal_value=-0.000153557 0.00054673 -0.00277538 0.00190748 -0.0125602 -0.00205268 -0.0116229 0.00155797 0.00400224 0.0193262 -0.00129753 0.00354751 -0.00921732 -0.00988731
internal_weight=1.38409e+08 1.31014e+08 3.80703e+07 9.2944e+07 7.39502e+06 3.64566e+07 7.22678e+06 8.97878e+07 2.16641e+07 1.17128e+06 3.32516e+07 5.59136e+06 5.95556e+06 3.20499e+06
internal_count=31742546 28003841 11626036 16377805 3738705 10797232 3584064 16031852 2662109 222355 9436902 855313 2865271 1360330
is_linear=0
shrinkage=0.3


Tree=22
num_leaves=15
num_cat=0
split_feature=3 2 2 2 0 1 2 3 2 1 4 4 3 2
split_gain=10984.6 5602.1 4754.92 3622.43 3139.44 2920.04 2679.65 2972.04 1880.21 1872.85 3571.7 2021.69 1700.03 1676.91
threshold=136.00000000000003 0.014736090321093799 0.014084873721003534 0.066844869405031218 0.029349488206207756 0.03777208365499974 0.058166533708572395 360.00000000000006 0.0040066896472126254 0.041642259806394584 1.5000000000000002 6.5000000000000009 72.000000000000014 0.0052444157190620908
decision_type=2 2 2 2 2 2 2 2 2 2 2 2 2 2
left_child=1 8 13 4 -3 6 7 -4 -1 10 -5 -11 -6 -2
right_child=2 3 5 9 12 -7 -8 -9 -10 11 -12 -13 -14 -15
leaf_value=-0.045778641568923563 -0.073277736011360173 -0.0018764969845709986 -0.0071184642164334854 0.0080486452575218234 0.0016230915205747197 -0.030594333577843615 0.0097610886383209198 -0.034661035333343887 -0.0071381643166314084 0.003013090662352026 0.039218942738884835 0.028352370869011774 -0.01799154045088627 -0.027470883973939819
leaf_weight=115227.243930161 78588.753824353218 37784847.20666945 5084400.8709962368 2654746.8724541664 70174062.065676451 496000.81173014641 780715.58501207829 378880.88654458523 6901189.0713114738 12021312.888097286 377956.78046417236 290221.57204818726 399950.98517680168 848515.27250528336
leaf_count=74226 85734 10947984 2229467 487675 12252156 130704 264842 217594 2988150 1264875 44386 13094 85285 656050
internal_value=-0.000173751 0.000473558 -0.01121 0.000941286 0.000330384 -0.00843913 -0.0066792 -0.00902855 -0.00777274 0.00525539 0.0119333 0.00361042 0.00151193 -0.0313538
internal_weight=1.38387e+08 1.3072e+08 7.6671e+06 1.23703e+08 1.08359e+08 6.74e+06 6.244e+06 5.46328e+06 7.01642e+06 1.53442e+07 3.0327e+06 1.23115e+07 7.0574e+07 927104
internal_count=31742222 28157831 3584391 25095455 23285425 2842607 2711903 2447061 3062376 1810030 532061 1277969 12337441 741784
is_linear=0
shrinkage=0.3


Tree=23
num_leaves=15
num_cat=0
split_feature=1 2 3 3 2 2 1 2 3 2 2 1 4 0
split_gain=8250.08 4261.2 3793.65 2509.76 2689.5 2357.55 2331.15 2214.14 1619.28 1300.68 1154.67 1117.51 1225.39 1082.51
threshold=0.013080886565148832 0.035235719755291946 200.00000000000003 24.000000000000004 0.01168583193793893 0.12739551812410357 0.081246931105852141 0.0089380475692451018 504.00000000000006 0.0040066896472126254 0.10967019200325014 0.034984076395630843 1.5000000000000002 0.063688226044178023
decision_type=2 2 2 2 2 2 2 2 2 2 2 2 2 2
left_child=7 2 3 6 9 -3 13 -1 10 -5 -9 12 -7 -2
right_child=1 5 -4 4 -6 11 -8 8 -10 -11 -12 -13 -14 -15
leaf_value=-0.03107590856460515 -0.0011785692892886982 0.0017423773726391732 -0.025013585046488641 -0.056157850786820777 -0.002321936915884035 0.027101646042492902 0.013991820440929241 -0.0086839396491896724 -0.040805061112906688 -0.012633275621375631 0.036221265950667304 0.011256793374763038 0.097444800621901848 0.002978366546895051
leaf_weight=440937.57570213079 15251956.169942021 72737990.804002285 610280.53945988417 64028.707805216312 30273983.454556108 174341.10443258286 1183939.1561117172 5808621.477129221 141127.1657692194 1770126.1632266641 51997.10250556469 884044.1356613636 25555.109184265137 8944432.3867328167
leaf_count=392131 3920721 11899834 336244 52310 9509010 34694 110775 2878183 85466 983307 17672 74273 2347 1446611
internal_value=-7.51926e-05 0.000436745 -0.0014852 -0.00123543 -0.00299776 0.00194934 0.000994068 -0.0105576 -0.0090502 -0.0141527 -0.00828553 0.0158373 0.0360944 0.000358083
internal_weight=1.38363e+08 1.31921e+08 5.80987e+07 5.74885e+07 3.21081e+07 7.38219e+07 2.53803e+07 6.44268e+06 6.00175e+06 1.83415e+06 5.86062e+06 1.08394e+06 199896 2.41964e+07
internal_count=31743578 28370126 16358978 16022734 10544627 12011148 5478107 3373452 2981321 1035617 2895855 111314 37041 5367332
is_linear=0
shrinkage=0.3


Tree=24
num_leaves=15
num_cat=0
split_feature=3 2 4 2 2 3 2 1 2 1 0 1 4 1
split_gain=6463.55 4247.87 2791.38 2170.81 2086.38 1839.78 1647.17 1555.87 1523.79 1673.82 1716.8 1374.88 1317.29 1282.76
threshold=72.000000000000014 0.010853979736566545 6.5000000000000009 0.018368800170719627 0.025868844240903858 248.00000000000003 0.0040066896472126254 0.038239059969782836 0.082456115633249297 0.041901815682649619 0.0073200124315917501 0.052687620744109161 12.500000000000002 0.051448395475745208
decision_type=2 2 2 2 2 2 2 2 2 2 2 2 2 2
left_child=2 6 3 -1 5 7 -2 -3 9 -6 -11 -4 -13 -5
right_child=1 4 11 13 8 -7 -8 -9 -10 10 -12 12 -14 -15
leaf_value=-0.0035060202549837137 -0.069811802685693189 -0.0053945398776377596 0.054497063648384282 0.0002596794479144904 -0.0011470250801596631 -0.023751571194958153 -0.020600407592879084 -0.024952249662659708 0.0097256629172378633 -0.033254148655505369 -0.0071164628030204171 0.010678083159860016 0.06755049142387827 0.0024356426629697689
leaf_weight=10220768.439227343 65507.222909510136 6038351.1037994623 75260.727410793304 65006869.743025541 11605731.190643072 615320.44743072987 934019.30766642094 389708.90003693104 963430.94906413555 254312.41901397705 2043550.5542795658 1080617.7861003876 37940.925735473633 39017599.627625227
leaf_count=3676854 78391 2946115 7083 14261103 3696711 405473 769001 134394 225768 63580 427429 63139 1406 4986430
internal_value=-9.67573e-05 -0.00469968 0.000816734 0.000665933 -0.00382717 -0.00808036 -0.0238256 -0.00658025 -0.00181219 -0.00261169 -0.0100092 0.015248 0.0126072 0.00107584
internal_weight=1.38349e+08 2.29099e+07 1.15439e+08 1.14245e+08 2.19104e+07 7.04338e+06 999527 6.42806e+06 1.4867e+07 1.39036e+07 2.29786e+06 1.19382e+06 1.11856e+06 1.04024e+08
internal_count=31742877 8746862 22996015 22924387 7899470 3485982 847392 3080509 4413488 4187720 491009 71628 64545 19247533
is_linear=0
shrinkage=0.3


Tree=25
num_leaves=15
num_cat=0
split_feature=3 2 2 1 0 2 2 1 2 3 2 3 3 1
split_gain=5330.73 2651.81 2585.73 2316.96 2082.05 1672.27 1525.82 1334.72 1315.71 1420.67 1290.63 1273.4 1123.2 1115.05
threshold=136.00000000000003 0.020778236910700802 0.037494482472538955 0.033978374674916274 0.043074708431959159 0.0052444157190620908 0.0052444157190620908 0.010288692079484464 0.050876813009381301 472.00000000000006 0.12739551812410357 40.000000000000007 344.00000000000006 0.023563585244119171
decision_type=2 2 2 2 2 2 2 2 2 2 2 2 2 2
left_child=2 6 4 8 5 -1 -2 -7 9 -3 -4 13 -8 -6
right_child=1 3 10 -5 11 7 12 -9 -10 -11 -12 -13 -14 -15
leaf_value=-0.031177978809205475 -0.061468638318686639 -0.0038267719044035127 0.0015230806631998071 -0.021412577820186608 0.015468954730950083 -0.013065335059579981 -0.013379835225700598 -0.0019252664952611473 0.0073506566849123878 -0.04234510411642891 0.012071703097365048 -0.0078751970026972543 -0.039195536002628095 0.001334780343846771
leaf_weight=180130.98525387049 67218.660214841366 3662501.7211456299 64688705.752319813 634571.08696198463 513218.60320818424 993022.18911063671 1833159.1462441683 38353070.028596938 1034659.2634025812 88255.247188091278 1061006.3375358582 1337311.6441165209 165363.37186795473 23695328.968232512
leaf_count=144280 85553 1547646 10068964 173220 154512 534893 1229156 12484620 358816 53490 99926 309611 135708 4357537
internal_value=-7.90724e-05 -0.00786508 0.000366449 -0.00437918 -0.000974223 -0.00233845 -0.0170112 -0.00220642 -0.00212047 -0.00473311 0.0016933 0.0011366 -0.0155159 0.00163442
internal_weight=1.38308e+08 7.48573e+06 1.30822e+08 5.41999e+06 6.50721e+07 3.95262e+07 2.06574e+06 3.93461e+07 4.78542e+06 3.75076e+06 6.57497e+07 2.55459e+07 1.99852e+06 2.42085e+07
internal_count=31737932 3583589 28154343 2133172 17985453 13163793 1450417 13019513 1959952 1601136 10168890 4821660 1364864 4512049
is_linear=0
shrinkage=0.3


Tree=26
num_leaves=15
num_cat=0
split_feature=3 2 2 2 4 1 2 2 1 4 0 1 3 1
split_gain=4264.86 2601.43 1932.34 1662.89 1572.21 1513.56 1551 1362.3 1302.45 2108.13 1524.34 1293.37 1087.92 1063.99
threshold=200.00000000000003 0.017650269903242592 0.010564294178038837 0.070677544921636595 2.5000000000000004 0.027119951322674755 0.032827362418174751 0.0060798146296292552 0.034360229969024665 1.5000000000000002 0.15549859404563907 0.0085053406655788439 408.00000000000006 0.10264328494668008
decision_type=2 2 2 2 2 2 2 2 2 2 2 2 2 2
left_child=1 4 -2 11 7 6 12 -1 9 -5 -10 -3 -4 -13
right_child=2 3 5 8 -6 -7 -8 -9 10 -11 -12 13 -14 -15
leaf_value=-0.02173252496560197 -0.039497975455226902 -0.015469922714262381 -0.01070718827791506 0.0081002681694400096 0.0072654653537989628 -0.031610168489640239 0.0014812346695257188 -0.0044100325433443907 0.001700703668652424 0.044209998070797958 0.015819427073904661 0.00016614864230039762 -0.038321769786383748 0.0095001789288984891
leaf_weight=424908.02541106939 202285.18771505356 472433.87211084366 1362261.3437908888 1542930.2830095291 1014301.8960723877 246875.09545087814 1108127.1916935444 10644448.202010334 10660258.81406045 160661.05172014236 735726.72849941254 108453124.01878309 141761.0323330164 1110366.5855858326
leaf_count=308044 213949 210632 810349 317460 168368 86807 477178 4703317 1159630 18733 39171 23038926 102515 86843
internal_value=-8.9303e-05 0.000161382 -0.0111621 0.000573589 -0.00403912 -0.00915728 -0.00703525 -0.00507497 0.0037688 0.0115057 0.00261221 0.000193205 -0.01331 0.000260744
internal_weight=1.3828e+08 1.35219e+08 3.06131e+06 1.23136e+08 1.20837e+07 2.85902e+06 2.61215e+06 1.10694e+07 1.30996e+07 1.70359e+06 1.1396e+07 1.10036e+08 1.50402e+06 1.09563e+08
internal_count=31741922 30051124 1690798 24871395 5179729 1476849 1390042 5011361 1534994 336193 1198801 23336401 912864 23125769
is_linear=0
shrinkage=0.3


Tree=27
num_leaves=15
num_cat=0
split_feature=3 2 4 2 3 0 1 0 1 0 2 1 0 2
split_gain=3576.97 2634.86 1601.05 1371.75 1311.01 1177.21 1071.5 4224.15 2919.39 2245.71 1533.23 1283.6 1667.41 1009.96
threshold=56.000000000000007 0.012934588827192785 7.5000000000000009 0.0040066896472126254 328.00000000000006 0.055186688899993903 0.049539135769009597 0.09080164879560472 0.041901815682649619 0.055756626650691039 0.054672075435519225 0.041901815682649619 0.054655969142913825 0.033492246642708785
decision_type=2 2 2 2 2 2 2 2 2 2 2 2 2 2
left_child=2 3 6 -2 5 -3 7 10 13 -8 -1 12 -12 -9
right_child=1 4 -4 -5 -6 -7 9 8 -10 -11 11 -13 -14 -15
leaf_value=-0.0010017340707908604 -0.055638066501250825 -0.0016592572582250582 0.014971119151728411 -0.011912315929239319 -0.015627983766072183 -0.022765145064191739 0.0059809389410862357 0.026489892594485937 0.006758615741548798 0.00070774390843605147 0.0046590852004444201 -0.001299100196800067 0.022278322551139658 0.057098999283192231
leaf_weight=54458441.909786165 66805.928183853626 29139909.254626155 711968.54094696045 1930897.9714612961 633248.70695614815 239799.48551869392 9299927.528142333 310358.47560334206 950192.01548719406 33276776.606776237 3777697.9388656616 2832694.6119737625 554340.03255224228 141135.30414152145
leaf_count=13582660 87871 9436306 36827 1436288 370745 38681 1505298 52998 125573 3968067 641100 377976 68375 16203
internal_value=-4.46214e-05 -0.00282482 0.000792489 -0.0133746 -0.00212262 -0.00183153 0.000696896 -8.85431e-05 0.0161962 0.00185956 -0.000458958 0.00366663 0.00691369 0.0360582
internal_weight=1.38324e+08 3.20107e+07 1.06314e+08 1.9977e+06 3.0013e+07 2.93797e+07 1.05602e+08 6.30249e+07 1.40169e+06 4.25767e+07 6.16232e+07 7.16473e+06 4.33204e+06 451494
internal_count=31744968 11369891 20375077 1524159 9845732 9474987 20338250 14864885 194774 5473365 14670111 1087451 709475 69201
is_linear=0
shrinkage=0.3


Tree=28
num_leaves=15
num_cat=0
split_feature=3 3 2 4 2 2 1 1 0 2 1 3 1 1
split_gain=2794.35 1848.93 2087.84 1237.61 1136.01 1087.8 1080.32 1044.38 806.643 790.529 936.962 731.996 740.718 728.633
threshold=248.00000000000003 24.000000000000004 0.016319204121828083 13.500000000000002 0.041179209947586067 0.0040066896472126254 0.089632846415042891 0.0081589487381279486 0.10644615069031717 0.12739551812410357 0.02986906468868256 440.00000000000006 0.018907698802649978 0.019444953650236133
decision_type=2 2 2 2 2 2 2 2 2 2 2 2 2 2
left_child=1 3 5 6 11 -3 9 -4 -9 -1 -11 12 -2 -6
right_child=4 2 7 -5 13 -7 -8 8 -10 10 -12 -13 -14 -15
leaf_value=0.00087133711817348697 -0.011877119870483451 -0.041435838239745254 -0.013051684038726762 0.074928081807794478 0.0058432205223108808 -0.0057078286548765391 0.006273454015779222 -0.00018198766824213284 -0.0096493707190466859 0.054390457557344653 0.008662813381771212 -0.037205713406221613 -0.039340710170485078 -0.020854299979465907
leaf_weight=60202333.181256652 923250.99429708719 77661.513918995857 583314.60263514519 20540.082880020142 392797.22838616371 6171886.0184431076 3672003.2591638565 64413091.552783608 820275.60819149017 43842.126532554626 503133.1054148674 146159.23580533266 97742.615210831165 120146.30745434761
leaf_count=10381331 613427 83421 277133 687 183300 3384731 282649 16160447 91320 5095 34162 117720 55120 40985
internal_value=-1.7231e-05 0.000132432 -0.000911617 0.00130001 -0.0121774 -0.00615181 0.00127653 -0.00041404 -0.000301035 0.000974491 0.0123281 -0.0173489 -0.0145063 -0.000410116
internal_weight=1.38188e+08 1.36508e+08 7.20662e+07 6.44419e+07 1.6801e+06 6.24955e+06 6.44213e+07 6.58167e+07 6.52334e+07 6.07493e+07 546975 1.16715e+06 1.02099e+06 512944
internal_count=31711528 30700976 19997052 10703924 1010552 3468152 10703237 16528900 16251767 10420588 39257 786267 668547 224285
is_linear=0
shrinkage=0.3


Tree=29
num_leaves=15
num_cat=0
split_feature=2 3 2 3 3 4 1 0 1 0 2 3 4 1
split_gain=2062.17 1506.29 1233.49 1328.46 1119.98 1106.65 1965.13 1004.47 872.938 1343.12 855.477 816.498 789.492 759.572
threshold=0.009283791761845352 56.000000000000007 0.093520212918519988 520.00000000000011 168.00000000000003 5.5000000000000009 0.042185217142105109 0.054655969142913825 0.068649362772703185 0.083872761577367796 0.024623595178127292 40.000000000000007 11.500000000000002 0.0384613685309887
decision_type=2 2 2 2 2 2 2 2 2 2 2 2 2 2
left_child=4 5 3 7 -1 8 -7 10 -2 -10 13 -11 -8 -3
right_child=1 2 -4 -5 -6 6 12 -9 9 11 -12 -13 -14 -15
leaf_value=-0.0073208281990809389 0.00014614517419348156 -0.0035553252000943636 0.0095975475883464719 -0.036823676085640189 -0.031511172356767925 0.06472942453405614 0.0047759496033103954 -0.021579885843317451 0.0068658010985463694 0.0011235588534148162 -0.00075381830452319037 -0.018215401275149458 0.034576467324417409 -0.015005576321375589
leaf_weight=1780768.9272537827 87543380.466761231 8036863.9969159961 843021.72160995007 98478.033196866512 190699.44917833805 52510.700253486633 2001045.3155679703 232166.38139033318 4632267.3893933296 10712035.357833862 21362406.073390126 200157.2499833107 83342.023881912231 557587.45765757561
leaf_count=1017645 18033421 4122605 177462 68326 222012 6271 132107 40140 594441 1033785 6076018 25763 2805 192121
internal_value=-2.75424e-05 0.000111738 -0.00172144 -0.0020365 -0.00966075 0.000654081 0.00741147 -0.00192302 0.000514008 0.00258574 -0.00177068 0.000768833 0.00596749 -0.00429819
internal_weight=1.38327e+08 1.36355e+08 3.11305e+07 3.02875e+07 1.97147e+06 1.05225e+08 2.1369e+06 3.0189e+07 1.03088e+08 1.55445e+07 2.99569e+07 1.09122e+07 2.08439e+06 8.59445e+06
internal_count=31744922 30505265 10676672 10499210 1239657 19828593 141183 10430884 19687410 1653989 10390744 1059548 134912 4314726
is_linear=0
shrinkage=0.3


Tree=30
num_leaves=15
num_cat=0
split_feature=1 3 4 1 0 2 1 0 1 1 0 2 2 1
split_gain=1745.07 1656.93 993.435 4151.24 1144.74 1081.76 1019.03 897.975 983.404 901.949 1827.54 845.15 845.128 745.496
threshold=0.011748763732612135 248.00000000000003 2.5000000000000004 0.034360229969024665 0.083872761577367796 0.020611771382391456 0.023563585244119171 0.15549859404563907 0.060801396146416671 0.041901815682649619 0.10644615069031717 0.0040066896472126254 0.031999366357922561 0.062797244638204588
decision_type=2 2 2 2 2 2 2 2 2 2 2 2 2 2
left_child=-1 2 5 4 6 11 12 9 -9 10 -5 -2 -4 -7
right_child=1 -3 3 7 -6 13 -8 8 -10 -11 -12 -13 -14 -15
leaf_value=-0.0057988865780382358 -0.032222835469297814 -0.015956323632079654 0.026976428877120449 0.003880901170195654 0.046676569731493971 -8.3796426685158772e-05 0.012483858315258499 0.034848968423840734 0.0046757797878031696 -0.0011769390803734333 0.044801617254331259 -0.0022848883604057986 0.079791216850065017 0.0021150465859214231
leaf_weight=4608357.9172394276 85349.591458857059 573176.36389225721 114249.32728123665 1069389.3192136288 134873.54213237762 86935835.029634476 744734.98154830933 100517.58058357239 2958608.1619386673 9230430.5936892033 108159.77893829346 14968958.885716617 35816.384613037109 16513017.220829248
leaf_count=2611408 75657 293275 30689 170412 22697 19149477 142953 7753 189950 1005366 13906 5955967 5846 2035395
internal_value=-5.9193e-05 0.00013883 0.000208194 0.00255239 0.0209119 -7.85778e-05 0.0170284 0.00114865 0.00566722 -0.000179451 0.00763953 -0.00245462 0.0395818 0.000267194
internal_weight=1.38181e+08 1.33573e+08 1.33e+08 1.44968e+07 1.02967e+06 1.18503e+08 894801 1.34671e+07 3.05913e+06 1.0408e+07 1.17755e+06 1.50543e+07 150066 1.03449e+08
internal_count=31710751 29099343 28806068 1589572 202185 27216496 179488 1387387 197703 1189684 184318 6031624 36535 21184872
is_linear=0
shrinkage=0.3


Tree=31
num_leaves=15
num_cat=0
split_feature=2 2 3 1 3 1 3 0 3 1 1 0 2 0
split_gain=1474.72 1274.25 1265.47 995.515 916.69 779.914 773.229 718.51 813.876 748.469 697.582 3303.71 1378.25 893.964
threshold=0.0077329296618700036 0.10967019200325014 296.00000000000006 0.02474798355251551 24.000000000000004 0.10264328494668008 184.00000000000003 0.074586875736713423 40.000000000000007 0.011971697676926853 0.031071062199771408 0.054655969142913825 0.056945426389575012 0.07259878516197206
decision_type=2 2 2 2 2 2 2 2 2 2 2 2 2 2
left_child=6 2 4 -3 5 10 -1 9 -9 -6 11 12 -2 -13
right_child=1 3 -4 -5 7 -7 -8 8 -10 -11 -12 13 -14 -15
leaf_value=-0.0085383521117092728 0.00024010909025719095 0.026201698119945004 -0.011326692521745384 0.0050455355407642028 -0.0047044590184013241 0.0080767740698976121 -0.036710483030895733 -0.0031561148972147944 -0.016812682156362724 -0.00026975288528042774 0.00022277971711669392 0.014102028215251186 0.01569745310989545 0.035762594433290593
leaf_weight=991036.28864550591 9457536.3008168936 221924.31545579433 890805.52941465378 2042848.3247299194 3618734.3408726454 1316327.8356218338 96192.843315958977 2942752.9984850883 453242.89885878563 64047063.724992216 50530508.85031271 947193.73704767227 549312.12622857094 209393.09362411499
leaf_count=627721 2633051 56480 559430 192206 1931992 89875 129179 397277 65550 17301834 7414848 209949 94707 38424
internal_value=-2.56053e-05 6.15875e-05 -5.68345e-05 0.00711862 1.8045e-05 0.000851104 -0.0110309 -0.000720626 -0.00497877 -0.000506919 0.000696934 0.00284316 0.00108862 0.0180235
internal_weight=1.38315e+08 1.37228e+08 1.34963e+08 2.26477e+06 1.34072e+08 6.30103e+07 1.08723e+06 7.10618e+07 3.396e+06 6.76658e+07 6.16939e+07 1.11634e+07 1.00068e+07 1.15659e+06
internal_count=31742523 30985623 30736937 248686 30177507 10480854 756900 19696653 462827 19233826 10390979 2976131 2727758 248373
is_linear=0
shrinkage=0.3


Tree=32
num_leaves=15
num_cat=0
split_feature=2 3 2 1 3 1 1 2 4 3 3 1 1 2
split_gain=1224.67 1532.12 942.734 743.918 737.706 735.978 642.186 541.706 512.543 493.929 485.498 477.713 460.361 436.691
threshold=0.031202575191855434 184.00000000000003 0.12739551812410357 0.026434835046529773 424.00000000000006 0.094548739492893233 0.038691977038979537 0.0040066896472126254 6.5000000000000009 632.00000000000011 24.000000000000004 0.009747287258505823 0.043549416586756713 0.0060798146296292552
decision_type=2 2 2 2 2 2 2 2 2 2 2 2 2 2
left_child=1 5 9 4 13 7 -4 12 -8 -2 -7 -9 -1 -3
right_child=2 3 6 -5 -6 10 8 11 -10 -11 -12 -13 -14 -15
leaf_value=-0.016009946930208616 0.00052145007581099357 -0.037888536192317142 0.020718086883289612 -0.035856941282955072 -0.031013585531768681 0.014887503590737343 0.0028312356440399755 -0.0074996564198288561 0.031272235297756128 -0.039430169049616368 -0.011201809534998107 -0.00083433172056601886 -0.081727164993467508 -0.0058934093074401468
leaf_weight=89411.818137764931 87540301.77449739 39277.303128421307 312145.98283231258 91666.582073628902 119140.90407675505 405786.91642856598 804669.34768724442 988611.95171225071 61377.161828994751 27859.676273465157 76259.792615652084 45879917.755808711 10746.719813644886 1704686.0540111065
leaf_count=80443 15354441 60048 57869 52394 110152 31752 65321 601666 1813 17170 11627 14148380 6372 1109979
internal_value=-4.42887e-05 -0.00124141 0.000622156 -0.00947244 -0.00817429 -0.000902329 0.00905173 -0.00102202 0.00484686 0.00050874 0.0107602 -0.000974925 -0.0230612 -0.006614
internal_weight=1.38152e+08 4.94055e+07 8.87464e+07 1.95477e+06 1.8631e+06 4.74507e+07 1.17819e+06 4.69687e+07 866047 8.75682e+07 482047 4.68685e+07 100159 1.74396e+06
internal_count=31709427 16212813 15496614 1332573 1280179 14880240 125003 14836861 67134 15371611 43379 14750046 86815 1170027
is_linear=0
shrinkage=0.3


Tree=33
num_leaves=15
num_cat=0
split_feature=2 1 0 3 1 1 3 0 3 2 2 1 0 1
split_gain=985.382 1558.74 2004.99 1197.89 807.5 682.766 682.212 716.158 599.961 579.436 518.693 469.994 435.566 452.589
threshold=0.05958202667534352 0.041901815682649619 0.066075008362531676 264.00000000000006 0.079294577240943923 0.01978519652038813 56.000000000000007 0.10644615069031717 504.00000000000006 0.0072488877922296533 0.016505042091012005 0.0068683663848787555 0.062928374856710448 0.039162680506706245
decision_type=2 2 2 2 2 2 2 2 2 2 2 2 2 2
left_child=3 2 -2 4 9 8 7 -6 10 12 -5 -11 13 -1
right_child=1 -3 -4 5 6 -7 -8 -9 -10 11 -12 -13 -14 -15
leaf_value=-0.0097062730419123742 0.0049237292023279226 0.00037740738627887414 0.0331410847118669 -0.018475520655559605 0.0097709054066545762 -0.035206610768042865 -0.016945782034412729 0.0017661061793144699 -0.030796667087087826 -0.010665460032058573 -0.0018298150056917564 -0.00037246851410274896 0.0076724984693730099 -0.046723215514184922
leaf_weight=663889.22748187184 5339937.8120917082 17902467.473601818 236676.84313964844 219061.95049124956 1369222.659735918 89758.209636151791 145412.61649638414 3790708.2765254974 94026.91830933094 400749.38427811861 729658.04844725132 107146652.90026188 128117.74529492855 31120.059412539005
leaf_count=525918 1072186 1932205 23923 217384 183552 47576 28589 330180 80126 240069 421609 26590919 29925 18757
internal_value=-2.91727e-05 0.00174166 0.0061213 -0.000391321 -0.000294598 -0.0100999 0.00331915 0.00389023 -0.00793878 -0.000471511 -0.00567335 -0.000410823 -0.00840081 -0.0113638
internal_weight=1.38287e+08 2.34791e+07 5.57661e+06 1.14808e+08 1.13676e+08 1.13251e+06 5.30534e+06 5.15993e+06 1.04275e+06 1.08371e+08 948720 1.07547e+08 823127 695009
internal_count=31742918 3028314 1096109 28714604 27947909 766695 542321 513732 719119 27405588 638993 26830988 574600 544675
is_linear=0
shrinkage=0.3


Tree=34
num_leaves=15
num_cat=0
split_feature=2 3 2 3 0 1 3 0 1 3 4 1 0 3
split_gain=849.103 764.876 628.274 506.609 1069.13 502.871 444.514 428.897 501.683 500.83 407.009 459.631 395.597 371.188
threshold=0.013875429984182121 216.00000000000003 0.12739551812410357 40.000000000000007 0.058174945414066322 0.026434835046529773 488.00000000000006 0.086965590715408339 0.038002600893378265 56.000000000000007 3.5000000000000004 0.05958762206137181 0.018099159002304081 24.000000000000004
decision_type=2 2 2 2 2 2 2 2 2 2 2 2 2 2
left_child=1 7 3 12 6 -4 -5 8 -1 -10 -7 -12 -2 -9
right_child=2 -3 5 4 -6 10 -8 13 9 -11 11 -13 -14 -15
leaf_value=-0.0025274672923436873 -0.0037512854502642725 -0.018468340045348738 0.022799494950639983 -0.00046035418988715532 -0.0095223562646860587 0.0017498770892416507 -0.018642160222630124 0.0081299497714222083 -0.0076431285996020077 -0.03066362654759431 0.044803466129844455 0.0093269875789390444 0.00058466338074935698 -0.017906729676050698
leaf_weight=5088102.0536832809 1936746.0480707884 289190.82752665877 156920.31136035919 41997470.609448314 1219718.5668916702 849523.31944441795 121368.70670592785 478474.53062915802 437058.82379478216 105608.08508497477 41874.493971824646 152811.78742218018 85347130.762856722 54937.533823013306
leaf_count=2822151 600293 309305 36097 12668776 190293 81530 86731 66400 115529 51838 2044 5828 14694118 11285
internal_value=-2.95397e-05 -0.00338947 0.000134944 7.21405e-05 -0.000766313 0.00696483 -0.000512746 -0.00268205 -0.00345225 -0.0121231 0.00458525 0.0169575 0.000488453 0.00544836
internal_weight=1.38277e+08 6.45337e+06 1.31824e+08 1.30622e+08 4.33386e+07 1.20113e+06 4.21188e+07 6.16418e+06 5.63077e+06 542667 1.04421e+06 194686 8.72839e+07 533412
internal_count=31742218 3376508 28365710 28240211 12945800 125499 12755507 3067203 2989518 167367 89402 7872 15294411 77685
is_linear=0
shrinkage=0.3


Tree=35
num_leaves=15
num_cat=0
split_feature=2 4 3 2 1 4 3 0 1 1 3 1 0 0
split_gain=750.003 530.299 508.381 477.127 719.5 777.135 643.648 603.186 483.37 458.643 441.097 2033.2 1034.67 508.243
threshold=0.0099538038484752196 12.500000000000002 296.00000000000006 0.069261208176612868 0.034360229969024665 1.0000000180025095e-35 392.00000000000006 0.0091541437432169932 0.0094516556710004824 0.023730434477329258 72.000000000000014 0.046197127550840385 0.0085951243527233618 0.010352968238294126
decision_type=2 2 2 2 2 2 2 2 2 2 2 2 2 2
left_child=2 3 -1 6 5 7 10 -5 -8 -7 13 -12 -13 -2
right_child=1 -3 -4 4 -6 9 8 -9 -10 -11 11 12 -14 -15
leaf_value=-0.0046655120106803335 -0.0048659067831081813 0.03181346968529139 -0.03396978088695559 0.0090788071909630192 0.00076819142132666528 0.030001463526586038 -0.0087260983603011169 -0.0026330171722208288 -0.041307580877348378 0.010905616234815172 -0.0005424510707427862 -0.033900406762655412 -0.0091051422334846709 0.00020009464581991556
leaf_weight=2331442.1413822174 1814801.0051651001 47229.627578735352 54526.81036901474 811125.79745423794 12400491.478010654 159724.38490200043 219185.81949234009 772883.0854165554 50404.943727374077 388610.40108299255 18093530.183479905 169728.16647195816 1407447.4022790194 99558025.982998252
leaf_count=1414133 683746 1438 76355 241192 1307204 25479 165379 142204 30793 49681 7084519 48132 319168 20152384
internal_value=-6.24114e-05 3.01667e-05 -0.00533521 1.91166e-05 0.00164352 0.00673392 -0.00017548 0.00336427 -0.0148178 0.016468 -0.000142869 -0.00144294 -0.0117735 0.000109402
internal_weight=1.38279e+08 1.35893e+08 2.38597e+06 1.35846e+08 1.45328e+07 2.13234e+06 1.21313e+08 1.58401e+06 269591 548335 1.21044e+08 1.96707e+07 1.57718e+06 1.01373e+08
internal_count=31741807 30251319 1490488 30249881 1765760 458556 28484121 383396 196172 75160 28287949 7451819 367300 20836130
is_linear=0
shrinkage=0.3


Tree=36
num_leaves=15
num_cat=0
split_feature=2 2 3 1 1 2 0 1 0 1 3 4 1 4
split_gain=642.713 522.065 621.478 1172.93 351.02 336.807 512.386 731.686 657.597 401.974 365.114 332.54 465.19 324.8
threshold=0.0040066896472126254 0.02431287802755833 120.00000000000001 0.031071062199771408 0.049539135769009597 0.093520212918519988 0.055756626650691039 0.04245558753609658 0.12481525912880899 0.05790876783430577 632.00000000000011 1.5000000000000002 0.02269801311194897 5.5000000000000009
decision_type=2 2 2 2 2 2 2 2 2 2 2 2 2 2
left_child=4 2 13 -4 -1 10 11 -8 -9 -10 -3 -7 -13 -2
right_child=1 5 3 -5 -6 6 7 8 9 -11 -12 12 -14 -15
leaf_value=-0.017903657192053689 -0.00081586830721821872 0.000161447224268599 -0.0038131254131686491 -0.03032641776152328 -0.084460676637489754 0.0052147248596662995 0.022249726180624086 -0.0046898483585974832 0.042260837014641797 0.0050549861142474978 -0.034788477998712507 0.072006766845552822 0.014565465600416865 0.0080616436994959163
leaf_weight=109973.19991511106 24351154.490231276 105629408.16213822 3051724.8241935372 157942.94625800848 7626.143538236618 2046840.6056674719 123451.36992406845 1622499.188158989 27286.642292976379 619080.97558307648 26908.465588331223 14372.640556335449 108315.91986703873 376653.34614944458
leaf_count=121984 8426790 20513558 2038092 77582 4865 327610 10133 126099 1340 31579 19005 1494 10605 31196
internal_value=-5.09608e-05 -3.20905e-05 -0.00119042 -0.0051178 -0.0222198 0.000261516 0.00278536 -0.000242407 -0.00146623 0.00662564 0.000152546 0.00612405 0.0212946 -0.000680646
internal_weight=1.38273e+08 1.38156e+08 2.79375e+07 3.20967e+06 117599 1.10218e+08 4.56185e+06 2.39232e+06 2.26887e+06 646368 1.05656e+08 2.16953e+06 122689 2.47278e+07
internal_count=31741932 31615083 10573660 2115674 126849 21041423 508860 169151 159018 32919 20532563 339709 12099 8457986
is_linear=0
shrinkage=0.3


Tree=37
num_leaves=15
num_cat=0
split_feature=2 1 0 2 1 0 0 1 0 3 0 0 1 3
split_gain=455.529 383.364 502.042 379.615 1001.6 1263.62 530.984 526.159 507.444 629.47 462.812 713.661 1088.06 462.134
threshold=0.0060798146296292552 0.056352889165282256 0.064446929842233672 0.053574519231915481 0.041901815682649619 0.062203045934438712 0.0085951243527233618 0.086418222635984435 0.17955625057220462 40.000000000000007 0.055756626650691039 0.13184153288602832 0.065858796238899245 280.00000000000006
decision_type=2 2 2 2 2 2 2 2 2 2 2 2 2 2
left_child=1 2 -1 7 5 -5 -6 13 9 -9 -8 -12 -13 -2
right_child=3 -3 -4 4 6 -7 10 8 -10 -11 11 12 -14 -15
leaf_value=-0.011761830554273892 -0.00033915449854100799 -0.058655730147808616 0.017503659737134296 0.0029084841309029788 -0.014256739637230703 0.019899810411256765 0.0018233696409697272 0.0085308247113533263 -0.0017561573418351591 -0.01107534228596916 -0.0018753042469350641 0.026725835202398473 0.0019800191881799451 -0.0073466126128628921
leaf_weight=396880.74982786179 102442299.78740889 13781.02212023735 60843.618143796921 7640394.8047163486 235670.803180933 415328.69430160522 8493329.0902884007 1639716.0644323826 965071.637799263 161932.26746320724 12473241.464829922 171751.59394264221 2320538.4643764496 854073.09520435333
leaf_count=368478 26221737 5535 15057 1556746 49014 44924 1201101 174891 59320 27964 1267322 10945 149211 590332
internal_value=-4.71675e-05 -0.00935598 -0.00787168 -1.53189e-05 0.000894711 0.00378451 -8.77682e-05 -0.000287739 0.00379506 0.00676862 5.45752e-05 -0.000949262 0.00368533 -0.000397093
internal_weight=1.38285e+08 471505 457724 1.37813e+08 3.17503e+07 8.05572e+06 2.36945e+07 1.06063e+08 2.76672e+06 1.80165e+06 2.34589e+07 1.49655e+07 2.49229e+06 1.03296e+08
internal_count=31742577 389070 383535 31353507 4279263 1601670 2677593 27074244 262175 202855 2628579 1427478 160156 26812069
is_linear=0
shrinkage=0.3


Tree=38
num_leaves=15
num_cat=0
split_feature=2 1 2 1 0 2 3 0 0 2 1 2 1 1
split_gain=386.312 338.82 341.105 328.268 332.907 320.896 352.307 283.709 579.19 553.565 420.221 287.728 238.887 232.356
threshold=0.0052444157190620908 0.10264328494668008 0.028676887042820457 0.055832916870713241 0.080948211252689375 0.01959990989416838 216.00000000000003 0.17955625057220462 0.15549859404563907 0.072164069861173644 0.073141258209943785 0.042150219902396209 0.077495392411947264 0.011055036913603546
decision_type=2 2 2 2 2 2 2 2 2 2 2 2 2 2
left_child=3 5 -3 4 -1 6 -2 8 -7 -9 11 -10 -11 -8
right_child=1 2 -4 -5 -6 7 13 9 10 12 -12 -13 -14 -15
leaf_value=-0.012125468275257434 -0.0010155664749219517 0.015104331797756415 0.0025788851632144501 -0.068015237571984508 0.028163333101348335 0.00012278125905946526 -0.0045486651212452043 -0.008149709106823862 0.0078789725071454295 0.028398592369936467 0.0037530420544516058 0.027675428497791251 0.0036702569352379901 -0.017629801179862715
leaf_weight=255715.51753279567 15430932.140724957 227205.12950563431 1410245.3802175522 8819.1314214468002 19894.554578661919 118060711.30942047 394605.08968937397 875807.04656887054 137892.70449066162 42339.307053565979 890927.24443387985 126873.87855148315 207340.7198009491 177038.79213064909
leaf_count=249482 6336346 18390 98831 4490 4172 24379202 354879 52101 12244 1611 70681 8419 9108 143402
internal_value=4.36897e-06 2.71361e-05 0.00431686 -0.0110404 -0.00921727 -2.4382e-05 -0.00128649 0.000143449 0.000188205 -0.0045973 0.00687157 0.0173653 0.00786355 -0.00859991
internal_weight=1.38266e+08 1.37982e+08 1.63745e+06 284429 275610 1.36344e+08 1.60026e+07 1.20342e+08 1.19216e+08 1.12549e+06 1.15569e+06 264767 249680 571644
internal_count=31743358 31485214 117221 258144 253654 31367993 6834627 24533366 24470546 62820 91344 20663 10719 498281
is_linear=0
shrinkage=0.3


Tree=39
num_leaves=15
num_cat=0
split_feature=4 3 0 1 0 2 0 1 0 1 1 1 2 0
split_gain=423.555 325.443 725.289 594.168 2495.43 960.593 559.575 560.746 542.399 1949.61 1000.8 815.79 664.101 584.312
threshold=12.500000000000002 24.000000000000004 0.10644615069031717 0.031071062199771408 0.062203045934438712 0.06111115217208863 0.04928973317146302 0.020478365942835811 0.09080164879560472 0.041901815682649619 0.062797244638204588 0.055832916870713241 0.039366219192743308 0.13184153288602832
decision_type=2 2 2 2 2 2 2 2 2 2 2 2 2 2
left_child=1 3 -3 4 5 6 -1 -8 10 -10 -5 13 -12 -11
right_child=-2 2 -4 8 -6 -7 7 -9 9 11 12 -13 -14 -15
leaf_value=-5.3147515146290884e-05 0.028048897057556792 -0.00035260169837768134 -0.0091280537139007099 -0.0012886716784536859 0.021544156800654579 0.013613611053252697 0.028937287673367774 0.0049027820517757448 0.020938970610445262 0.0046685356873468814 0.010149931785948921 8.0773491742618773e-05 0.0015654655856820032 0.021007029251714295
leaf_weight=9173838.1951582432 48391.609836578369 72571243.126571149 857663.29561042786 30680576.972432733 582960.04615354538 550567.92737293243 94571.568558812141 1146515.8892667294 449966.73136425018 1980841.0918645859 973456.03089869022 14071349.487370491 4861558.140516758 218754.12848138809
leaf_count=2605929 1434 20928231 98884 5260389 118336 84241 27202 267866 62913 255811 151258 1307949 550394 20258
internal_value=-1.28745e-05 -2.26995e-05 -0.000455101 0.000467395 0.00241805 0.00140125 0.000755665 0.00673423 4.42433e-05 0.00145934 -0.000603744 0.000920635 0.00299761 0.00629343
internal_weight=1.38262e+08 1.38214e+08 7.34289e+07 6.4785e+07 1.15485e+07 1.09655e+07 1.04149e+07 1.24109e+06 5.32365e+07 1.67209e+07 3.65156e+07 1.62709e+07 5.83501e+06 2.1996e+06
internal_count=31741095 31739661 21027115 10712546 3103574 2985238 2900997 295068 7608972 1646931 5962041 1584018 701652 276069
is_linear=0
shrinkage=0.3


Tree=40
num_leaves=15
num_cat=0
split_feature=2 4 3 3 2 1 3 0 3 0 4 1 3 0
split_gain=418.071 348.864 329.766 244.627 227.018 432.57 1221.21 517.853 635.701 348.945 320.424 395.803 310.35 230.813
threshold=0.010564294178038837 10.500000000000002 232.00000000000003 536.00000000000011 0.031999366357922561 0.050300261005759246 88.000000000000014 0.058780187740921981 40.000000000000007 0.035099197179079063 3.5000000000000004 0.10264328494668008 24.000000000000004 0.12481525912880899
decision_type=2 2 2 2 2 2 2 2 2 2 2 2 2 2
left_child=2 3 -1 4 5 13 7 9 10 -7 12 -12 -9 -2
right_child=1 -3 -4 -5 -6 6 -8 8 -10 -11 11 -13 -14 -15
leaf_value=-0.0029641495147880062 -0.0008730444516688692 0.014254996826882849 -0.019291814913841344 -0.015804553032696126 0.00033176695758216384 -0.001836671272126496 -0.027994504335057298 0.0043707720673214811 -0.013711714608322462 0.010256009652324942 -0.0042236389320532046 0.012385789077094672 -0.0020369352524181776 0.015140832205415004
leaf_weight=2727721.1660453677 41847487.701425612 155312.80226707458 116063.86283886433 87766.832170248032 86239074.621720672 273003.22733175755 122451.37147808075 3185574.7307124138 252823.59871983528 1006660.1050863266 1168898.2248330116 145161.12812328339 865003.83013534546 81161.895518779755
leaf_count=1581733 13923764 5288 155414 65695 14859774 73078 41988 469075 51849 230370 113935 9160 152988 8763
internal_value=-3.06745e-05 4.49158e-05 -0.00363053 2.86009e-05 3.88801e-05 -0.00047714 0.00170248 0.00222972 0.000989014 0.00767616 0.00168183 -0.00238883 0.0030024 -0.000842046
internal_weight=1.38274e+08 1.3543e+08 2.84379e+06 1.35275e+08 1.35187e+08 4.89482e+07 7.01958e+06 6.89712e+06 5.61746e+06 1.27966e+06 5.36464e+06 1.31406e+06 4.05058e+06 4.19286e+07
internal_count=31742874 30005727 1737147 30000439 29934744 15074970 1142443 1100455 797007 303448 745158 123095 622063 13932527
is_linear=0
shrinkage=0.3


Tree=41
num_leaves=15
num_cat=0
split_feature=2 1 2 0 4 1 3 1 3 2 1 1 0 3
split_gain=287.111 272.992 270.202 383.371 340.78 308.536 308.168 2825.14 695.26 577.872 347.424 341.803 864.334 303.493
threshold=0.0052444157190620908 0.060180164873600013 0.093520212918519988 0.037448382005095489 5.5000000000000009 0.028664071112871174 104.00000000000001 0.034360229969024665 168.00000000000003 0.03958698362112046 0.056877885013818748 0.016939658671617511 0.036587456241250045 344.00000000000006
decision_type=2 2 2 2 2 2 2 2 2 2 2 2 2 2
left_child=1 -1 6 -4 5 -5 11 9 10 13 -9 12 -2 -8
right_child=2 -3 3 4 -6 -7 7 8 -10 -11 -12 -13 -14 -15
leaf_value=-0.0081520992730476291 -0.0027046118631143487 -0.070687588906718266 0.0062287280643889796 0.022191666229920439 0.011505869499853995 -0.00094305555696267654 -0.00063472412141747864 -0.0087987396952261595 -0.028666998816663208 0.0041060518607866931 -0.022636980941365729 0.00020440457402986695 0.018364304667212186 -0.0099617344571570066
leaf_weight=273879.0203268826 5986558.6783654094 6430.1040551066399 1497051.1206753254 52860.576985359192 229286.29866313934 2803745.127155304 7193407.4661321044 1141164.1687745452 229205.57469588518 2655349.7312899828 190547.44989955425 115486155.62813503 180527.18292689323 328314.03395879269
leaf_count=254442 2617277 3398 266436 5201 8671 228202 3672282 308501 79110 877753 44866 23051805 58546 266184
internal_value=4.89094e-06 -0.00958662 2.43771e-05 0.00228932 0.00037821 -0.000514955 -5.344e-05 -0.00152141 -0.0134055 0.000301324 -0.0107788 8.82002e-05 -0.00208787 -0.00104184
internal_weight=1.38254e+08 280309 1.37974e+08 4.58294e+06 3.08589e+06 2.85661e+06 1.33391e+08 1.1738e+07 1.56092e+06 1.01771e+07 1.33171e+06 1.21653e+08 6.16709e+06 7.52172e+06
internal_count=31742674 257840 31484834 508510 242074 233403 30976324 5248696 432477 4816219 353367 25727628 2675823 3938466
is_linear=0
shrinkage=0.3


Tree=42
num_leaves=15
num_cat=0
split_feature=2 4 1 3 1 1 2 1 0 3 2 1 3 0
split_gain=254.817 244.555 334.038 205.566 646.994 359.706 284.492 201.749 229.66 198.778 170.999 264.069 862.964 449.094
threshold=0.0040066896472126254 7.5000000000000009 0.055362449958920486 360.00000000000006 0.011055036913603546 0.0057387442793697127 0.036532735452055938 0.046842806041240699 0.0033832680201157932 200.00000000000003 0.028834117576479915 0.050662524998188026 56.000000000000007 0.073600642383098616
decision_type=2 2 2 2 2 2 2 2 2 2 2 2 2 2
left_child=7 3 -3 5 6 9 -5 8 -1 -2 11 -7 13 -13
right_child=1 2 -4 4 -6 10 -8 -9 -10 -11 -12 12 -14 -15
leaf_value=-0.035605467955448791 -0.020955853002791954 0.032964085693301233 0.0039900426080726201 -0.0076560710169078245 -0.029413716424659793 -0.00073403731495595324 0.0093069280037793283 -0.063311261402546809 -0.0028877037227866983 -0.0048772891594500026 0.00028043529024095578 0.0074924555700754507 -0.013436065368990717 0.0008372107940597212
leaf_weight=25681.369733184576 102103.78652608395 37703.705510139465 713505.3607378006 220861.20796108246 88217.084495007992 35960010.283278942 149023.40501618385 7091.633110076189 77817.539803415537 214751.31592720747 95778948.710100532 1258968.8708250523 320430.51491367817 3316278.673337698
leaf_count=51222 59088 2680 34000 193581 50000 13065664 85933 5739 69731 143803 17161504 272663 100381 446864
internal_value=3.45952e-05 4.61174e-05 0.00544427 1.6606e-05 -0.00632779 3.7828e-05 -0.000821821 -0.0143601 -0.011006 -0.0100585 6.12412e-05 -0.000452621 0.00161446 0.00266853
internal_weight=1.38271e+08 1.38161e+08 751209 1.3741e+08 458102 1.36951e+08 369885 110591 103499 316855 1.36635e+08 4.08557e+07 4.89568e+06 4.57525e+06
internal_count=31742853 31616161 36680 31579481 329514 31249967 279514 126692 120953 202891 31047076 13885572 819908 719527
is_linear=0
shrinkage=0.3


Tree=43
num_leaves=15
num_cat=0
split_feature=3 1 2 3 2 3 1 1 0 2 0 1 3 1
split_gain=231.163 352.455 319.321 220.427 182.923 205.667 484.712 166.43 307.392 457.078 391.789 251.899 221.59 192.084
threshold=456.00000000000006 0.0094516556710004824 0.08555112406611444 648.00000000000011 0.010269043967127802 24.000000000000004 0.034360229969024665 0.10264328494668008 0.17955625057220462 0.065782368183136 0.15549859404563907 0.058469876646995551 40.000000000000007 0.086418222635984435
decision_type=2 2 2 2 2 2 2 2 2 2 2 2 2 2
left_child=4 2 3 -2 5 -1 -7 8 10 -10 13 -12 -9 -6
right_child=1 -3 -4 -5 7 6 -8 12 9 -11 11 -13 -14 -15
leaf_value=0.0010540263659878867 -0.0041776595713589994 -0.043133930003427252 0.031007683215971624 -0.033341180726043064 -3.3064406099987223e-05 -0.0027484932089628061 -0.0195815895984114 0.0037146147735643812 -0.0079615385344133909 0.0054768865390612455 0.025204977057808158 0.0044374840189848877 -0.015529793004377311 0.0024535073648711153
leaf_weight=937904.81082260609 111873.8361171186 25759.232972741127 19165.114289402962 29469.60159856081 128495989.85837305 1464875.5470231175 172037.34110555053 1590058.7638053894 933796.29465675354 301286.84677791595 54973.985409259796 1199827.3261032104 55737.236630916595 2858153.4483524561
leaf_count=323655 96144 16581 9983 26798 29417033 1193706 78114 109289 57260 13357 4031 96260 7601 290712
internal_value=2.5828e-06 -0.0105587 -0.00533091 -0.0102581 1.68314e-05 -0.00248809 -0.00451763 6.44345e-05 2.75645e-05 -0.00468336 7.14408e-05 0.00534733 0.00306288 2.10413e-05
internal_weight=1.38251e+08 186268 160509 141343 1.38065e+08 2.57482e+06 1.63691e+06 1.3549e+08 1.33844e+08 1.23508e+06 1.32609e+08 1.2548e+06 1.6458e+06 1.31354e+08
internal_count=31740524 149506 132925 122942 31591018 1595475 1271820 29995543 29878653 70617 29808036 100291 116890 29707745
is_linear=0
shrinkage=0.3


Tree=44
num_leaves=15
num_cat=0
split_feature=3 4 2 1 3 0 3 0 1 1 0 0 0 1
split_gain=213.818 211.261 145.006 276.285 965.065 482.507 530.169 366.963 571.73 391.154 1367.2 543.873 610.455 403.398
threshold=632.00000000000011 13.500000000000002 0.03540411219000817 0.049175692722201354 88.000000000000014 0.058780187740921981 40.000000000000007 0.097552165389060988 0.037299700081348426 0.038002600893378265 0.065219912678003325 0.0092904279008507746 0.054655969142913825 0.026434835046529773
decision_type=2 2 2 2 2 2 2 2 2 2 2 2 2 2
left_child=1 2 3 7 5 -5 -7 9 -9 10 -1 -11 -13 -12
right_child=-2 -3 -4 4 -6 6 -8 8 -10 11 13 12 -14 -15
leaf_value=-0.00061458270588146831 -0.021067738829513821 0.027127240167407186 0.00026461599615030694 0.0053606620644842265 -0.020715816984564525 0.00086241904694928518 -0.011322328127334857 0.033858731741241758 0.0035820263482326245 -0.021681955331118854 0.028899768471935407 -0.00014088214702170861 -0.0049329676955489369 0.0080290992205829421
leaf_weight=40503216.853597492 43414.066131681204 25812.191434860229 75405434.079012036 2208253.0411045551 180229.53928485513 7819206.2107181549 335159.50881874561 63025.912453889847 513234.94268989563 130059.91949898005 89963.55658698082 5694923.6196684837 4125707.9681992531 1133721.5442214012
leaf_count=14989503 36240 692 12403352 502056 64156 1085205 68956 9774 71159 53860 19904 1408733 794324 235169
internal_value=-1.73567e-05 -1.07453e-05 -1.58139e-05 -0.00035255 0.00104836 0.00142689 0.000361603 -0.000635202 0.0068934 -0.000719154 -0.0003161 -0.0024093 -0.00215407 0.00956348
internal_weight=1.38271e+08 1.38228e+08 1.38202e+08 6.27967e+07 1.05428e+07 1.03626e+07 8.15437e+06 5.22539e+07 576261 5.16776e+07 4.17269e+07 9.95069e+06 9.82063e+06 1.22369e+06
internal_count=31743083 31706843 31706151 19302799 1720373 1656217 1154161 17582426 80933 17501493 15244576 2256917 2203057 255073
is_linear=0
shrinkage=0.3


Tree=45
num_leaves=15
num_cat=0
split_feature=2 4 1 1 0 2 2 2 3 1 0 3 1 0
split_gain=183.678 176.993 273.808 168.693 201.039 139.954 180.987 134.752 179.184 542.314 341.194 660.14 429.593 249.325
threshold=0.0040066896472126254 7.5000000000000009 0.062797244638204588 0.038239059969782836 0.031518220901489265 0.021121541038155559 0.079792618751525893 0.018552388064563278 120.00000000000001 0.023563585244119171 0.018326379358768467 56.000000000000007 0.011523640714585783 0.054052628576755531
decision_type=2 2 2 2 2 2 2 2 2 2 2 2 2 2
left_child=3 7 -3 4 -1 -4 -7 8 10 -10 12 -12 -2 -13
right_child=1 2 5 -5 -6 6 -8 -9 9 -11 11 13 -14 -15
leaf_value=-0.01784660979799468 -0.0050641756421872719 0.02026845125855662 0.014897728974072377 -0.045911060057398444 0.011110853837495573 -0.001770057201050366 0.010921466444375286 0.00012919243186126285 -0.0019044234846278122 -0.019168943250914998 -0.0007215531705857687 -0.0098771604632289997 0.0037167362929603413 -0.042940978240529379
leaf_weight=64296.999299705029 612608.10815656185 88980.384676933289 73446.977165222168 11948.824542015791 32476.203891456127 461332.5197353363 129516.45487594604 123475958.06714839 1636940.1576254368 181952.93067878485 8139950.9714801311 575853.36984980106 2763297.9821856618 21284.559253811836
leaf_count=100374 415784 5658 4088 10064 16359 22636 4109 25359103 1289326 113865 2583661 248756 1563200 6251
internal_value=4.48412e-05 5.45407e-05 0.00464054 -0.0122811 -0.00812875 0.00254723 0.00101198 2.94001e-05 -0.000855043 -0.00363148 -0.000438132 -0.00142784 0.00212331 -0.0110557
internal_weight=1.3827e+08 1.38161e+08 753276 108722 96773.2 664296 590849 1.37408e+08 1.39319e+07 1.81889e+06 1.2113e+07 8.73709e+06 3.37591e+06 597138
internal_count=31743234 31616437 36491 126797 116733 30833 26745 31579946 6220843 1403191 4817652 2838668 1978984 255007
is_linear=0
shrinkage=0.3


Tree=46
num_leaves=15
num_cat=0
split_feature=2 0 1 0 1 3 1 3 2 4 1 0 0 4
split_gain=164.738 354.321 543.591 480.496 281.47 231.993 208.968 280.109 227.835 196.543 261.383 211.512 184.166 165.859
threshold=0.08555112406611444 0.055756626650691039 0.043836034834384925 0.13184153288602832 0.075969249010086073 632.00000000000011 0.051448395475745208 168.00000000000003 0.12739551812410357 1.5000000000000002 0.022199780680239204 0.031518220901489265 0.092801488935947432 1.0000000180025095e-35
decision_type=2 2 2 2 2 2 2 2 2 2 2 2 2 2
left_child=5 6 12 -4 -5 -1 7 9 -9 11 -11 13 -3 -2
right_child=1 2 3 4 -6 -7 -8 8 -10 10 -12 -13 -14 -15
leaf_value=-5.0019444509199492e-05 0.00064394414233516083 0.011002744694959312 -0.0035395974266340486 0.016073713027905258 0.0020465350027344936 -0.025551547841204544 0.007208150894860205 0.0061679022941855408 0.027742399474833285 0.04582290070828831 0.006744916071926144 -0.0052168733701871755 0.037648019559327624 0.010320108314362636
leaf_weight=131600577.91803604 1059892.3441288471 171664.49354600906 2514745.4274625778 163547.49322032928 605039.15666294098 32113.6784709692 1060936.9333016872 157514.82358145714 61158.458816051483 17823.033304214478 113536.10558700562 497414.70390748978 27020.696754455566 187660.43328714371
leaf_count=30962872 191860 14848 202934 8040 31041 30847 128011 53388 20083 1772 11341 59026 1619 25778
internal_value=1.72931e-05 0.00147549 -0.000611163 -0.00153324 0.00503138 -5.62409e-05 0.00377775 0.00204055 0.0122018 0.000856318 0.0120471 1.38902e-05 0.0146264 0.00209946
internal_weight=1.38271e+08 6.63795e+06 3.48202e+06 3.28333e+06 768587 1.31633e+08 3.15594e+06 2.095e+06 218673 1.87633e+06 131359 1.74497e+06 198685 1.24755e+06
internal_count=31743460 749741 258482 242015 39081 30993719 491259 363248 73471 289777 13113 276664 16467 217638
is_linear=0
shrinkage=0.3


Tree=47
num_leaves=15
num_cat=0
split_feature=1 3 0 2 0 0 2 0 1 1 1 3 2 2
split_gain=157.37 207.062 230.879 154.229 117.595 312.29 226.912 206.737 1628.9 712.553 651.765 873.473 608.091 434.18
threshold=0.094548739492893233 56.000000000000007 0.10644615069031717 0.015341519843786957 0.17955625057220462 0.15549859404563907 0.063721299171447768 0.10644615069031717 0.054880432784557349 0.041901815682649619 0.069638963788747801 72.000000000000014 0.032987471669912345 0.050459910184144981
decision_type=2 2 2 2 2 2 2 2 2 2 2 2 2 2
left_child=4 2 -2 -4 5 7 -6 10 9 -9 -1 13 -11 -12
right_child=1 -3 3 -5 6 -7 -8 8 -10 12 11 -13 -14 -15
leaf_value=-0.00014148920045156928 0.0094111247036691541 -0.01795673930633427 0.019227899500679546 0.0011605474064777014 -0.0062832207361432921 0.005115711434899051 0.0048025890663570834 0.030280971676838856 -0.003248489852788691 -0.0006394717821741338 0.0062855974374829678 -0.014809024344351423 0.01530869350943713 0.0015618293157063326
leaf_weight=117604990.85396767 372031.20011389256 45634.654211759567 43204.810893654823 2693297.5904188156 659921.75768733025 1058709.3314292431 222101.7307138443 131844.54533815384 6709082.8767147064 473340.54774284363 2722878.1631590724 248981.55206406116 394514.9110045433 4907276.1902599335
leaf_count=29612755 41501 7616 3525 192477 40965 84329 9633 15758 659459 60299 402475 49315 37528 525008
internal_value=9.84575e-06 0.00210459 0.0023991 0.0014458 -3.90478e-05 -1.63641e-05 -0.00349171 -5.71573e-05 -0.00156512 0.00973212 3.54805e-05 0.00267695 0.00661034 0.00324754
internal_weight=1.38288e+08 3.15417e+06 3.10853e+06 2.7365e+06 1.35134e+08 1.34252e+08 882023 1.33193e+08 7.70878e+06 999700 1.25484e+08 7.87914e+06 867855 7.63015e+06
internal_count=31742643 245119 237503 196002 31497524 31446926 50598 31362597 773044 113585 30589553 976798 97827 927483
is_linear=0
shrinkage=0.3


Tree=48
num_leaves=15
num_cat=0
split_feature=4 3 0 3 0 1 2 0 3 0 2 1 4 3
split_gain=183.468 170.293 122.605 393.77 340.955 203.073 405.694 410.79 319.851 222.329 171.811 160.32 180.761 164.059
threshold=11.500000000000002 632.00000000000011 0.17955625057220462 24.000000000000004 0.15549859404563907 0.086418222635984435 0.06278019025921823 0.10644615069031717 40.000000000000007 0.14118426293134692 0.043206309899687774 0.069638963788747801 4.5000000000000009 24.000000000000004
decision_type=2 2 2 2 2 2 2 2 2 2 2 2 2 2
left_child=1 2 4 -4 5 -1 8 -8 9 10 -7 -6 13 -13
right_child=-2 -3 3 -5 11 6 7 -9 -10 -11 -12 12 -14 -15
leaf_value=-8.7662636309692927e-05 0.013238239712333228 -0.019236936596594971 -0.0016977501639156413 -0.030574605970588989 0.011463863542641188 0.01214417500706119 0.0043512370870121544 -0.0058098045156527557 -0.0062285099139852869 -0.00018689033100185488 0.0053202413906248552 0.0071296816646095398 -0.0015260713301947927 -0.0085792031136763171
leaf_weight=131161131.73583493 94020.342700004578 41483.395772993565 2029985.6244053841 43408.422674417496 247811.23861670494 575826.92816436291 622638.58872652054 842765.59977340698 199666.42913272977 358720.78851461411 784423.00163412094 740577.16145086288 473348.43893766403 65093.554957866669
leaf_count=31122681 2828 36122 115984 3681 19280 70291 59745 62585 33802 32399 81576 60547 34055 6851
internal_value=-9.51833e-06 -1.85319e-05 -1.27609e-05 -0.00230231 2.21262e-05 -2.84617e-05 0.00226609 -0.00149246 0.00513677 0.0064569 0.00820898 0.00447996 0.00312682 0.00586049
internal_weight=1.38281e+08 1.38187e+08 1.38145e+08 2.07339e+06 1.36072e+08 1.34545e+08 3.38404e+06 1.4654e+06 1.91864e+06 1.71897e+06 1.36025e+06 1.52683e+06 1.27902e+06 805671
internal_count=31742427 31739599 31703477 119665 31583812 31463079 340398 122330 218068 184266 151867 120733 101453 67398
is_linear=0
shrinkage=0.3


Tree=49
num_leaves=15
num_cat=0
split_feature=4 1 2 1 0 0 1 0 3 0 0 1 1 3
split_gain=150.406 187.467 155.184 132.578 233.623 148.104 183.207 131.945 291.839 244.465 170.029 1088.79 584.885 749.614
threshold=7.5000000000000009 0.047158179804682739 0.0099538038484752196 0.063491035252809538 0.11405567079782487 0.076965160667896285 0.037536902353167541 0.17955625057220462 24.000000000000004 0.15549859404563907 0.10644615069031717 0.041642259806394584 0.070746824145317092 56.000000000000007
decision_type=2 2 2 2 2 2 2 2 2 2 2 2 2 2
left_child=2 -2 3 5 -5 6 -1 9 -9 10 12 -12 -4 -14
right_child=1 -3 7 4 -6 -7 -8 8 -10 -11 11 -13 13 -15
leaf_value=-0.002165407804116024 0.043320681625775473 0.0036369702778985464 -5.7273953907716399e-05 -0.043821055767543693 -0.00062711991609583503 0.0056530121860454748 -0.014101927905090647 -0.0020412952319259574 -0.027100693771699644 0.0039730216914953933 0.02861885251964582 -0.0016556070061743021 0.0035007860238545504 -0.0081551515392696994
leaf_weight=1950046.607250154 10867.605358600616 756849.88729190826 116157775.11093271 19057.665849894285 27577.635132789612 201118.02954947948 123026.24255180359 1473964.9339389801 43047.421112537384 1422564.0603504181 108282.10377788544 8461353.0773200989 6987407.6243190765 534565.8645414114
leaf_count=1386646 796 36184 28246127 6652 3133 37718 53271 89574 3742 113213 12020 834623 824063 94740
internal_value=1.13266e-05 0.00419872 -1.20516e-05 -0.00244441 -0.0182785 -0.00211971 -0.00287378 2.97054e-05 -0.00275239 6.12788e-05 1.92014e-05 -0.00127307 0.000108742 0.00267243
internal_weight=1.38278e+08 767717 1.3751e+08 2.32083e+06 46635.3 2.27419e+06 2.07307e+06 1.35189e+08 1.51701e+06 1.33672e+08 1.32249e+08 8.56964e+06 1.2368e+08 7.52197e+06
internal_count=31742502 36980 31705522 1487420 9785 1477635 1439917 30218102 93316 30124786 30011573 846643 29164930 918803
is_linear=0
shrinkage=0.3


Tree=50
num_leaves=15
num_cat=0
split_feature=2 1 4 1 1 0 2 1 0 1 4 0 1 2
split_gain=135.678 141.927 128.849 121.267 85.8474 128.925 152.938 185.735 138.426 127.021 131.585 107.645 1047.73 504.525
threshold=0.0040066896472126254 0.038002600893378265 13.500000000000002 0.014708862639963629 0.10264328494668008 0.17955625057220462 0.05958202667534352 0.075969249010086073 0.15549859404563907 0.062117645516991622 4.5000000000000009 0.10644615069031717 0.055832916870713241 0.038718091323971755
decision_type=2 2 2 2 2 2 2 2 2 2 2 2 2 2
left_child=1 3 4 -1 5 8 -7 -8 11 -10 -11 -2 13 -13
right_child=2 -3 -4 -5 -6 6 7 -9 9 10 -12 12 -14 -15
leaf_value=-0.020987670183895045 3.2136829940899139e-05 -0.042594477395821291 0.020605023802102933 0.0011892960266612059 0.0021441238268576374 -0.0052469896168570529 0.019003982277524017 -0.00062855952341490278 0.012860923670541046 0.0050293397692994001 -0.0013267463467432135 0.0028039608638756723 -0.0024156976478071951 0.016207101515680875
leaf_weight=35063.464969485998 125675006.64529064 11237.896991401911 27294.98314666748 60447.553123146296 1646723.5900130272 871945.44912290573 50150.740496635437 320728.35836982727 109406.70606565475 653322.58706235886 531704.12557935715 724682.59708333015 7161543.1374311447 388142.9639544487
leaf_count=56777 30498015 10058 701 59541 117252 54995 1981 15006 8050 54938 38700 91065 700241 33591
internal_value=-1.31945e-05 -0.0107044 -4.934e-06 -0.00695219 -9.00651e-06 -3.49842e-05 -0.00307656 0.00202618 -7.03364e-06 0.00308043 0.00217746 -3.68697e-05 -0.00108497 0.00747885
internal_weight=1.38267e+08 106749 1.38161e+08 95511 1.38133e+08 1.36487e+08 1.24282e+06 370879 1.35244e+08 1.29443e+06 1.18503e+06 1.33949e+08 8.27437e+06 1.11283e+06
internal_count=31740911 126376 31614535 116318 31613834 31496582 71982 16987 31424600 101688 93638 31322912 824897 124656
is_linear=0
shrinkage=0.3


Tree=51
num_leaves=15
num_cat=0
split_feature=2 1 3 1 0 0 0 3 0 3 1 1 0 2
split_gain=111.808 117.535 138.012 89.5573 2919.56 1867.25 931.443 748.468 714.157 678.82 554.298 540.532 1038.11 484.515
threshold=0.0040066896472126254 0.0312495231628418 152.00000000000003 0.038002600893378265 0.062203045934438712 0.0091541437432169932 0.054655969142913825 40.000000000000007 0.079593688249588027 104.00000000000001 0.023897213861346248 0.046197127550840385 0.036587456241250045 0.051725169643759734
decision_type=2 2 2 2 2 2 2 2 2 2 2 2 2 2
left_child=1 2 -1 4 13 -5 9 -8 10 11 -6 12 -7 -2
right_child=3 -3 -4 5 8 6 7 -9 -10 -11 -12 -13 -14 -15
leaf_value=0.0013328521527545204 -0.0004593190629582015 -0.031365078474987478 -0.026946240159130119 -0.014743016662139605 0.036703483796840256 0.0026695513838863772 -0.00072667574506655357 -0.0074167012872946008 0.02014146644577423 -0.008759873849719017 0.0067723194724321626 0.002661420116921736 -0.0026616567118367307 0.0021987221940323758
leaf_weight=67670.848979532719 54932857.435060501 18676.901838779449 20159.084707349539 792022.35556972027 57578.378216266632 6644830.0461580157 42731905.907469749 1560029.188988924 550853.36414837837 599785.11455905437 1693476.9710006714 15137217.369854629 6505728.2745535374 6953236.8118659258
leaf_count=66434 18417694 16468 44393 212844 12418 1422211 5381123 254582 88679 151473 332966 2605270 1244626 1488494
internal_value=-3.72424e-05 -0.00975354 -0.00515788 -2.97521e-05 0.000229538 -0.000254749 -9.79422e-05 -0.000962309 0.0107203 0.00122735 0.00775652 0.00143911 3.21431e-05 -0.000160674
internal_weight=1.38266e+08 106507 87829.9 1.3816e+08 6.4188e+07 7.39715e+07 7.31795e+07 4.42919e+07 2.30191e+06 2.88876e+07 1.75106e+06 2.82878e+07 1.31506e+07 6.18861e+07
internal_count=31739675 127295 110827 31612380 20340251 11272129 11059285 5635705 434063 5423580 345384 5272107 2666837 19906188
is_linear=0
shrinkage=0.3


Tree=52
num_leaves=15
num_cat=0
split_feature=4 2 3 0 3 1 1 1 3 0 4 1 2 0
split_gain=135.586 112.212 145.605 153.319 379.265 246.337 241.443 199.903 235.581 126.075 246.001 171.932 399.742 357.83
threshold=10.500000000000002 0.013417365960776808 248.00000000000003 0.019891204312443737 40.000000000000007 0.053532650694251067 0.033796573057770736 0.014106582850217821 120.00000000000001 0.17955625057220462 1.5000000000000002 0.081246931105852141 0.06278019025921823 0.10644615069031717
decision_type=2 2 2 2 2 2 2 2 2 2 2 2 2 2
left_child=1 2 3 6 -5 -6 7 -1 -9 11 -11 -3 -13 -14
right_child=-2 9 -4 4 5 -7 -8 8 -10 10 -12 12 13 -15
leaf_value=-0.0015367660504848424 0.0086605570857908841 2.89527069341523e-05 -0.0099323793291074061 -0.00087233514188187324 -0.0076844090898235407 -0.032021180805414641 -0.018126482402475736 0.0063521920321878258 -0.0043357218833333568 -0.016529043083361873 -0.0015264151196197598 0.0036019199463991113 0.0026785227602158295 -0.0043579221263023993
leaf_weight=1085123.9483003914 163456.79785919189 124003684.8772198 169926.3106880486 2747820.0738542676 519949.64534461498 40336.230027019978 58640.827406108379 903211.24337697029 233616.0848531127 103952.87903690338 1830166.888669014 3773828.7685497999 1175477.5092961788 1456276.4124441147
leaf_count=888174 5388 27863876 208971 917719 252876 15062 40341 599144 202231 7953 104793 417109 113888 105314
internal_value=2.53953e-05 1.51748e-05 -0.0012812 -0.00101816 -0.00232282 -0.00943647 0.000874309 0.00137577 0.00415584 7.15838e-05 -0.00233276 0.000107243 0.00162284 -0.00121508
internal_weight=1.38265e+08 1.38102e+08 5.75862e+06 5.5887e+06 3.30811e+06 560286 2.28059e+06 2.22195e+06 1.13683e+06 1.32343e+08 1.93412e+06 1.30409e+08 6.40558e+06 2.63175e+06
internal_count=31742839 31737451 3124518 2915547 1185657 267938 1729890 1689549 801375 28612933 112746 28500187 636311 219202
is_linear=0
shrinkage=0.3


Tree=53
num_leaves=15
num_cat=0
split_feature=4 3 1 0 3 3 2 2 4 0 1 2 1 0
split_gain=136.687 99.8909 78.4999 315.216 316.973 254.58 214.327 191.878 157.898 138.141 431.419 403.459 191.119 167.483
threshold=13.500000000000002 680.00000000000011 0.081246931105852141 0.10644615069031717 56.000000000000007 40.000000000000007 0.017650269903242592 0.050459910184144981 1.5000000000000002 0.13184153288602832 0.052687620744109161 0.046763097867369659 0.069638963788747801 0.10644615069031717
decision_type=2 2 2 2 2 2 2 2 2 2 2 2 2 2
left_child=1 2 9 4 7 6 -5 8 -4 13 -11 -12 -13 -1
right_child=-2 -3 3 5 -6 -7 -8 -9 -10 10 11 12 -14 -15
leaf_value=-1.8637480408831319e-05 0.021149991134076975 -0.017649694321724588 0.0062402289411055785 0.011115934699110675 -0.0081622429447889694 -0.020399033316350443 -0.00042551995146586586 0.0027978863424764871 0.016604574538881919 0.018227370096251291 -0.0020455897260546548 0.011909653114666057 0.0028773266452051683 -0.0019445848909400972
leaf_weight=123363457.33791688 27542.594869613647 28808.483804523945 573925.39010220766 148739.29077148438 187469.44334992766 56275.42145717144 5481884.9513559341 1591430.2296872139 171920.95441818237 142249.8729557991 1380014.2783014774 325096.31420230865 599887.71461772919 4202138.14625144
leaf_count=30318830 683 24955 82453 13029 33080 7349 426453 159018 20785 12410 128848 21822 42253 451452
internal_value=1.80976e-05 1.38877e-05 1.75692e-05 0.000917152 0.00370674 -0.000321307 -0.000120639 0.00465873 0.00862926 -3.92488e-05 0.00219338 0.00120387 0.00605184 -8.20801e-05
internal_weight=1.38281e+08 1.38253e+08 1.38224e+08 8.21165e+06 2.52475e+06 5.6869e+06 5.63062e+06 2.33728e+06 745846 1.30013e+08 2.44725e+06 2.305e+06 924984 1.27566e+08
internal_count=31743420 31742737 31717782 742167 295336 446831 439482 262256 103238 30975615 205333 192923 64075 30770282
is_linear=0
shrinkage=0.3


Tree=54
num_leaves=15
num_cat=0
split_feature=2 1 4 0 1 3 3 0 1 4 0 1 4 0
split_gain=81.6787 693.86 977.502 238.188 421.959 344.534 317.317 264.347 394.668 370.487 249.169 227.986 193.687 178.037
threshold=0.053574519231915481 0.041901815682649619 2.5000000000000004 0.055756626650691039 0.052687620744109161 72.000000000000014 40.000000000000007 0.12481525912880899 0.068649362772703185 4.5000000000000009 0.035835200920701034 0.023730434477329258 3.5000000000000004 0.070609569549560561
decision_type=2 2 2 2 2 2 2 2 2 2 2 2 2 2
left_child=-1 2 13 4 -3 -6 7 -5 -9 -10 -7 -4 -13 -2
right_child=1 3 11 6 5 10 -8 8 9 -11 -12 12 -14 -15
leaf_value=-0.00010896228795852891 0.002033868409779161 -0.0013597146568434468 0.053505923831830136 -0.0015029979007947253 0.0037889397923571823 -0.0017716911347548385 -0.0084062701980723142 0.01107027197377655 0.0032450940910088992 -0.0040289977420744959 -0.021176491523928916 0.01167413758561288 0.027981084819179481 0.015698812654654844
leaf_weight=106389542.93748155 7758413.9631056786 4093624.7120842934 16880.059458732605 11461436.07018137 4076055.4624977112 512366.85955286026 517627.88253355026 353817.9552898407 1612326.2066087723 1034497.5803747177 67387.798752307892 179893.86124420166 103137.10924339294 86769.404643058777
leaf_count=27462599 1567202 613285 1730 1167744 537432 88133 60821 22917 120327 54169 9429 18757 8156 9645
internal_value=1.72472e-05 0.000438508 0.00282759 -0.000381549 0.00086211 0.00281565 -0.00110795 -0.000846731 0.00165999 0.000402052 -0.00402721 0.0196364 0.0176164 0.00218501
internal_weight=1.38264e+08 3.18742e+07 8.14509e+06 2.37291e+07 8.74943e+06 4.65581e+06 1.49797e+07 1.44621e+07 3.00064e+06 2.64682e+06 579755 299911 283031 7.84518e+06
internal_count=31742346 4279747 1605490 2674257 1248279 634994 1425978 1365157 197413 174496 97562 28643 26913 1576847
is_linear=0
shrinkage=0.3


Tree=55
num_leaves=15
num_cat=0
split_feature=1 2 3 2 3 0 2 0 3 1 0 1 1 0
split_gain=106.764 108.785 102.689 85.9699 67.306 65.6097 64.8331 122.324 473.406 355.49 323.85 292.499 232.707 191.554
threshold=0.10264328494668008 0.016132316552102569 536.00000000000011 0.026172203943133358 40.000000000000007 0.10998784378170968 0.018720052205026153 0.019891204312443737 56.000000000000007 0.038002600893378265 0.0053869574330747136 0.014708862639963629 0.023563585244119171 0.029047835618257526
decision_type=2 2 2 2 2 2 2 2 2 2 2 2 2 2
left_child=2 -2 6 -4 -3 -6 7 9 13 10 12 -12 -1 -9
right_child=1 4 3 -5 5 -7 -8 8 -10 -11 11 -13 -14 -15
leaf_value=-0.0013746900298422446 0.019376381588437148 0.0024482477531662617 -0.025053022399023565 -0.0043146201645902051 -0.00069976579228029484 -0.022896700525774367 9.5951056447556729e-05 -0.0035429976281619955 -0.010177418389779947 -0.017511909294443691 -0.0013382164786071269 0.0044647005854292704 -0.015775307220226759 2.974578267586708e-05
leaf_weight=2110946.4620579779 33454.909367918968 1567916.9231629372 25106.806821197271 63469.089398920536 34338.706134080887 18409.901839733124 122170231.36361212 1721488.2426992059 508835.22835236788 97231.416397839785 1164014.1966338754 2380572.8978534937 106067.34146350622 6269080.8228154182
leaf_count=1632068 2619 107053 32842 43949 5088 2340 25104845 734672 217650 52131 723607 1280541 75107 1728588
internal_value=4.74608e-05 0.00244319 1.8454e-05 -0.0101929 0.00209364 -0.00844676 2.50788e-05 -0.000577953 -0.00130496 0.000476715 0.000780287 0.00255907 -0.00206365 -0.000739966
internal_weight=1.38271e+08 1.65412e+06 1.36617e+08 88575.9 1.62067e+06 52748.6 1.36528e+08 1.43582e+07 8.4994e+06 5.85883e+06 5.7616e+06 3.54459e+06 2.21701e+06 7.99057e+06
internal_count=31743100 117100 31626000 76791 114481 7428 31549209 6444364 2680910 3763454 3711323 2004148 1707175 2463260
is_linear=0
shrinkage=0.3


Tree=56
num_leaves=15
num_cat=0
split_feature=1 3 3 1 2 2 3 2 0 2 0 1 0 1
split_gain=112.143 331.707 322.692 251.116 260.109 86.2746 90.9142 65.2502 86.4076 63.3355 142.589 210.379 227.333 200.162
threshold=0.0063532991334795961 376.00000000000006 216.00000000000003 0.015837765298783783 0.033326849341392524 0.07751092687249185 488.00000000000006 0.023695117793977264 0.012962069362401964 0.093520212918519988 0.055756626650691039 0.046842806041240699 0.09080164879560472 0.06766980886459352
decision_type=2 2 2 2 2 2 2 2 2 2 2 2 2 2
left_child=2 9 7 4 -3 6 -6 -1 -9 -2 13 -12 -13 -11
right_child=1 3 -4 -5 5 -7 -8 8 -10 10 11 12 -14 -15
leaf_value=-0.0087683750083441744 -5.664351921473862e-05 -0.021625840838398209 0.00032956119265413654 -0.038778763918781774 0.004365395107607895 0.021132658872297493 -0.024385420432959 -0.020491314044272135 0.050819004483483907 0.0019472809445150855 0.0085952468577977954 -0.0049041360343913881 0.0012630381201858363 0.012110439722234833
leaf_weight=113540.51842853427 132824357.24260277 67724.514587938786 501937.1331884563 28705.000685572624 44884.281510949135 19454.082961320877 12699.236128091812 95810.944891214371 1554.096086025238 1974162.0086121559 208570.95418024063 939908.60237598419 1257834.9595413208 191308.95364832878
leaf_count=84974 30630724 63584 374187 15589 24806 9099 8268 41750 437 297808 15936 78641 74469 21394
internal_value=-5.48545e-05 -3.54072e-05 -0.00380794 -0.0131458 -0.00806303 0.00386017 -0.00197519 -0.0136548 -0.0193531 -1.88548e-05 0.00107902 -0.000510335 -0.00137448 0.00284515
internal_weight=1.38282e+08 1.3757e+08 712843 173467 144762 77037.6 57583.5 210906 97365 1.37396e+08 4.57179e+06 2.40631e+06 2.19774e+06 2.16547e+06
internal_count=31741666 31240318 501348 121346 105757 42173 33074 127161 42187 31118972 488248 169046 153110 319202
is_linear=0
shrinkage=0.3


Tree=57
num_leaves=15
num_cat=0
split_feature=1 0 3 0 2 2 1 3 2 1 2 0 1 0
split_gain=76.6786 656.527 666.039 474.766 361.492 294.704 283.572 257.788 272.788 217.34 200.223 157.596 156.635 1931.24
threshold=0.066766370087862029 0.083872761577367796 88.000000000000014 0.1190764866769314 0.040702663362026222 0.015753410756587986 0.046520525589585311 40.000000000000007 0.030389506369829181 0.04037068039178849 0.043474929407238967 0.041797503829002387 0.038002600893378265 0.066075008362531676
decision_type=2 2 2 2 2 2 2 2 2 2 2 2 2 2
left_child=3 2 5 12 9 -2 -6 8 -3 -5 11 -7 13 -1
right_child=1 7 -4 4 6 10 -8 -9 -10 -11 -12 -13 -14 -15
leaf_value=-0.00014374148389262575 -0.024273010932996265 0.0028732650435301229 -0.015922457539872054 0.036818577931272967 0.038747470993885466 -0.00292261955513347 0.0090579520922657013 -0.010841406671296624 -0.0010505940672380428 0.00077343359022286615 0.0027295732336160366 0.0078197046823170087 -0.00057038537622004217 0.010059507576250784
leaf_weight=62588754.51449126 34226.236428916454 1853522.0282585621 163182.17708572745 15292.7296667099 30368.671460151672 136004.76444363594 621295.31440258026 220652.83916783333 11413081.185951233 969488.11712908745 4877835.9190711975 1276655.0107667446 52382747.35358566 1715317.5753647089
leaf_count=20152012 9554 196627 36478 1717 2015 29270 48464 31190 1021862 105078 582590 211626 9010552 308722
internal_value=-2.23324e-05 0.000521343 0.00300112 -0.000114115 0.0049603 0.00348936 0.0104415 -0.000671526 -0.000502378 0.00133318 0.00364041 0.00678548 -0.00018528 0.000128431
internal_weight=1.38298e+08 1.99752e+07 6.4879e+06 1.18323e+08 1.63644e+06 6.32472e+06 651664 1.34873e+07 1.32666e+07 984781 6.2905e+06 1.41266e+06 1.16687e+08 6.43041e+07
internal_count=31747757 2119197 869518 29628560 157274 833040 50479 1249679 1218489 106795 823486 240896 29471286 20460734
is_linear=0
shrinkage=0.3


Tree=58
num_leaves=15
num_cat=0
split_feature=1 2 4 0 2 4 0 0 1 1 3 1 2 2
split_gain=78.7831 129.196 139.402 117.841 122.954 108.692 82.3854 99.9386 1641.73 499.298 727.332 408.813 459.381 382.886
threshold=0.10264328494668008 0.024623595178127292 1.5000000000000002 0.17955625057220462 0.060335906222462661 3.5000000000000004 0.15549859404563907 0.074586875736713423 0.034360229969024665 0.060801396146416671 72.000000000000014 0.041901815682649619 0.026172203943133358 0.023847039788961414
decision_type=2 2 2 2 2 2 2 2 2 2 2 2 2 2
left_child=3 2 -2 6 5 -5 7 9 13 -1 -11 12 -10 -9
right_child=1 -3 -4 4 -6 -7 -8 8 11 10 -12 -13 -14 -15
leaf_value=-6.8499673580711725e-05 -0.0067185894521806276 0.0012253169938045046 0.015119861723912883 -0.012929411467059612 0.0016822617722220493 -0.0034618182046080794 0.0023971219485113887 0.010088022329553688 -0.001836396370904001 0.003050301601417919 -0.0078424693239273133 -0.001158828535903828 0.0097140119415501849 0.028636838533587054
leaf_weight=100923993.97033986 33665.829693675041 1511267.829734087 120348.85644721985 127630.92694664001 370154.61890125275 753058.61224746704 1299210.3794877529 223819.88751292229 572406.96539306641 8066567.3297108114 592196.21134600043 22835293.784797013 675745.59320306778 181274.47529459
leaf_count=27249756 4343 105359 7691 9651 16857 46013 101638 44552 102690 1122759 123142 2693301 91834 24641
internal_value=1.78829e-05 0.00206887 0.0103462 -7.11666e-06 -0.0029056 -0.00483388 1.96657e-05 -3.37287e-06 -0.000551283 0.000119069 0.00230532 -0.000869857 0.00441696 0.0183884
internal_weight=1.38287e+08 1.66528e+06 154015 1.36621e+08 1.25084e+06 880690 1.35371e+08 1.34071e+08 2.44885e+07 1.09583e+08 8.65876e+06 2.40834e+07 1.24815e+06 405094
internal_count=31744227 117393 12034 31626834 72521 55664 31554313 31452675 2957018 28495657 1245901 2887825 194524 69193
is_linear=0
shrinkage=0.3


Tree=59
num_leaves=15
num_cat=0
split_feature=3 1 0 2 3 3 2 0 1 0 1 0 3 4
split_gain=85.4608 64.0199 133.085 160.984 186.954 126.89 121.884 93.2131 1545.04 543.172 510.931 1225.99 493.866 486.589
threshold=952.00000000000011 0.089632846415042891 0.14118426293134692 0.06278019025921823 24.000000000000004 24.000000000000004 0.02258950844407082 0.055186688899993903 0.034360229969024665 0.078232120722532286 0.044404527172446258 0.013724718242883684 88.000000000000014 2.5000000000000004
decision_type=2 2 2 2 2 2 2 2 2 2 2 2 2 2
left_child=1 7 3 4 -3 6 -4 10 9 -9 13 -12 -13 -1
right_child=-2 2 5 -5 -6 -7 -8 8 -10 -11 11 12 -14 -15
leaf_value=-0.00025838429745213932 -0.043428972296756789 0.0082411023571826274 0.0074670977612500489 -4.6203661464305338e-05 -3.1566918595405107e-05 -0.0092177705919600592 -0.00043066740746762255 0.0054265709426816943 -0.00083007097778419869 0.019553937214469078 -0.01003075106598513 0.0023424096750388566 -0.0061859331836202 0.022658482203929593
leaf_weight=71629175.444791526 4078.7663696110249 715223.66737747192 190657.04021811485 886769.24140501022 374643.42967638373 136425.28147888184 2266944.5171079636 2050236.1866042614 40977575.901733637 278171.43034887314 790690.75128418207 17260247.856929332 633545.88375148177 83483.423431634903
leaf_count=22038161 3042 73927 13324 75500 53609 13653 144968 429935 5512571 44723 196023 2978131 147321 17521
internal_value=-4.56365e-06 -3.28273e-06 0.00110077 0.00295524 0.00539736 -0.000312326 0.000182029 -4.1025e-05 -0.000402928 0.00711435 0.00013235 0.00152963 0.00204046 -0.000231706
internal_weight=1.38278e+08 1.38274e+08 4.57066e+06 1.97664e+06 1.08987e+06 2.59403e+06 2.4576e+06 1.33703e+08 4.3306e+07 2.32841e+06 9.03971e+07 1.86845e+07 1.78938e+07 7.17127e+07
internal_count=31742409 31739367 374981 203036 127536 171945 158292 31364386 5987229 474658 25377157 3321475 3125452 22055682
is_linear=0
shrinkage=0.3


end of trees

feature_importances:
mem_cur_state=262
ema128=195
ema32=167
tok_since_hit=143
hits16=73

parameters:
[boosting: gbdt]
[objective: poisson]
[metric: poisson]
[tree_learner: serial]
[device_type: cpu]
[data_sample_strategy: bagging]
[data: ]
[valid: ]
[num_iterations: 60]
[learning_rate: 0.3]
[num_leaves: 15]
[num_threads: 16]
[seed: 0]
[deterministic: 0]
[force_col_wise: 0]
[force_row_wise: 0]
[histogram_pool_size: -1]
[max_depth: -1]
[min_data_in_leaf: 500]
[min_sum_hessian_in_leaf: 0.001]
[bagging_fraction: 0.5]
[pos_bagging_fraction: 1]
[neg_bagging_fraction: 1]
[bagging_freq: 1]
[bagging_seed: 3]
[bagging_by_query: 0]
[feature_fraction: 0.9]
[feature_fraction_bynode: 1]
[feature_fraction_seed: 2]
[extra_trees: 0]
[extra_seed: 6]
[early_stopping_round: 0]
[early_stopping_min_delta: 0]
[first_metric_only: 0]
[max_delta_step: 0]
[lambda_l1: 0]
[lambda_l2: 0]
[linear_lambda: 0]
[min_gain_to_split: 0]
[drop_rate: 0.1]
[max_drop: 50]
[skip_drop: 0.5]
[xgboost_dart_mode: 0]
[uniform_drop: 0]
[drop_seed: 4]
[top_rate: 0.2]
[other_rate: 0.1]
[min_data_per_group: 100]
[max_cat_threshold: 32]
[cat_l2: 10]
[cat_smooth: 10]
[max_cat_to_onehot: 4]
[top_k: 20]
[monotone_constraints: ]
[monotone_constraints_method: basic]
[monotone_penalty: 0]
[feature_contri: ]
[forcedsplits_filename: ]
[refit_decay_rate: 0.9]
[cegb_tradeoff: 1]
[cegb_penalty_split: 0]
[cegb_penalty_feature_lazy: ]
[cegb_penalty_feature_coupled: ]
[path_smooth: 0]
[interaction_constraints: ]
[verbosity: -1]
[saved_feature_importance_type: 0]
[use_quantized_grad: 0]
[num_grad_quant_bins: 4]
[quant_train_renew_leaf: 0]
[stochastic_rounding: 1]
[linear_tree: 0]
[max_bin: 255]
[max_bin_by_feature: ]
[min_data_in_bin: 3]
[bin_construct_sample_cnt: 200000]
[data_random_seed: 1]
[is_enable_sparse: 1]
[enable_bundle: 1]
[use_missing: 1]
[zero_as_missing: 0]
[feature_pre_filter: 1]
[pre_partition: 0]
[two_round: 0]
[header: 0]
[label_column: ]
[weight_column: ]
[group_column: ]
[ignore_column: ]
[categorical_feature: ]
[forcedbins_filename: ]
[precise_float_parser: 0]
[parser_config_file: ]
[objective_seed: 5]
[num_class: 1]
[is_unbalance: 0]
[scale_pos_weight: 1]
[sigmoid: 1]
[boost_from_average: 1]
[reg_sqrt: 0]
[alpha: 0.9]
[fair_c: 1]
[poisson_max_delta_step: 0.7]
[tweedie_variance_power: 1.5]
[lambdarank_truncation_level: 30]
[lambdarank_norm: 1]
[label_gain: ]
[lambdarank_position_bias_regularization: 0]
[eval_at: ]
[multi_error_top_k: 1]
[auc_mu_weights: ]
[num_machines: 1]
[local_listen_port: 12400]
[time_out: 120]
[machine_list_filename: ]
[machines: ]
[gpu_platform_id: -1]
[gpu_device_id: -1]
[gpu_device_id_list: ]
[gpu_use_dp: 0]
[num_gpu: 1]

end of parameters

pandas_categorical:null
