tree
version=v4
num_class=1
num_tree_per_iteration=1
label_index=0
max_feature_idx=8
objective=tweedie
feature_names=ema32 ema128 mem_cur_state tok_since_hit hits16 sema32 sema128 sal16 mps128
feature_infos=[0:0.36363083124160767] [0:0.13475595414638519] [0:0.83333331346511841] [16:100000] [0:16] [0:1.6908453702926636] [0:0.66479402780532837] [0:91.952255249023438] [0.0001704529277049005:31.696466445922852]
tree_sizes=1870 1903 1913 1880 1885 1893 1906 1888 1899 1901 1906 1907 1901 1910 1901 1876 1912 1901 1912 1895 1939 1921 1922 1912 1848 1902 1894 1889 1916 1915 1921 1906 1924 1919 1882 1879 1921 1901 1869 1896 1850 1931 1859 1902 1918 1899 1897 1918 1934 1928 1923 1920 1913 1934 1876 1909 1901 1827 1839 1870

Tree=0
num_leaves=15
num_cat=0
split_feature=5 5 5 8 8 8 5 5 5 5 2 5 2 2
split_gain=2.10704e+07 3.4354e+06 3.10796e+06 1.28842e+06 1.13769e+06 556644 464840 403126 281084 279485 217510 214565 160954 156063
threshold=0.03303168714046479 0.010254157241433861 0.086276978254318251 0.76591223478317272 0.68918824195861828 0.99287936091423046 0.17271380126476291 0.0027342338580638175 0.019408183172345165 0.0013224595459178092 0.031282784417271621 0.051976159214973457 0.02225148864090443 0.037180824205279357
decision_type=2 2 2 2 2 2 2 2 2 2 2 2 2 2
left_child=1 4 5 8 7 11 -4 -1 -3 -6 -5 -2 -11 -7
right_child=2 3 6 10 9 13 -8 -9 -10 12 -12 -13 -14 -15
leaf_value=0.29947229889611365 0.65579594693363663 0.48613234436420349 0.88513510114433958 0.61044270760376829 0.40818313785351212 0.75388127173023411 1.010825888557054 0.40031456111791763 0.56103645993699636 0.46620877665555327 0.70029111756651408 0.7434107600068004 0.57380830688347984 0.83124666727749397
leaf_weight=5410979.4209484458 6879321.6950588226 9886942.0477576256 7852188.5948557854 4814780.2207186818 1949797.9613677263 5468922.2612841725 3995654.655611217 10473723.429376245 8289024.6387249231 1835156.4109234214 4885503.9536911845 3965864.5288732052 3931942.5500977635 4110374.2534205914
leaf_count=6071766 4715843 8833011 3176183 3568147 1928183 3091714 1000853 10458597 6644651 1684333 3082700 2292880 3090392 1934042
internal_value=0.615241 0.496098 0.805288 0.567409 0.411872 0.734381 0.927524 0.365964 0.520292 0.506372 0.655694 0.687835 0.539569 0.787078
internal_weight=8.37502e+07 5.14779e+07 3.22723e+07 2.78763e+07 2.36016e+07 2.04245e+07 1.18478e+07 1.58847e+07 1.8176e+07 7.7169e+06 9.70028e+06 1.08452e+07 5.7671e+06 9.5793e+06
internal_count=61573295 45361780 16211515 22128509 23233271 12034479 4177036 16530363 15477662 6702908 6650847 7008723 4774725 5025756
is_linear=0
shrinkage=1


Tree=1
num_leaves=15
num_cat=0
split_feature=6 6 6 5 5 5 5 2 6 6 6 6 5 5
split_gain=1.23427e+07 2.17299e+06 2.15943e+06 386681 382323 336189 321220 162381 156783 149465 135043 125168 92110.6 90570.6
threshold=0.031303763389587409 0.014320828951895239 0.069278150796890273 0.0062858304008841523 0.22428447008132937 0.063943445682525649 0.026500084437429908 0.0170652074739337 0.044918395578861244 0.0079291826114058512 0.021094087511301044 0.10491973906755449 0.045946497470140464 0.016581304371356968
decision_type=2 2 2 2 2 2 2 2 2 2 2 2 2 2
left_child=1 3 5 9 11 8 7 -3 -2 -1 -9 -4 -8 -5
right_child=2 6 4 13 -6 -7 12 10 -10 -11 -12 -13 -14 -15
leaf_value=-0.25158632842448408 0.038157682158546445 -0.14238895114786701 0.19310946814269667 -0.14806632050397908 0.35882229928102849 0.14170583991908117 -0.013417069590045053 -0.081044461806088847 0.098154060918541564 -0.17956145897861087 -0.027179938269917211 0.26737223532401339 0.061997633963315445 -0.078134322729584357
leaf_weight=5236710.7316457629 10288093.564850569 2262639.7488339543 6348012.4356473088 6957782.8849737644 2093550.2387397289 6451180.6792771816 6529648.2984336615 9313722.2785430551 6333165.1952503324 5136609.2282927632 7613039.159222126 3011755.7873663306 1876493.1428001523 2191847.9358804226
leaf_count=6267788 6961027 2190174 2841763 6937426 507658 3270404 4887906 8268146 3726165 5518175 6056745 1071492 1175098 1888552
internal_value=0.000174079 -0.099674 0.13644 -0.176269 0.242928 0.0835788 -0.0454854 -0.0669079 0.061018 -0.215921 -0.0568182 0.217005 0.00341767 -0.131314
internal_weight=8.16443e+07 4.71185e+07 3.45258e+07 1.9523e+07 1.14533e+07 2.30724e+07 2.75955e+07 1.91894e+07 1.66213e+07 1.03733e+07 1.69268e+07 9.35977e+06 8.40614e+06 9.14963e+06
internal_count=61568519 43190010 18378509 20611941 4420913 13957596 22578069 16515065 10687192 11785963 14324891 3913255 6063004 8825978
is_linear=0
shrinkage=0.3


Tree=2
num_leaves=15
num_cat=0
split_feature=6 6 5 5 6 5 7 2 6 2 7 2 5 6
split_gain=6.29307e+06 1.37559e+06 1.07743e+06 300985 287363 198191 183733 118256 107750 90089.6 89713.5 87509.9 69627.3 62249.8
threshold=0.034911539405584342 0.016426999121904377 0.1146085597574711 0.0049188802950084218 0.057341955602169044 0.28567025065422064 1.0000000180025095e-35 0.030878958292305473 0.0069916287902742633 0.020591877400875095 0.070470049977302565 0.016277451068162922 0.058522339910268791 0.024783881381154064
decision_type=2 2 2 2 2 2 2 2 2 2 2 2 2 2
left_child=1 3 4 8 10 -4 9 -5 -1 -3 -2 -10 -8 -11
right_child=2 6 5 7 -6 -7 12 -9 11 13 -12 -13 -14 -15
leaf_value=-0.19982824545395389 0.030070547744316629 -0.08545696234360757 0.19091481396096324 -0.11317190565789791 0.12087825625534056 0.32905040481685011 0.0035382925973037587 -0.057074769908725849 -0.21109183659900427 -0.047041847686341356 0.07769811494955231 -0.11568875423330498 0.086112888892337924 -0.0052812885241001924
leaf_weight=3658742.3466553688 7754423.4316792488 3056266.8835209012 5773687.5921038389 8212689.6143957973 8769326.7413716912 1115375.6382898092 10144620.060003519 5749966.0749937296 1067110.1933533549 7121806.3598402739 6579670.4919013977 4575882.8434464931 1010579.4366452694 5852505.4031192064
leaf_count=4685764 5091621 2794541 2211857 8252118 4351720 253947 7518537 5296180 1315378 6109974 3779531 4941644 567174 4398923
internal_value=0.000325118 -0.0643719 0.109152 -0.117922 0.0781022 0.21328 -0.0185462 -0.0900705 -0.159729 -0.0391197 0.0519327 -0.13373 0.0110189 -0.0282043
internal_weight=8.04427e+07 5.04502e+07 2.99925e+07 2.32644e+07 2.31034e+07 6.88906e+06 2.71858e+07 1.39627e+07 9.30174e+06 1.60306e+07 1.43341e+07 5.64299e+06 1.11552e+07 1.29743e+07
internal_count=61568909 45880233 15688676 24491084 13222872 2465804 21389149 13548298 10942786 13303438 8871152 6257022 8085711 10508897
is_linear=0
shrinkage=0.3


Tree=3
num_leaves=15
num_cat=0
split_feature=6 6 6 7 6 5 3 6 7 4 1 5 5 3
split_gain=3.2181e+06 853740 527357 179054 156741 103032 99793.8 84621.5 62177.2 61609.3 60583.7 59242.8 56956.6 81053.1
threshold=0.027409705333411697 0.079438019543886199 0.011478522326797249 1.071331322193146 0.14463342726230624 0.023209470324218277 24.000000000000004 0.041669713333249099 0.61880561709404003 6.5000000000000009 0.010537574067711832 0.12828680127859118 0.00043577633914537733 50624.000000000007
decision_type=2 2 2 2 2 2 2 2 2 2 2 2 2 2
left_child=2 3 6 7 8 -4 10 -2 -3 -6 -1 -5 13 -8
right_child=1 4 5 11 9 -7 12 -9 -10 -11 -12 -13 -14 -15
leaf_value=0.067286291643040827 0.0078749676578207337 0.096823633346733232 -0.046194852365319852 0.067970015598873113 0.21133435616298288 -0.0060524903161351725 -0.19205770826801255 0.045044808020730819 0.15590510537367835 0.413177585764398 -0.073847252006239969 0.1459279394159059 -0.11170302645407229 0.042573700285833078
leaf_weight=304597.35940554738 11621897.604538858 3122657.405898869 20190720.318340778 7140126.0256109834 1597286.4118824005 8048403.5562626123 1549216.8776998222 10486100.009290934 3294503.3172261119 148777.5649536252 2702113.7826262712 1000216.5951290131 8422602.3016019464 144901.0508581996
leaf_count=246833 8276658 1445645 18495600 3914946 487873 6098953 2141422 6161376 1243760 19834 2727360 400423 9771661 137561
internal_value=0.000219138 0.0627454 -0.0578463 0.0395109 0.148839 -0.0347539 -0.107537 0.0255051 0.127155 0.228533 -0.0595496 0.0775488 -0.121798 -0.171989
internal_weight=7.97741e+07 3.84116e+07 4.13626e+07 3.02483e+07 8.16322e+06 2.82391e+07 1.31234e+07 2.2108e+07 6.41716e+06 1.74606e+06 3.00671e+06 8.14034e+06 1.01167e+07 1.69412e+06
internal_count=61569905 21950515 39619390 18753403 3197112 24594553 15024837 14438034 2689405 507707 2974193 4315369 12050644 2278983
is_linear=0
shrinkage=0.3


Tree=4
num_leaves=15
num_cat=0
split_feature=6 6 2 6 8 2 3 8 3 2 3 3 4 3
split_gain=1.60981e+06 514292 241614 142641 113535 112300 86733.6 77554.7 75192.7 62218.4 60603.7 58612 57937.7 41854.5
threshold=0.023974091745913032 0.063330877572298064 0.020591877400875095 0.12906746566295627 0.5225769877433778 0.046365242451429374 40.000000000000007 0.55332025885581981 40.000000000000007 0.01270378101617098 40.000000000000007 56.000000000000007 7.5000000000000009 152.00000000000003
decision_type=2 2 2 2 2 2 2 2 2 2 2 2 2 2
left_child=2 5 7 10 6 8 -4 11 -2 -10 -3 -1 -5 -8
right_child=1 3 4 12 -6 -7 13 -9 9 -11 -12 -13 -14 -15
leaf_value=-0.086998415452125374 0.020476309521244431 0.088740879621458088 -0.029960912928932708 0.14599272677503339 -0.0098845085975834725 0.049509506134460736 -0.067391708715409698 -0.058246391135575434 -0.10706828337257206 -0.0078917916714228552 0.035028019370236391 -0.15266207597431927 0.35986655537630119 -0.14290178932341072
leaf_weight=3187298.2296945751 14986866.831843555 7466450.4997758865 8607389.0297790766 2268671.142614603 11841820.214608729 7840794.6916408539 5343731.3640227616 4468593.6106636226 616787.70892179012 7394842.6857839823 2531530.2442247868 1985586.1942126453 120026.76107728481 753854.85647061467
leaf_count=3386005 9579477 3264356 7875924 749385 10407588 4882617 5853250 4495397 563194 5394540 1351959 2691652 17142 1056973
internal_value=0.000161814 0.0392433 -0.04652 0.0908764 -0.0317472 0.0185047 -0.0493531 -0.0871955 0.00793438 -0.015527 0.0751406 -0.112203 0.156739 -0.0767271
internal_weight=7.94142e+07 4.3226e+07 3.61883e+07 1.23867e+07 2.65468e+07 3.08393e+07 1.4705e+07 9.64148e+06 2.29985e+07 8.01163e+06 9.99798e+06 5.17288e+06 2.3887e+06 6.09759e+06
internal_count=61569459 25802670 35766789 5382842 25193735 20419828 14786147 10573054 15537211 5957734 4616315 6077657 766527 6910223
is_linear=0
shrinkage=0.3


Tree=5
num_leaves=15
num_cat=0
split_feature=5 5 5 2 2 8 2 4 8 2 2 8 3 8
split_gain=903517 271695 147685 125160 117516 88129 86525.5 69505.5 67018.2 46890 57834.3 40717.1 39240.3 30577.7
threshold=0.039131114259362228 0.008129861671477558 0.13640616089105609 0.03895376808941365 0.014788470696657898 0.62600654363632213 0.051961185410618789 7.5000000000000009 0.45301681756973272 1.0000000180025095e-35 0.0056581648532301196 0.61240440607070934 296.00000000000006 1.048847019672394
decision_type=2 2 2 2 2 2 2 2 2 2 2 2 2 2
left_child=1 4 6 5 9 -3 -2 -4 -6 -1 -11 -5 13 -10
right_child=2 3 7 11 8 -7 -8 -9 12 10 -12 -13 -14 -15
leaf_value=-0.012012895895208941 0.02589291076835731 -0.039279391813252566 0.085697140447236655 0.00093974439297525103 -0.068154461232044786 -0.0022969455715900083 0.074274863882939468 0.25172385884345388 -0.031640146390066862 -0.23854153846004775 -0.10493220921323765 0.035562501842023073 -0.1133632873276314 0.0097695945209519113
leaf_weight=395578.05781820416 16716333.603187561 10979991.743077159 4537103.012160778 6304174.9182797074 5457364.2350415885 12290733.705026567 4153306.6145864725 238885.82878875732 7227749.4540620148 338041.59699290991 2121328.6761100292 5934979.1117761731 447837.89415889978 2062946.7739952505
leaf_count=422943 9524485 10249238 1669739 5194412 6594165 9255047 2088895 51585 7290645 502283 2691589 3875441 556933 1604335
internal_value=0.000107436 -0.022064 0.0464122 -0.00682997 -0.0520324 -0.0197466 0.0355215 0.0940015 -0.0415405 -0.107878 -0.123297 0.0177289 -0.0266263 -0.0224453
internal_weight=7.92064e+07 5.35607e+07 2.56456e+07 3.55099e+07 1.80508e+07 2.32707e+07 2.08696e+07 4.77599e+06 1.51959e+07 2.85495e+06 2.45937e+06 1.22392e+07 9.73853e+06 9.2907e+06
internal_count=61571735 48237031 13334704 28574138 19662893 19504285 11613380 1721324 16046078 3616815 3193872 9069853 9451913 8894980
is_linear=0
shrinkage=0.3


Tree=6
num_leaves=15
num_cat=0
split_feature=5 8 2 2 8 4 2 0 3 2 2 8 8 5
split_gain=472914 189765 116345 73038.3 72899.4 72006.8 61569.3 55730.5 37858.5 36159.4 33929.3 32827.6 32159.5 30276.4
threshold=0.017189008183777336 1.2931461930274966 0.012170988135039808 0.050243543460965163 0.42756038904190069 3.5000000000000004 0.060927581042051322 0.14482135325670245 168.00000000000003 1.0000000180025095e-35 0.0030078291893005375 0.69792839884758007 1.1968169212341311 0.0008025120187085123
decision_type=2 2 2 2 2 2 2 2 2 2 2 2 2 2
left_child=2 5 9 7 13 6 11 -3 12 -1 -11 -2 -6 -4
right_child=1 3 4 -5 8 -7 -8 -9 -10 10 -12 -13 -14 -15
leaf_value=-0.011066005350763625 -0.013095038329291158 0.033330596436913565 -0.10611235633719467 0.089750989555763036 -0.012885705711432148 0.062642998555530238 0.042743392888273314 0.15014321454532412 -0.047797829659607098 -0.25336552878287283 -0.093201055495784987 0.0079958420826226236 0.024356971856522611 -0.040279124615173689
leaf_weight=475103.71441978216 12312249.384422511 11279710.031429946 683681.28484541178 2981931.5376008153 16525094.434527248 1936288.8062189221 3131534.3740469813 379966.04751908779 2452680.7466583252 125962.30644130707 2165459.8842673302 14421844.740423739 2388343.8770944774 7820758.233640492
leaf_count=496384 9728496 5680459 1030485 1197025 15304255 999383 1920787 97533 2656615 204179 2701211 9264008 1659438 8629428
internal_value=0.000143143 0.019591 -0.0275317 0.0478527 -0.0220805 0.00657925 0.00294445 0.0371373 -0.0127303 -0.0863882 -0.102005 -0.00171745 -0.00818279 -0.0455715
internal_weight=7.90806e+07 4.64435e+07 3.26371e+07 1.46416e+07 2.98706e+07 3.18019e+07 2.98656e+07 1.16597e+07 2.13661e+07 2.76653e+06 2.29142e+06 2.67341e+07 1.89134e+07 8.50444e+06
internal_count=61569686 28887691 32681995 6975017 29280221 21912674 20913291 5777992 19620308 3401774 2905390 18992504 16963693 9659913
is_linear=0
shrinkage=0.3


Tree=7
num_leaves=15
num_cat=0
split_feature=8 3 6 2 2 0 3 2 8 3 5 7 2 7
split_gain=254781 122486 82488.7 79834.5 74086.9 33863 33610.3 33094.5 30607.7 30337.1 20516.5 18840.4 17935.6 17774.9
threshold=0.89583185315132152 24.000000000000004 0.17227775603532794 0.025920636951923374 0.028513849712908271 0.090950872749090209 184.00000000000003 0.05603225156664849 1.7670882940292361 248.00000000000003 0.072312965989112868 0.14466965943574908 0.0099646863527596014 14.664415359497072
decision_type=2 2 2 2 2 2 2 2 2 2 2 2 2 2
left_child=1 7 4 6 5 -2 12 10 11 -5 -1 -6 -3 -4
right_child=2 3 13 9 8 -7 -8 -9 -10 -11 -12 -13 -14 -15
leaf_value=-0.003364041340069044 -0.0052808228402258881 -0.079172020912720312 0.090700808893449877 -0.012313975426357622 0.013166444061170762 0.057292241063228076 -0.10901779438404635 0.034738586069277246 0.050171492654657458 -0.10255608977646297 0.038175245069077331 0.03521805652637864 -0.037914670386345141 0.19970651227209554
leaf_weight=15302480.78911683 10599024.346094966 1063924.4867739081 730266.50316643715 17396514.57245943 8020522.3293600976 840078.24428147078 732547.37839028239 2815617.4758891463 4940225.2402434945 341861.0564801693 1150566.238645196 6169080.0858457685 8727679.6605876088 165064.3076980114
leaf_count=12379725 7381088 1346633 223222 15991544 5128463 326746 1107825 1884625 2248211 500655 583812 3104794 9329934 32607
internal_value=0.000101985 -0.0137599 0.0210423 -0.0263346 0.0184135 -0.000685509 -0.0470348 0.00468406 0.0298342 -0.0140532 -0.000459187 0.0227536 -0.0423976 0.110797
internal_weight=7.89955e+07 4.75312e+07 3.14643e+07 2.82625e+07 3.05689e+07 1.14391e+07 1.05242e+07 1.92687e+07 1.91298e+07 1.77384e+07 1.6453e+07 1.41896e+07 9.7916e+06 895331
internal_count=61569884 43124753 18445131 28276591 18189302 7707834 11784392 14848162 10481468 16492199 12963537 8233257 10676567 255829
is_linear=0
shrinkage=0.3


Tree=8
num_leaves=15
num_cat=0
split_feature=7 2 8 6 2 4 8 3 2 6 8 3 3 1
split_gain=137350 106917 50757.4 43480.7 28917.4 27615.2 27315.6 23839.3 22925.4 20204.8 19970.9 18917.2 15478 20673.2
threshold=0.78545486927032482 0.024798380210995678 0.5645921826362611 0.17227775603532794 0.0095046884380280989 5.5000000000000009 1.5357850790023806 72.000000000000014 0.061854703351855285 1.0000000180025095e-35 0.50179770588874828 232.00000000000003 104.00000000000001 0.0051872471813112506
decision_type=2 2 2 2 2 2 2 2 2 2 2 2 2 2
left_child=1 4 12 5 9 8 7 -4 -2 -1 -6 -11 13 -3
right_child=3 2 6 -5 10 -7 -8 -9 -10 11 -12 -13 -14 -15
leaf_value=0.051156449371310794 0.014167011157111836 0.14095502749419975 0.010452095870300654 0.10540927602389007 -0.036404715568382318 0.080162321457119212 0.028415331035411533 -0.012958477586318682 0.050090585774700658 -0.055429370009713368 -0.014146493931630789 -0.14921889285709458 -0.039708105058706769 -0.0097346939922652535
leaf_weight=143638.96449157596 15209509.397472739 82438.010272532701 15861377.276732296 557195.59896767139 5318579.3680513501 667217.55752629042 5500890.627723217 5197680.9573191702 1786637.0915363431 1860753.2401554883 11413005.388834953 216018.78280225396 1635996.998414278 13492217.652651578
leaf_count=137252 8797735 66054 10872488 144216 6211374 250627 2825004 4483880 879295 2100311 9747581 345314 2096439 12612037
internal_value=5.24406e-05 -0.00680219 0.00167714 0.0228965 -0.0254908 0.0202936 0.00959114 0.00467403 0.0179433 -0.0576589 -0.0212219 -0.065185 -0.0121418 -0.00881957
internal_weight=7.89432e+07 6.07226e+07 4.17706e+07 1.82206e+07 1.8952e+07 1.76634e+07 2.65599e+07 2.10591e+07 1.69961e+07 2.22041e+06 1.67316e+07 2.07677e+06 1.52107e+07 1.35747e+07
internal_count=61569607 51497734 32955902 10071873 18541832 9927657 18181372 15356368 9677030 2582877 15958955 2445625 14774530 12678091
is_linear=0
shrinkage=0.3


Tree=9
num_leaves=15
num_cat=0
split_feature=2 8 3 8 4 1 8 3 3 2 1 3 1 1
split_gain=82459.9 51191.9 34024.7 31443.5 24490.5 24406.5 24399.3 16761.4 16184.7 16173 16103.6 30198.4 17401.7 14938.9
threshold=0.041388930752873428 0.84828886389732372 104.00000000000001 1.984957814216614 4.5000000000000009 0.0051872471813112506 0.3438303023576737 344.00000000000006 56.000000000000007 0.074099339544773116 0.016085359267890457 120.00000000000001 0.028695321641862396 0.026289482600986961
decision_type=2 2 2 2 2 2 2 2 2 2 2 2 2 2
left_child=1 2 5 8 10 -1 -7 13 9 -2 -3 -12 -13 -4
right_child=3 4 7 -5 -6 6 -8 -9 -10 -11 11 12 -14 -15
leaf_value=0.090956633129535447 0.01200840014216307 0.028304298919636608 -0.02771507386241371 0.049527884753118055 0.067780678050654242 -0.035588900497635759 -0.0080846653035463768 -0.14453106655576231 -0.0037533420338745327 0.039186944665335427 0.0033946478475476447 -0.021873118632061293 -0.097037348886778396 -0.076047354749177148
leaf_weight=211329.15142771602 14860126.210512191 2025701.7958885133 3058560.0322691798 2112492.4021098018 534204.68128341436 3298804.3754387498 24182493.69801861 134649.07051533461 5022694.2558240592 2271770.0970578492 19067983.309699029 1028252.7953350246 379530.81520333886 708968.70437607169
leaf_count=201979 9858070 1810279 3970279 827873 170297 3773000 21436098 243026 4457381 1390861 11406510 891431 313149 818438
internal_value=4.67479e-06 -0.00645934 -0.0143008 0.0145566 0.00429569 -0.0106052 -0.0113862 -0.0405272 0.011222 0.0156124 0.0027885 0.000264182 -0.042137 -0.0368102
internal_weight=7.88976e+07 5.46305e+07 3.15948e+07 2.42671e+07 2.30357e+07 2.76926e+07 2.74813e+07 3.90218e+06 2.21546e+07 1.71319e+07 2.25015e+07 2.04758e+07 1.40778e+06 3.76753e+06
internal_count=61568671 45034486 30442820 16534185 14591666 25411077 25209098 5031743 15706312 11248931 14421369 12611090 1204580 4788717
is_linear=0
shrinkage=0.3


Tree=10
num_leaves=15
num_cat=0
split_feature=7 2 4 2 5 8 2 2 8 8 8 6 1 5
split_gain=50717.9 46507.3 22949 19312.2 18025.4 17856 12917.4 13701.9 10172.8 10033.4 9637.9 9102.73 8422.69 9176.67
threshold=1.4169045686721804 0.030431983992457393 10.500000000000002 0.010393839795142414 1.6440309991594407e-05 1.1479676365852358 1.0000000180025095e-35 0.0045221976470202216 0.36647839844226843 2.5494092702865605 0.37845517694950109 0.016021588817238811 0.014123246073722841 0.01317538181319833
decision_type=2 2 2 2 2 2 2 2 2 2 2 2 2 2
left_child=1 3 9 6 -3 10 -1 -8 -5 11 -6 -2 13 -10
right_child=2 4 -4 8 5 -7 7 -9 12 -11 -12 -13 -14 -15
leaf_value=0.0038839150512953976 0.074192029378857979 -0.099961915122186537 0.20378613369228454 -0.025544165920902636 -0.012977910505888682 0.016314268934876516 -0.10394170546332261 -0.036494026991646951 0.0037483286554362725 0.044949693219976411 0.0030423847051177385 0.01330204197333378 -0.0090409003920863262 0.066527322883585552
leaf_weight=584633.77804675698 225980.16123121977 149295.58575573564 59885.926605641842 3113907.9750162363 3934340.3675678968 8752576.4659275115 317487.78149905801 1854320.7263193429 1884085.6363354325 1089052.3666093946 23976102.961553484 9955356.1618326306 22741738.528447777 235779.64650335908
leaf_count=581561 155903 225894 10233 3728498 4020933 4680199 455460 2106125 2160419 366009 18869705 5009990 19027280 172253
internal_value=-8.86457e-06 -0.00312459 0.0185652 -0.0117403 0.00406801 0.00449163 -0.0356986 -0.0463539 -0.00937963 0.017581 0.000784116 0.0146535 -0.00735503 0.0107309
internal_weight=7.88745e+07 6.75443e+07 1.13303e+07 3.0732e+07 3.68123e+07 3.6663e+07 2.75644e+06 2.17181e+06 2.79755e+07 1.12704e+07 2.79104e+07 1.01813e+07 2.48616e+07 2.11987e+06
internal_count=61570462 56028327 5542135 28231596 27796731 27570837 3143146 2561585 25088450 5531902 22890638 5165893 21359952 2332672
is_linear=0
shrinkage=0.3


Tree=11
num_leaves=15
num_cat=0
split_feature=3 1 2 8 3 4 1 2 4 1 6 1 8 8
split_gain=37576.7 31791.2 28730.7 21993 17219 13855.4 13572.4 12332.4 11494.1 11373.9 10196.1 11095.9 9970.89 9894.35
threshold=88.000000000000014 0.031497333198785789 0.061854703351855285 0.58589679002761852 264.00000000000006 9.5000000000000018 0.0088431136682629603 0.02301883697509766 1.5000000000000002 0.017041440121829513 0.0041720024310052404 0.020928452722728256 0.31725081801414495 1.4096378087997439
decision_type=2 2 2 2 2 2 2 2 2 2 2 2 2 2
left_child=2 4 3 6 10 -5 -1 -3 12 -6 -2 -12 -8 -4
right_child=1 7 13 5 9 -7 8 -9 -10 -11 11 -13 -14 -15
leaf_value=0.058058452691227641 -0.048228302618146486 -0.091145193913695938 0.016522290028773794 0.004783427254284307 -0.030797072298862773 0.13041588178641697 -0.029517892146618676 -0.036176853754801216 0.0068190558568604637 -0.1186967851591912 0.0084502419640630575 -0.013956212356386537 -0.0083136384358087276 0.047048775803449558
leaf_weight=285333.9020678103 432495.8612613678 459523.2692437768 4869802.6368091404 39432507.042686462 980343.32179701328 79164.05918443203 2308309.7148605585 1831045.6126607955 3926755.4568783641 153190.75458824635 4735396.6512045264 3429819.8951307237 14745114.482330114 1188897.0117208362
leaf_count=298468 666394 472716 3279256 25029115 1306582 15119 2706006 1505204 3017447 197399 5106811 3307552 14210235 450223
internal_value=3.49198e-05 -0.0154062 0.00281232 0.00084847 -0.00792145 0.00503514 -0.00693043 -0.0472043 -0.00781429 -0.0426762 -0.00333933 -0.000961646 -0.0111838 0.0225125
internal_weight=7.88577e+07 1.20218e+07 6.68359e+07 6.07772e+07 9.73125e+06 3.95117e+07 2.12655e+07 2.29057e+06 2.09802e+07 1.13353e+06 8.59771e+06 8.16522e+06 1.70534e+07 6.0587e+06
internal_count=61568527 12562658 49005869 45276390 10584738 25044234 20232156 1977920 19933688 1503981 9080757 8414363 16916241 3729479
is_linear=0
shrinkage=0.3


Tree=12
num_leaves=15
num_cat=0
split_feature=3 2 0 8 1 5 8 2 3 1 3 8 1 3
split_gain=23817.6 18361.6 14392.2 13551.4 11846.4 9903.06 9887.85 9261.35 8734.49 7557.1 8624.34 6954.67 6335.74 16450.1
threshold=24.000000000000004 0.017641471698880199 0.1654932647943497 1.4287559390068056 0.010537574067711832 0.13640616089105609 3.1566251516342168 0.085822165012359633 328.00000000000006 0.010915465187281372 152.00000000000003 0.66801193356513988 0.027945894747972492 136.00000000000003
decision_type=2 2 2 2 2 2 2 2 2 2 2 2 2 2
left_child=2 9 4 8 -1 -5 -4 11 12 -2 -11 -6 -3 -14
right_child=1 3 6 5 7 -7 -8 -9 -10 10 -12 -13 13 -15
leaf_value=0.060995372941445289 0.0083949263197464815 0.0010805318279622257 0.039052299927368105 0.013798427669828318 -0.0013644561131529295 -0.02236627773230606 0.18732906974287261 0.036156471158789977 -0.059594013730091475 -0.017777642411162978 -0.051972335500878215 0.0078168038422437372 -0.0060562796642009073 -0.061979177466434623
leaf_weight=340100.74086356163 842501.06716577709 13152417.583141178 695361.96770557761 6441316.9994163811 13081552.242540687 762087.9081145525 42977.709066987038 820110.52221781015 256157.21614897251 5573257.7039023489 753578.06389527023 17172979.826265484 18423150.762010098 485889.63437858224
leaf_count=264998 1067627 13303057 245779 3654946 10814597 300913 6541 449011 388863 5686526 1009062 9345625 14532346 499920
internal_value=-1.13597e-06 -0.00432812 0.0062822 -0.00179423 0.00530915 0.00997236 0.0476833 0.00469968 -0.00441693 -0.0182962 -0.0218505 0.00384698 -0.00397609 -0.00749328
internal_weight=7.88434e+07 4.66904e+07 3.21531e+07 3.9521e+07 3.14147e+07 7.2034e+06 738340 3.10746e+07 3.23176e+07 7.16934e+06 6.32684e+06 3.02545e+07 3.20615e+07 1.8909e+07
internal_count=61569811 40443260 21126551 32680045 20874231 3955859 252320 20609233 28724186 7763215 6695588 20160222 28335323 15032266
is_linear=0
shrinkage=0.3


Tree=13
num_leaves=15
num_cat=0
split_feature=8 2 4 1 0 1 8 2 1 0 1 4 2 0
split_gain=18173.1 15692.6 10618.6 7954.77 9264.88 9228.28 7121.13 7352.9 7230.05 11923.1 6425.51 5855.47 4908.56 4824.05
threshold=2.2424268722534184 0.035358052700757987 2.5000000000000004 0.034195251762866981 0.03641971945762635 0.021236494183540348 0.39819957315921789 0.0085164527408778685 0.017417207360267643 0.0026503745466470723 0.0046697242651134738 12.500000000000002 0.097214210778474822 0.0038206928875297312
decision_type=2 2 2 2 2 2 2 2 2 2 2 2 2 2
left_child=1 2 6 4 10 -6 7 -1 -8 -10 -3 -2 13 -5
right_child=11 3 -4 12 5 -7 8 -9 9 -11 -12 -13 -14 -15
leaf_value=-0.067836270535254178 0.018149708469060142 -0.11224762246957419 0.013512758078275939 -0.076513694965935297 0.087375430844123025 0.022077092523103449 0.0060279446403603623 -0.01379156736400396 -0.044530627780395772 -0.0053074480290117533 0.0070886988494273263 0.23867441348375587 0.026339749354822178 0.0001286966250403363
leaf_weight=236902.38518504798 4447983.8489170671 40799.352809935808 2663173.0896555781 74176.325550198555 219991.69226530194 1700109.4373309612 5047934.725877896 5192742.3086996675 715029.67757920921 28458188.214092433 8629013.0105314255 10862.989131450653 649477.59000268579 20757925.121764988
leaf_count=366558 1952730 68394 1478366 73828 146857 1191563 5450099 6097298 819825 22459768 7730033 1042 367185 13366522
internal_value=8.39292e-05 -0.00103118 -0.0048247 0.00397385 0.010703 0.0295585 -0.00605635 -0.0161496 -0.00445492 -0.0062688 0.00652711 0.018687 0.000656518 -0.000144202
internal_weight=7.88443e+07 7.43855e+07 4.2314e+07 3.20715e+07 1.05899e+07 1.9201e+06 3.96508e+07 5.42964e+06 3.42212e+07 2.91732e+07 8.66981e+06 4.45885e+06 2.14816e+07 2.08321e+07
internal_count=61570068 59616296 36671914 22944382 9136847 1338420 35193548 6463856 28729692 23279593 7798427 1953772 13807535 13440350
is_linear=0
shrinkage=0.3


Tree=14
num_leaves=15
num_cat=0
split_feature=3 1 1 3 1 6 2 8 0 8 1 2 2 3
split_gain=13108.8 20674.3 12076.7 10565 13410.7 10358.2 8690.43 7808.11 8314.3 6773.72 6051.06 5594.4 5165.89 14816.8
threshold=56.000000000000007 0.040274757891893394 0.010537574067711832 216.00000000000003 0.019476373679935936 0.0087960693053901213 0.027647258713841442 3.6547070741653447 0.10283394530415536 0.98389634490013134 0.024833330884575847 0.072218317538499846 1.0000000180025095e-35 504.00000000000006
decision_type=2 2 2 2 2 2 2 2 2 2 2 2 2 2
left_child=2 3 -1 9 12 -4 -3 11 -9 -2 -11 -7 -5 -14
right_child=1 6 5 4 -6 7 -8 8 -10 10 -12 -13 13 -15
leaf_value=0.042085340443843482 -0.004152991066353722 -0.056478828094111727 -0.015260819015223841 0.033228342973268495 -0.081325678922471972 0.0018467350508435836 -0.019748514963494522 0.023194530188827066 0.12856320115429606 0.018318366793766337 -0.0015605058115802917 0.01604553762705194 -0.010825376528306872 -0.13584445443282819
leaf_weight=682524.20777398348 11374842.365939632 752378.12496453524 2984073.3825285733 194723.01087707281 303620.25902207196 49970630.11855036 2526606.8495021462 399580.27416694164 81072.303543686867 2835629.0386914611 2681215.0071080923 2628809.138264209 1322201.4256854504 91204.072959125042
leaf_count=596866 12464294 646720 3408812 199182 366050 34540486 1830601 138048 16054 2187018 1782098 1514029 1721923 157900
internal_value=6.90836e-06 -0.00619472 0.00242021 -0.0023615 -0.0234993 0.00193733 -0.0281765 0.00290418 0.0409672 3.08094e-05 0.00865713 0.00255636 -0.0125814 -0.0188926
internal_weight=7.88291e+07 2.20824e+07 5.67467e+07 1.88034e+07 1.91175e+06 5.60642e+07 3.27898e+06 5.30801e+07 480653 1.68917e+07 5.51684e+06 5.25994e+07 1.60813e+06 1.41341e+06
internal_count=61570081 21355786 40214295 18878465 2445055 39617429 2477321 36208617 154102 16433410 3969116 36054515 2079005 1879823
is_linear=0
shrinkage=0.3


Tree=15
num_leaves=15
num_cat=0
split_feature=8 3 1 3 1 8 0 0 8 3 3 3 5 3
split_gain=8671.33 7916.52 6168.73 11014.6 6016.96 5301.16 5412.97 4320 4124.34 3761.97 6317.14 7179.65 3603.07 3486.46
threshold=0.59555882215499889 216.00000000000003 0.019148751161992553 152.00000000000003 0.0051872471813112506 2.6989666223526005 0.12517732381820681 0.03019505646079779 0.26431906223297125 376.00000000000006 50624.000000000007 648.00000000000011 0.17271380126476291 40.000000000000007
decision_type=2 2 2 2 2 2 2 2 2 2 2 2 2 2
left_child=1 4 7 5 -1 13 12 9 -6 -2 11 -11 -7 -4
right_child=2 -3 3 -5 8 6 -8 -9 -10 10 -12 -13 -14 -15
leaf_value=0.045543878215473239 0.011442003893503147 -0.039284620588758944 0.0030744904846899184 -0.029449282527514976 -0.019048843602446238 0.023788403598995918 0.072345655423499217 0.045294734680931564 -0.0029813288361656303 -0.033453942762133197 0.028205373116036811 -0.20789107780854482 -0.0027344864937427398 -0.0027913808207826645
leaf_weight=223627.33430366218 5382594.922821328 566671.73338635266 27567813.271773279 1034674.9564501494 1521345.018580243 1084132.8955883086 146653.1493614912 319525.84130105376 26183723.677972928 191674.83481271565 144996.9531763196 23881.626782417297 801962.67997252941 13627086.056745231
leaf_count=215496 4944023 927804 16131433 970603 1844446 475074 31091 202622 25189411 261617 137290 46430 265205 9928161
internal_value=1.38386e-06 -0.00418029 0.00236916 0.0011399 -0.00346802 0.00187207 0.0168277 0.0113437 -0.00386363 0.0094548 -0.0202116 -0.0527799 0.0125109 0.00113409
internal_weight=7.88204e+07 2.84954e+07 5.0325e+07 4.42623e+07 2.79287e+07 4.32276e+07 2.03275e+06 6.06267e+06 2.77051e+07 5.74315e+06 360553 215556 1.8861e+06 4.11949e+07
internal_count=61570706 28177157 33393549 27801567 27249353 26830964 771370 5591982 27033857 5389360 445337 308047 740279 26059594
is_linear=0
shrinkage=0.3


Tree=16
num_leaves=15
num_cat=0
split_feature=4 1 8 5 3 5 3 6 1 4 8 6 3 8
split_gain=5361.12 6114.83 4948.74 6423.24 5493.93 7593.11 8708.94 7685.57 7144.58 5924.71 6386.07 5483.64 5147.09 4754.62
threshold=4.5000000000000009 0.047320313751697547 1.6382499337196352 0.1146085597574711 120.00000000000001 0.03303168714046479 56.000000000000007 0.048784730955958373 0.02423754241317511 1.5000000000000002 0.47326707839965826 0.016426999121904377 792.00000000000011 0.29935546219348913
decision_type=2 2 2 2 2 2 2 2 2 2 2 2 2 2
left_child=2 -2 4 12 5 9 7 11 13 10 -1 -7 -4 -6
right_child=1 -3 3 -5 8 6 -8 -9 -10 -11 -12 -13 -14 -15
leaf_value=-0.0046452967685335243 0.060048078301428276 0.0089949017777675427 0.011741723557634955 -0.0041572346086272503 -0.049755500283497484 0.034532053253101165 -0.039868746345577834 0.0035037232720174049 -0.027764751787111516 0.015127534979143155 0.0036898557574584737 -0.0095536000714134556 -0.36338920817451276 -0.0019225371187097918
leaf_weight=12246460.721276283 258327.87491509318 1156031.5796339512 6463243.8312128186 3674139.2786207199 195331.51494535804 259393.77774906158 628285.5793132782 7604349.2605153322 1506278.9022229761 2868713.5540580451 25495404.306176215 12059125.131584525 3293.5186457931995 4398960.4514411092
leaf_count=13006445 113291 457978 3603714 1399371 323855 183364 400061 3820146 1563411 2344753 21250762 7829445 7972 5266107
internal_value=1.59607e-05 0.0183196 -0.000318496 0.00585943 -0.0012499 -0.000393606 -0.00509247 -0.00399577 -0.00983473 0.00198427 0.00098527 -0.00862528 0.0115507 -0.00395621
internal_weight=7.88173e+07 1.41436e+06 7.7403e+07 1.01407e+07 6.72623e+07 6.11617e+07 2.05512e+07 1.99229e+07 6.10057e+06 4.06106e+07 3.77419e+07 1.23185e+07 6.46654e+06 4.59429e+06
internal_count=61570675 571269 60999406 5011057 55988349 48834976 12233016 11832955 7153373 36601960 34257207 8012809 3611686 5589962
is_linear=0
shrinkage=0.3


Tree=17
num_leaves=15
num_cat=0
split_feature=2 0 8 2 3 5 5 8 2 2 3 6 5 2
split_gain=10076.7 7408.28 5127.36 4529.92 4189.56 6847.41 4278.51 4684.38 3948.36 9700.93 4133.68 4102.89 3435.34 3175.38
threshold=0.03429603390395642 0.12517732381820681 3.6547070741653447 0.022567137144505981 72.000000000000014 0.033481935039162643 0.03303168714046479 1.048847019672394 1.0000000180025095e-35 0.0065365158952772626 488.00000000000006 0.044346669688820846 3.7614961911458529e-05 1.0000000180025095e-35
decision_type=2 2 2 2 2 2 2 2 2 2 2 2 2 2
left_child=1 4 -2 -3 6 8 7 -1 -6 10 11 -10 -11 -8
right_child=2 3 -4 -5 5 -7 13 -9 9 12 -12 -13 -14 -15
leaf_value=-0.00090339755902973929 0.003385746588847265 0.046618628346544837 0.042537545707208489 0.005781183076783109 0.020771298080633833 -0.054264762741530199 -0.080872938728561453 0.013716426763075199 -0.040936772261213152 -0.044436187519897773 -0.22236879074535473 -0.15718711304907634 -0.0061084412359283299 -0.0060485448351062987
leaf_weight=16970659.731176302 35786373.634784818 408975.43670091033 303599.79477316141 607740.52108353376 420410.31195884943 292337.69986158609 51257.262595891953 2231876.5945940912 318301.16825088859 215599.3369820565 13133.172915399075 29889.779315114021 8842262.1126590073 12316879.495754749
leaf_count=16242571 25115770 157782 98642 258444 439459 178244 34987 1565835 502644 345583 32818 34683 9308067 7253553
internal_value=2.43877e-05 -0.00309359 0.0037151 0.0222081 -0.00371045 -0.00901831 -0.002007 0.000795839 -0.00767402 -0.00894364 -0.0571479 -0.0509161 -0.00702074 -0.00635864
internal_weight=7.88093e+07 4.27193e+07 3.609e+07 1.01672e+06 4.17026e+07 1.01319e+07 3.15707e+07 1.92025e+07 9.8396e+06 9.41919e+06 361324 348191 9.05786e+06 1.23681e+07
internal_count=61569082 36354670 25214412 416226 35938444 10841498 25096946 17808406 10663254 10223795 570145 537327 9653650 7288540
is_linear=0
shrinkage=0.3


Tree=18
num_leaves=15
num_cat=0
split_feature=2 2 0 5 7 8 6 8 6 5 6 2 2 3
split_gain=7160.65 3251.8 10661.7 3651.65 8908.13 5597.88 3348.69 3237.15 6292.68 2963.78 5343.08 2812.09 2788.7 5789.83
threshold=0.048053655773401267 0.01549832569435239 0.078723412007093443 0.086276978254318251 0.51010766625404369 1.2358734607696535 0.01419629203155637 0.82274711132049572 0.023974091745913032 0.17271380126476291 0.091438774019479765 0.067753646522760405 1.0000000180025095e-35 392.00000000000006
decision_type=2 2 2 2 2 2 2 2 2 2 2 2 2 2
left_child=1 2 12 5 9 -3 -7 8 -2 10 -5 -9 -1 -14
right_child=7 3 -4 4 -6 6 -8 11 -10 -11 -12 -13 13 -15
leaf_value=0.0095289419214534318 0.0089499245435380147 -0.0012040812388986017 0.033647701919636154 -0.035548092037553998 -0.0004139106718296797 0.059834292832756542 0.0066479756291204749 0.0067124534386697682 -0.0071517579761954031 -0.049930743424296452 0.00070664568895758445 0.019926970849316047 -0.0113064934222569 -0.10429007479907756
leaf_weight=580278.86005830765 4919839.0743767321 40243063.772442043 532426.77820080519 811322.43145531416 4737136.8866975904 107938.3659953177 8230231.5714321434 5273929.2134351134 3928821.7759672105 349190.77679228783 666313.94919371605 1998559.7354796827 6365401.799368903 60845.373351663351
leaf_count=579688 4509305 35163328 273278 425731 1998485 94653 4994513 2716343 2597611 138430 289323 981296 6687004 119930
internal_value=1.57292e-05 -0.00143451 -0.00727841 -0.000635583 -0.00727704 0.000261765 0.00733648 0.00565471 0.00180075 -0.0250738 -0.0191997 0.0103439 -0.0103884 -0.0121869
internal_weight=7.88053e+07 6.26842e+07 7.53895e+06 5.51452e+07 6.56396e+06 4.85812e+07 8.33817e+06 1.61211e+07 8.84866e+06 1.82683e+06 1.47764e+06 7.27249e+06 7.00653e+06 6.42625e+06
internal_count=61568918 50764363 7659900 43104463 2851969 40252494 5089166 10804555 7106916 853484 715054 3697639 7386622 6806934
is_linear=0
shrinkage=0.3


Tree=19
num_leaves=15
num_cat=0
split_feature=4 2 8 6 3 6 8 2 4 2 5 8 7 6
split_gain=3480.75 3260.96 2563.46 3547.12 2157.09 2328.61 2315.42 2250.83 2050.87 3831.85 2662.98 4235.39 3977.94 3568.79
threshold=11.500000000000002 0.043800737708806999 0.59885114431381237 0.024170491844415668 824.00000000000011 0.024783881381154064 3.6547070741653447 0.12890359014272693 2.5000000000000004 0.020420230925083164 0.1146085597574711 1.984957814216614 0.51454347372055065 0.03015162888914347
decision_type=2 2 2 2 2 2 2 2 2 2 2 2 2 2
left_child=1 8 3 -3 5 7 -7 -4 10 -10 11 -1 -12 -13
right_child=-2 2 4 -5 -6 6 -8 -9 9 -11 12 13 -14 -15
leaf_value=-0.001882193092104831 0.095220933401764768 0.0029034080325628427 0.017085714317223027 -0.011348986864958418 -0.22547911266825577 0.0035510562055819533 0.038277733299871386 -0.048185097614366221 0.022930250546733612 0.00036406201032506915 -0.026355237156293673 0.054816523596163548 -0.0019443481285939554 0.0076939670880991134
leaf_weight=48718120.502196059 34511.376059234142 5375248.3610683084 1856417.0248604417 2220964.4714005589 3633.4254740476608 11245276.331187278 175497.25386461616 48799.618731111288 871990.42806014419 3032071.9398056269 965666.430349648 153511.87713550031 1590128.5600348115 2504532.644895494
leaf_count=42731251 5456 5034786 1521742 1546213 8517 5973674 53624 49283 465569 1615173 428420 117841 644750 1374063
internal_value=-3.26235e-05 -7.43611e-05 0.00313481 -0.00126368 0.0056414 0.00570442 0.00408468 0.0154139 -0.00123548 0.00540432 -0.00171613 -0.00124595 -0.0111676 0.0104155
internal_weight=7.87964e+07 7.87619e+07 2.09258e+07 7.59621e+06 1.33296e+07 1.3326e+07 1.14208e+07 1.90522e+06 5.7836e+07 3.90406e+06 5.3932e+07 5.13762e+07 2.55579e+06 2.65804e+06
internal_count=61570362 61564906 14187839 6580999 7606840 7598323 6027298 1571025 47377067 2080742 45296325 44223155 1073170 1491904
is_linear=0
shrinkage=0.3


Tree=20
num_leaves=15
num_cat=0
split_feature=1 5 0 2 6 2 1 6 5 4 0 2 0 1
split_gain=2721.72 9212.3 5244.27 3490.87 3314.06 3078.51 5414.27 2969.1 2713.18 4263.32 4089.19 4131.73 3070.07 3045.88
threshold=0.012556963600218298 0.00020165119349258023 0.022008107975125316 0.10763395950198175 0.0056584600824862727 0.054352393373847015 0.049923535436391837 0.0054909572936594495 0.010254157241433861 1.0000000180025095e-35 0.090950872749090209 0.015696670860052112 0.04889368265867234 0.03333301097154618
decision_type=2 2 2 2 2 2 2 2 2 2 2 2 2 2
left_child=2 -2 3 4 -1 7 -7 -3 13 10 11 -10 -11 -9
right_child=1 5 -4 -5 -6 6 -8 8 9 12 -12 -13 -14 -15
leaf_value=-0.0029346550117130489 -0.049403688329416766 -0.017277508865961182 0.051936648642083749 -0.07484167521157252 0.016287559992886023 0.010940044737461423 -0.0027627057859731163 0.0046465046942955352 -0.016980951953119928 -0.0034907133518854178 -0.032030836873669769 -0.002851146593059586 0.0034163344944024951 -0.0067721962580651503
leaf_weight=1678852.5922138691 343159.15859800577 982437.66146846116 230362.2129869163 48423.884796336293 1554818.1322820932 5644296.3799775541 4803988.6726508141 12971291.888379887 2049923.3657028675 9054600.4604692459 483402.49099352956 20373662.654046178 16072028.377086759 2509122.3625540733
leaf_count=2216339 500527 1327340 178629 67454 1607069 4093690 2637087 13473960 1775905 6736796 271795 14580224 9615491 2488621
internal_value=1.88384e-05 -0.000361983 0.00818158 0.00511052 0.0063078 -0.00013743 0.00463969 -0.000911313 -0.00065816 -0.00177129 -0.00473138 -0.00414287 0.000927319 0.00279572
internal_weight=7.88004e+07 7.52879e+07 3.51246e+06 3.28209e+06 3.23367e+06 7.49448e+07 1.04483e+07 6.44965e+07 6.3514e+07 4.80336e+07 2.2907e+07 2.24236e+07 2.51266e+07 1.54804e+07
internal_count=61570927 57501436 4069491 3890862 3823408 57000909 6730777 50270132 48942792 32980211 16627924 16356129 16352287 15962581
is_linear=0
shrinkage=0.3


Tree=21
num_leaves=15
num_cat=0
split_feature=3 1 1 2 1 2 3 6 5 5 8 6 8 0
split_gain=2686.25 12014 4193.34 3117.53 3668.71 2868.24 2770.31 2368.8 7483.93 3532.73 3329.8 2747.37 3084.52 2735.65
threshold=72.000000000000014 0.043646287173032768 0.0051872471813112506 0.028957329690456394 0.023053518496453766 0.019054379314184192 168.00000000000003 0.095479480922222151 0.17271380126476291 0.03303168714046479 1.0188612341880801 0.014320828951895239 0.74010175466537487 0.035736775025725372
decision_type=2 2 2 2 2 2 2 2 2 2 2 2 2 2
left_child=2 3 -1 4 -2 -3 -6 9 -9 10 13 -11 -13 -4
right_child=1 5 7 -5 6 -7 -8 8 -10 11 -12 12 -14 -15
leaf_value=0.035186115853046089 -0.0006843897819065498 -0.071730979633545827 -0.0013723019968399398 0.0034628658114295645 -0.01150736406233116 -0.026377398138050481 -0.046357300178525164 0.018384803839493164 -0.0052502960364918839 0.045848442578595487 0.010272752693602462 -0.0082814307822839332 -0.00072974606527144133 0.0045318249057724989
leaf_weight=318173.62874275446 5188887.1807240844 140990.8155670464 17397688.224225685 7053641.9901697487 2317232.5133464932 1142044.2752431035 225244.59292921424 2511735.8901168704 2318960.0017230511 104769.75296354294 3980083.1792113185 6752098.8521274924 17444373.025360644 11890146.140547961
leaf_count=272274 6068510 139006 16564949 6632511 2249430 857246 274795 1032830 764200 70900 2654333 4487020 9538454 9962370
internal_value=-5.35626e-05 -0.00351443 0.000833093 -0.00109789 -0.00525886 -0.0313612 -0.0145948 0.000657929 0.00703885 0.000122498 0.00213105 -0.00262717 -0.00283707 0.00102463
internal_weight=7.87861e+07 1.6068e+07 6.2718e+07 1.4785e+07 7.73136e+06 1.28304e+06 2.54248e+06 6.23999e+07 4.8307e+06 5.75692e+07 3.32679e+07 2.43012e+07 2.41965e+07 2.92878e+07
internal_count=61568828 16221498 45347330 15225246 8592735 996252 2524225 45075056 1797030 43278026 29181652 14096374 14025474 26527319
is_linear=0
shrinkage=0.3


Tree=22
num_leaves=15
num_cat=0
split_feature=8 2 5 3 0 3 0 2 2 8 5 2 3 1
split_gain=2396.46 3398.54 2618.22 6912.47 6810.53 2938.13 6093.8 2593.99 3928.54 2060.69 3961.22 2122.95 1980.44 2012.67
threshold=0.44245700538158422 0.012462443672120573 0.010254157241433861 104.00000000000001 0.019894443452358249 40.000000000000007 0.054566008970141418 1.0000000180025095e-35 0.0030078291893005375 1.1125673055648806 0.03303168714046479 0.021471080370247368 552.00000000000011 0.030235254205763343
decision_type=2 2 2 2 2 2 2 2 2 2 2 2 2 2
left_child=1 -1 4 5 7 -4 9 -2 -9 -7 -11 -12 13 -10
right_child=2 -3 3 -5 -6 6 -8 8 12 10 11 -13 -14 -15
leaf_value=-0.021710453466319612 0.0277351211427731 -0.0024069596906387786 0.0014418331118849234 -0.028837682867167536 0.028130067726788058 -0.0059670006448115922 -0.031396692339100161 -0.063601770842268909 0.004164827023625875 0.010824569118639549 -0.02417663668339837 -0.0019564057197630339 -0.057748078065423321 -0.0056728092329970305
leaf_weight=877248.94914358854 357092.17852446437 12767350.349230811 37707183.827956587 752306.96353551745 1002570.662054956 6223961.3612543941 685668.87164145708 82089.763774991035 10792159.011640131 2473422.4747679532 465999.59928226471 2282021.0056141615 49357.386515393853 2264403.8176500648
leaf_count=1210189 360176 13350185 23486690 515144 897748 5051151 412793 147931 10924862 1601568 291277 1188257 86238 2045203
internal_value=-3.28697e-05 -0.00364803 0.000724404 -0.000295521 0.00427127 0.000135322 -0.00392572 0.0025053 0.00182215 -0.00228 0.00211491 -0.00572443 0.00223194 0.00245868
internal_weight=7.87828e+07 1.36446e+07 6.51382e+07 5.05906e+07 1.45477e+07 4.98383e+07 1.21311e+07 1.35451e+07 1.3188e+07 1.14454e+07 5.22144e+06 2.74802e+06 1.31059e+07 1.30566e+07
internal_count=61569412 14560374 47009038 32546880 14462158 32031736 8545046 13564410 13204234 8132253 3081102 1479534 13056303 12970065
is_linear=0
shrinkage=0.3


Tree=23
num_leaves=15
num_cat=0
split_feature=3 1 8 1 8 5 0 8 3 1 2 1 8 5
split_gain=2376.74 3672.26 2337.07 2180.61 1768.29 2052.29 7340.19 4032.48 3927.89 2776.74 2517.38 2479 2335.54 2470.35
threshold=360.00000000000006 0.01016414910554886 2.8926011323928837 0.07544910162687303 0.28908300399780279 0.019408183172345165 0.032490588724613197 0.49405093491077429 56.000000000000007 0.015687440522015098 1.0000000180025095e-35 0.061403155326843269 0.73001453280448925 0.086276978254318251
decision_type=2 2 2 2 2 2 2 2 2 2 2 2 2 2
left_child=2 -2 4 -4 -1 6 10 -8 9 -7 -6 -10 -11 -14
right_child=1 -3 3 -5 5 8 7 -9 11 12 -12 -13 13 -15
leaf_value=-0.0080277477288609646 -0.0075769893172547616 -0.071411639878935257 0.0083928931444870042 0.05589439181133006 0.027324587169054771 0.025967967299655566 0.0076837168018226414 0.027956480717282 -0.0088520763094624855 -0.0038067671651110264 -0.00019476722511181489 -0.038110872942446361 0.0032379517862428995 -0.0031727865038859103
leaf_weight=2482487.8629597127 393012.0626873374 102199.11935414374 1690924.9351471364 91693.969436109066 302428.48173648119 354572.0527523458 3235175.5188287199 1214584.8441614509 2806214.3044288456 13874450.436542124 27748288.434200406 287301.41663759947 16037141.621271372 8163729.5428444147
leaf_count=2953918 534315 150647 690897 20893 320736 231002 3040042 967252 1809766 10291721 27185517 179580 9686779 3507323
internal_value=-3.28574e-05 -0.0207509 9.81928e-05 0.0108363 -0.000152007 0.000112116 0.0018976 0.0132173 -0.00128539 -0.000457549 0.000101932 -0.0115694 -0.000703634 0.0010754
internal_weight=7.87842e+07 495211 7.8289e+07 1.78262e+06 7.65064e+07 7.40239e+07 3.25005e+07 4.44976e+06 4.15234e+07 3.84299e+07 2.80507e+07 3.09352e+06 3.80753e+07 2.42009e+07
internal_count=61570388 684962 60885426 711790 60173636 57219718 31513547 4007294 25706171 23716825 27506253 1989346 23485823 13194102
is_linear=0
shrinkage=0.3


Tree=24
num_leaves=15
num_cat=0
split_feature=4 1 8 4 2 2 1 5 6 8 2 5 6 6
split_gain=1863.27 4210.01 2487.74 2234.93 1828.76 1750.62 2717.22 2354.88 2541.49 1517.99 1895.29 2288.76 2255.38 1569.79
threshold=6.5000000000000009 0.052874067798256881 1.2500286102294924 13.500000000000002 0.0072675796691328296 1.0000000180025095e-35 0.056874541565775878 0.062465175986289985 0.05953935161232949 2.3230853080749516 0.069045480340719237 0.17271380126476291 0.17227775603532794 0.014972245786339046
decision_type=2 2 2 2 2 2 2 2 2 2 2 2 2 2
left_child=4 -2 -3 -4 5 6 -1 8 -7 -6 11 -11 -13 -12
right_child=1 2 3 -5 9 7 -8 -9 -10 10 13 12 -14 -15
leaf_value=0.0069994913685501722 0.091126778311235876 0.03073891508156686 -0.027207814130302058 0.12065014016045209 -0.00026128127553710673 -0.019528985356556807 -0.087670940693939922 0.033282267353065512 -0.10249772329343194 0.009402482255522376 -0.26357720503956683 -0.018239786533280983 0.0084483331085571396 0.0343517290979573
leaf_weight=559906.85304510593 63262.218366503716 192618.75882148743 162857.27600347996 9751.5129368305206 72985114.067339301 830930.47529356182 28683.730923682451 72941.282864451408 34611.909490436316 2438206.6194332391 1602.8680015206337 663224.89039373398 499714.82515335083 228290.51239597797
leaf_count=561544 19706 73378 39092 1106 58010852 1110723 23300 35007 31558 1192179 3426 244093 146656 76957
internal_value=-5.21972e-05 0.0196768 0.00730072 -0.0188546 -0.000160103 -0.0104402 0.00238593 -0.0184843 -0.0228468 4.42605e-05 0.00586514 0.00417919 -0.00677191 0.0322745
internal_weight=7.87717e+07 428490 365228 172609 7.83432e+07 1.52707e+06 588591 938484 865542 7.68162e+07 3.83104e+06 3.60115e+06 1.16294e+06 229893
internal_count=61569577 133282 113576 40198 61436295 1762132 584844 1177288 1142281 59674163 1663311 1582928 390749 80383
is_linear=0
shrinkage=0.3


Tree=25
num_leaves=15
num_cat=0
split_feature=0 1 5 8 2 3 1 2 1 5 5 3 5 8
split_gain=1593.44 1938.02 1406.46 2178.65 1972.71 1367.15 5847.1 2572.57 1854.34 1972.01 1841.06 4341.35 2070.55 1921.58
threshold=0.1654932647943497 0.064436603337526335 0.17271380126476291 1.8845091462135317 0.012462443672120573 200.00000000000003 0.015279006212949755 0.022102572955191139 0.026745173148810867 6.891084558446893e-05 0.010254157241433861 88.000000000000014 0.011986377183347942 0.30419833958148962
decision_type=2 2 2 2 2 2 2 2 2 2 2 2 2 2
left_child=2 -2 3 5 -4 10 7 -7 9 -8 13 12 -12 -1
right_child=1 -3 4 -5 -6 6 8 -9 -10 -11 11 -13 -14 -15
leaf_value=-0.0061376442739489046 0.064946110466316959 0.0092082801743553055 0.040880788361800133 0.0058806013982239695 -0.0086533176474115885 -0.010225044740004104 -0.085340178001848191 0.015666683921755596 -0.06169519370764278 -0.017680787539509087 -0.0088972781022357283 -0.019911508412341645 -0.00020351108960961703 0.0034486763898315207
leaf_weight=2118157.9821299165 61126.497710198164 688737.27170923352 74599.445298552513 5422906.1912192404 2410341.3711744547 656270.9129960835 41845.237479448318 729041.27119348943 135553.41757984459 527550.5880215764 2607286.4803073704 1079780.3738646209 45353144.84679386 16872121.25874503
leaf_count=2669893 18018 241815 24847 2781597 849684 908496 70853 937271 165729 639203 2416664 810891 31656644 17380074
internal_value=-1.13967e-05 0.0137518 -0.000143663 8.73394e-05 -0.00716627 -0.000360692 -0.00791783 0.00340086 -0.0301604 -0.0226531 -0.000128497 -0.00109966 -0.000676133 0.00237943
internal_weight=7.87785e+07 749864 7.80286e+07 7.55437e+07 2.48494e+06 7.01208e+07 2.09026e+06 1.38531e+06 704949 569396 6.80305e+07 4.90402e+07 4.79604e+07 1.89903e+07
internal_count=61571679 259833 61311846 60437315 874531 57655718 2721552 1845767 875785 710056 54934166 34884199 34073308 20049967
is_linear=0
shrinkage=0.3


Tree=26
num_leaves=15
num_cat=0
split_feature=5 1 1 3 2 2 1 6 3 6 0 5 3 0
split_gain=1376.08 1991.09 1926.03 2724.59 2171.58 2010.08 1612.91 1599.2 1400.28 1364.27 1886.52 1264.15 3287.58 2729.62
threshold=3.2488975421074433e-06 0.0083249718882143515 0.0097399353981018084 328.00000000000006 0.090638600289821639 0.062500134110450759 0.024540834128856662 0.084789279848337187 152.00000000000003 0.0045904095750302085 0.028472365811467174 0.03303168714046479 40.000000000000007 0.081340633332729353
decision_type=2 2 2 2 2 2 2 2 2 2 2 2 2 2
left_child=1 -1 5 4 9 7 -5 -2 -7 10 -4 -11 -13 -14
right_child=2 -3 3 6 -6 8 -8 -9 -10 11 -12 12 13 -15
leaf_value=-0.014751619219217058 0.013471598580208499 -0.12371098640557826 -0.017901068830276666 -0.030962883133711951 0.011941039213699971 -0.08966229306409379 -0.17321333093835087 -0.41806603937190856 -0.006872848703506667 0.00089943171261385401 0.020367755863335443 -0.00036890452535260249 -0.0083931790497886183 -0.057551408974748891
leaf_weight=262260.86924216151 1446419.437423557 16015.728605031967 745445.03128068149 173788.06508335471 1344045.1539185941 27890.329533040524 7482.6192192137241 773.28538087010384 53960.820585340261 45569189.465367138 137286.0987470746 25056447.826841265 3828428.7878286541 104433.52794000506
leaf_count=351375 1647709 30507 1083958 244927 857599 34093 11925 484 70509 41207257 145534 13652202 2172243 60098
internal_value=3.63668e-05 -0.0210226 0.000111023 -9.84307e-05 -1.17054e-05 0.0106542 -0.0368348 0.013241 -0.0350829 -0.000224653 -0.0119493 -8.58393e-05 -0.00163462 -0.00969853
internal_weight=7.87739e+07 278277 7.84956e+07 7.69665e+07 7.67853e+07 1.52904e+06 181271 1.44719e+06 81851.2 7.54412e+07 882731 7.45585e+07 2.89893e+07 3.93286e+06
internal_count=61570420 381882 61188538 59435743 59178891 1752795 256852 1648193 104602 58321292 1229492 57091800 15884543 2232341
is_linear=0
shrinkage=0.3


Tree=27
num_leaves=15
num_cat=0
split_feature=4 3 1 2 2 3 6 1 8 3 1 1 2 1
split_gain=1147.71 1100.57 4709.42 2152.18 1893.56 1689.81 1442.67 1550.88 1360.54 1734.4 1339.54 1324.02 1264.36 1613.54
threshold=11.500000000000002 136.00000000000003 0.021539385430514816 0.029694532044231895 0.10763395950198175 200.00000000000003 0.0030985811026766901 0.013637126889079811 1.5608922243118288 696.00000000000011 0.0051872471813112506 0.047320313751697547 0.082081608474254622 0.066187910735607161
decision_type=2 2 2 2 2 2 2 2 2 2 2 2 2 2
left_child=1 10 3 8 6 11 -5 -8 -3 -10 -1 -4 -12 -14
right_child=-2 2 5 4 -6 -7 7 -9 9 -11 12 -13 13 -15
leaf_value=0.019409676343738327 0.054217191598907435 -0.0066508005675222559 -0.010399665514449258 -0.026436632103101213 -0.047859559047588415 -0.03657216727311844 0.026568821585789878 0.0061291127513958552 0.016430747811776308 -0.25116561254817993 0.00012210473127102146 -0.054356152716607535 0.012481950595375909 -0.008392721378486432
leaf_weight=332640.35767634213 35295.648354411125 2100753.4393282533 1204205.8018777221 80733.514836445451 48286.820285096765 336166.60221751034 581937.44048638642 784467.33042483032 310709.53546383977 2195.2733083516359 70957864.156809941 65001.380022659898 1513007.9305928648 427401.23339024186
leaf_count=291857 5623 2743850 1190081 136829 68221 393002 660881 809586 272995 6001 53716076 58122 1003697 206898
internal_value=0.00013186 0.000107617 -0.00397947 0.00163882 0.0105817 -0.01766 0.0125317 0.0148342 -0.00390191 0.0145533 0.000415384 -0.0126509 0.000328712 0.00788402
internal_weight=7.87807e+07 7.87454e+07 5.51446e+06 3.90908e+06 1.49543e+06 1.60537e+06 1.44714e+06 1.3664e+06 2.41366e+06 312905 7.32309e+07 1.26921e+06 7.28983e+07 1.94041e+06
internal_count=61563719 61558096 6339568 4698363 1675517 1641205 1607296 1470467 3022846 278996 55218528 1248203 54926671 1210595
is_linear=0
shrinkage=0.3


Tree=28
num_leaves=15
num_cat=0
split_feature=8 5 2 5 0 1 5 0 6 6 3 6 5 5
split_gain=1171.89 1403.88 1403.15 1703.2 1530.77 2678.43 1886.17 2668.51 1522.29 1442.32 1433.31 1408.12 4047.93 3244.37
threshold=0.54223543405532848 3.7614961911458529e-05 0.033649221062660224 0.22428447008132937 0.10971909761428834 0.042849780991673476 0.086276978254318251 0.04889368265867234 0.084789279848337187 0.11909534782171251 24.000000000000004 0.048784730955958373 0.03303168714046479 0.020108743570744995
decision_type=2 2 2 2 2 2 2 2 2 2 2 2 2 2
left_child=1 -1 4 9 6 -6 11 8 -8 -4 -7 12 -2 -13
right_child=2 -3 3 -5 5 10 7 -9 -10 -11 -12 13 -14 -15
leaf_value=-0.029733852366832531 0.0011658476173972811 -0.0016166787168796358 0.0022601500168212803 -0.010232634502198317 0.072520726583656867 0.0094892674433664313 -0.037388995879219206 -0.0032050101745657294 -0.010200674451298668 0.013106172594224043 -0.030863053785407865 -0.016770728385149158 -0.0084808223175108586 0.0085996277443814197
leaf_weight=160916.42228883505 15345557.036727592 23446034.142650813 24444982.644404471 942990.64538323879 58101.621957063675 1075333.7910443544 373443.10565173626 2305860.1706197262 367965.26322853565 1155641.3436307311 85522.76415938139 528024.46853916347 5255721.7765726447 3220674.9657662511
leaf_count=299238 13766474 23581369 15567889 290770 20906 422944 196508 1053098 160382 427812 42088 381651 3528699 1824390
internal_value=-3.9516e-05 -0.00180834 0.000717494 0.00228854 -0.000739765 0.00966252 -0.00120258 -0.00823901 -0.0238953 0.00274975 0.00651643 -0.000322013 -0.00129518 0.00502608
internal_weight=7.87668e+07 2.3607e+07 5.51598e+07 2.65436e+07 2.86162e+07 1.21896e+06 2.73972e+07 3.04727e+06 741408 2.56006e+07 1.16086e+06 2.435e+07 2.06013e+07 3.7487e+06
internal_count=61564218 23880607 37683611 16286471 21397140 485938 20911202 1409988 356890 15995701 465032 19501214 17295173 2206041
is_linear=0
shrinkage=0.3


Tree=29
num_leaves=15
num_cat=0
split_feature=0 1 3 7 2 2 2 5 6 2 6 5 6 2
split_gain=952.068 5330.62 3209.67 2356.45 2283.52 2032.87 1755.55 1707.61 2645.49 1589.43 2079.67 1990.86 4504.79 4364.27
threshold=0.052834806963801391 0.027794613502919677 40.000000000000007 5.8773493766784677 0.01922519970685244 0.027219067327678207 1.0000000180025095e-35 0.051976159214973457 0.039258101955056197 0.02465782500803471 0.031303763389587409 0.026500084437429908 0.019315074197947982 0.0170652074739337
decision_type=2 2 2 2 2 2 2 2 2 2 2 2 2 2
left_child=3 5 4 9 6 -2 -3 8 -6 10 11 12 -1 -14
right_child=1 2 -4 -5 7 -7 -8 -9 -10 -11 -12 -13 13 -15
leaf_value=-0.0029162916944023608 0.013404165464885754 -0.073623793531281082 -0.016938397069390893 -0.035029171599626388 0.0019146241417917749 0.049800522153779024 0.01209784043419844 -0.0016314826548945436 0.018027257767445754 0.00060613771707403175 -0.0089034056766108503 -0.012625739132882128 0.025479854888224875 0.0010512534934668625
leaf_weight=10284827.655625537 289777.67467984557 21731.866528183222 867466.72119882703 178582.97984713316 6773305.1294895709 263886.01492270827 2031239.6500388086 11652216.15316236 1060716.1740067005 37418719.713768661 3949142.5913473815 1237133.8319379985 1091963.8730324358 1656950.1906501651
leaf_count=11870105 211399 16233 555699 75700 5114982 163950 1253492 5545083 627450 30035753 2684922 954191 1051512 1410508
internal_value=4.57224e-05 0.00167183 0.000953282 -0.000623173 0.00167385 0.0307513 0.0111904 0.00067123 0.00409625 -0.000512741 -0.0028106 -0.00112455 -3.2884e-05 0.0107551
internal_weight=7.87777e+07 2.29603e+07 2.24067e+07 5.58173e+07 2.15392e+07 553664 2.05297e+06 1.94862e+07 7.83402e+06 5.56387e+07 1.822e+07 1.42709e+07 1.30337e+07 2.74891e+06
internal_count=61570979 13488288 13112939 48082691 12557240 375349 1269725 11287515 5742432 48006991 17971238 15286316 14332125 2462020
is_linear=0
shrinkage=0.3


Tree=30
num_leaves=15
num_cat=0
split_feature=6 6 6 5 6 5 4 5 7 7 7 4 7 5
split_gain=873.173 2309.15 2668.11 2188 3275.74 3049.02 1988.89 1819.54 1859.43 1724.44 1712.03 2384.2 2158.48 1472.35
threshold=0.091438774019479765 0.069278150796890273 0.050252690911293037 0.051976159214973457 0.023974091745913032 0.10007584467530252 2.5000000000000004 0.086276978254318251 0.31846567988395696 0.76454874873161327 0.39360255002975469 1.0000000180025095e-35 0.21872194856405261 0.17271380126476291
decision_type=2 2 2 2 2 2 2 2 2 2 2 2 2 2
left_child=1 2 3 6 -5 -6 10 -4 -9 -8 11 -1 -13 -2
right_child=13 -3 7 4 5 -7 9 8 -10 -11 -12 12 -14 -15
leaf_value=-0.00019471086245869171 0.0076314231168266187 -0.0068579816755228468 0.0082576433169496335 0.028522202467477584 -0.0098594383889701251 0.015120999646384295 0.044338728284470989 -0.02135280483129548 0.0020934574569942467 0.0076862971659731744 -0.0034897056599870421 0.017764620330348722 0.0031603965968923305 -0.0021082530678864083
leaf_weight=37298698.972102165 3301692.7668563426 4581206.0992536843 5496522.6273770034 235009.4765625596 4974587.5127475262 482390.19263768196 125981.6802238524 375314.40898841619 1611645.8115099072 1392211.7294670641 11717161.43049413 1229551.6665254235 3513647.0583382249 2421316.817442894
leaf_count=35403910 1415071 2202866 3138613 138238 2940206 225923 101463 203499 755490 988725 9028564 1139261 3079530 803415
internal_value=-5.7712e-05 -0.000337338 9.90573e-05 -0.000557125 -0.00615768 -0.0076512 1.95732e-05 0.00544509 -0.00233528 0.0107278 -0.000282834 0.000610928 0.00694616 0.00351072
internal_weight=7.87569e+07 7.30339e+07 6.84527e+07 6.09692e+07 5.69199e+06 5.45698e+06 5.52773e+07 7.48348e+06 1.98696e+06 1.51819e+06 5.37591e+07 4.20419e+07 4.7432e+06 5.72301e+06
internal_count=61564774 59346288 57143422 53045820 3304367 3166129 49741453 4097602 958989 1090188 48651265 39622701 4218791 2218486
is_linear=0
shrinkage=0.3


Tree=31
num_leaves=15
num_cat=0
split_feature=8 0 5 7 0 1 3 5 5 8 8 1 3 7
split_gain=1135.38 1483.8 984.451 2327.23 1024.14 4047.88 2029.93 1721.99 1704.2 2394.38 1997.4 1598.93 2417.04 1748.5
threshold=3.1566251516342168 0.089038230478763594 0.22428447008132937 0.96323543787002575 0.04249252192676068 0.021989954635500911 56.000000000000007 0.1146085597574711 0.019408183172345165 0.409067913889885 0.64461666345596325 0.05211229249835015 104.00000000000001 0.31846567988395696
decision_type=2 2 2 2 2 2 2 2 2 2 2 2 2 2
left_child=2 -2 4 -4 7 -6 8 11 9 -7 -10 13 -13 -1
right_child=1 -3 3 -5 5 6 -8 -9 10 -11 -12 12 -14 -15
leaf_value=0.0004168304606752598 0.0046390028494870264 0.033573268802017671 -0.042022508743610104 -0.0034099972986169542 0.035416579865556394 0.0036080743878257535 -0.022045479345628789 -0.029851669849537181 -0.0027813932286955023 0.027137076861735273 0.0026304254995461844 -0.0063907790715230272 -0.048912527221293071 -0.0047155621041637457
leaf_weight=37953809.749912202 1064363.7978871912 187631.76275074482 162792.1811978817 1025151.863078475 311434.98375561833 1510407.5076742768 339053.15067091584 183710.19652199745 9644126.3719476759 524390.90753135085 16882951.639290929 1764084.7429734617 129116.48046825826 7090042.6653842628
leaf_count=35257129 448508 44495 61181 316573 226887 1451786 230746 84428 7193184 425212 9023984 1213065 107599 5485443
internal_value=1.31318e-05 0.00897527 -0.00013161 -0.00870134 1.7572e-06 0.00139738 0.00103079 -0.000863453 0.00130472 0.00967177 0.000662917 -0.000749994 -0.00929077 -0.000391024
internal_weight=7.87731e+07 1.252e+06 7.75211e+07 1.18794e+06 7.63331e+07 2.92124e+07 2.89009e+07 4.71208e+07 2.85619e+07 2.0348e+06 2.65271e+07 4.69371e+07 1.8932e+06 4.50439e+07
internal_count=61570220 493003 61077217 377754 60699463 18551799 18324912 42147664 18094166 1876998 16217168 42063236 1320664 40742572
is_linear=0
shrinkage=0.3


Tree=32
num_leaves=15
num_cat=0
split_feature=8 2 0 2 5 3 0 8 8 0 5 8 0 5
split_gain=976.544 1078.31 1262.45 977.238 912.536 3246.22 3203.1 1718.64 1907.29 2103.53 4310.67 3186.85 2900.09 2620.81
threshold=0.49920177459716802 0.014539493247866632 0.04889368265867234 0.031550010666251189 0.03303168714046479 72.000000000000014 0.054566008970141418 1.048847019672394 0.76591223478317272 0.015205891802906992 0.019408183172345165 0.68918824195861828 0.026887192390859131 0.008129861671477558
decision_type=2 2 2 2 2 2 2 2 2 2 2 2 2 2
left_child=1 2 -1 -3 6 -6 7 8 9 11 12 -2 13 -11
right_child=4 3 -4 -5 5 -7 -8 -9 -10 10 -12 -13 -14 -15
leaf_value=-0.012248988978983463 0.00086170354554851534 0.0013037488908425098 0.0097183035937960099 -0.0032011410933414017 -0.00021663104130552354 -0.022556299146496674 0.020040026111236068 0.0048736701405497976 -0.0041127715518961645 0.024890735959241215 -0.0031170315781310302 -0.0171697054312549 0.018314515546120038 0.0012480859601305401
leaf_weight=1531950.2684175372 3869155.2635052949 7854939.9639543593 278211.26641449332 9668088.6799815446 27307821.143847167 598244.3353894949 830911.39757937193 8216212.932932958 7469114.3173782974 487212.85336777568 4125884.7846621573 1142683.6984922439 2148332.1039993763 3151345.8392986059
leaf_count=2096673 4301824 8514929 250772 9109084 14649942 335989 597957 5941432 6118849 450506 3298069 1157570 1809883 2872382
internal_value=-5.01182e-05 -0.00190187 -0.00887274 -0.00118176 0.000553118 -0.000695544 0.0016614 0.00116251 -0.000199112 0.0017595 0.00429198 -0.0032494 0.00957438 0.0044139
internal_weight=7.86801e+07 1.93332e+07 1.81016e+06 1.7523e+07 5.93469e+07 2.79061e+07 3.14409e+07 3.06099e+07 2.23937e+07 1.49246e+07 9.91278e+06 5.01184e+06 5.78689e+06 3.63856e+06
internal_count=61505861 19971458 2347445 17624013 41534403 14985931 26548472 25950515 20009083 13890234 8430840 5459394 5132771 3322888
is_linear=0
shrinkage=0.3


Tree=33
num_leaves=15
num_cat=0
split_feature=8 2 6 5 0 1 3 8 2 0 6 5 1 0
split_gain=1134.39 1004.29 1041.75 902.891 2401.3 4185.71 2044.74 1820.68 1517.47 1475.17 2515.26 4295.12 2437.2 2127.88
threshold=2.171999573707581 0.076376873999834075 0.031303763389587409 0.010254157241433861 0.021013804711401466 0.015279006212949755 72.000000000000014 0.94193533062934887 0.015696670860052112 0.0046795078087598094 0.0095527088269591349 0.0049188802950084218 0.02423754241317511 0.022714023478329185
decision_type=2 2 2 2 2 2 2 2 2 2 2 2 2 2
left_child=3 2 -2 9 7 8 -7 -5 -6 12 11 -11 -1 -12
right_child=1 -3 -4 4 5 6 -8 -9 -10 10 13 -13 -14 -15
leaf_value=9.4759777223776026e-05 0.03063562867268909 0.026105173843749406 0.0028863690601890328 -0.013762396102785424 -0.011358565836502082 -0.00019192789533076021 -0.016042417233501631 -0.0026781838803986166 0.040128205318290804 0.0059087499841740223 0.0040831606181332648 -0.011763707535274255 -0.016105353809023299 0.016926795502455974
leaf_weight=5520831.5597066879 125075.2049742192 185852.67493677139 4592517.5259212255 2084550.0709967911 61822.215317219496 45632258.573780984 744429.19642186165 3702910.4241898954 309141.45950469375 2618403.7079096884 8514276.0083548278 2347290.434835583 984892.87312191725 1344242.5294080675
leaf_count=6564760 92418 66322 2018451 1835449 57261 31205398 562791 2538530 226987 3279408 8119591 2656956 1046679 1298504
internal_value=5.55408e-05 0.00447424 0.00362207 -0.000237789 -0.000906117 -0.000192469 -0.000446357 -0.00667054 0.0315478 0.00140829 0.00306104 -0.00244504 -0.00235775 0.00583443
internal_weight=7.87685e+07 4.90345e+06 4.71759e+06 7.3865e+07 5.25351e+07 4.67477e+07 4.63767e+07 5.78746e+06 370964 2.13299e+07 1.48242e+07 4.96569e+06 6.50572e+06 9.85852e+06
internal_count=61569505 2177191 2110869 59392314 36426416 32052437 31768189 4373979 284248 22965898 15354459 5936364 7611439 9418095
is_linear=0
shrinkage=0.3


Tree=34
num_leaves=15
num_cat=0
split_feature=0 7 7 2 0 1 0 6 6 7 5 7 6 6
split_gain=760.891 1190.35 1082.12 1997.74 1001.8 1067.48 789.267 757.211 756.439 1460.72 1232.24 2305.45 1149.67 1736.36
threshold=0.1654932647943497 0.2885576486587525 5.545361042022706 0.014286224730312826 0.067714840173721327 0.036764856427907951 0.04980705305933953 0.027171340771019462 0.087883666157722487 1.1471228599548342 0.086276978254318251 0.32231616973876959 0.039258101955056197 0.031303763389587409
decision_type=2 2 2 2 2 2 2 2 2 2 2 2 2 2
left_child=2 -2 8 6 -5 -6 -4 -3 10 -10 12 -12 13 -1
right_child=1 7 3 4 5 -7 -8 -9 9 -11 11 -13 -14 -15
leaf_value=0.00021104057570166902 -0.063178827093630471 0.069722628556826094 -0.046333811095373802 -0.022705648486735577 0.022188893569029748 -0.0083711954275728154 0.043679354526876137 0.009894498439137563 -0.00010864964005337535 0.010787616781704675 -0.017986916125591664 -0.0011408819418134064 0.0025542532161891033 -0.004694516260480861
leaf_weight=45716859.139344141 19730.053726285696 19563.58824723959 9753.1615302562714 410040.47379410267 112958.59426963329 1151891.0009580851 86712.659744799137 710291.61683809757 3150085.584700793 1707445.1306807995 972182.26467990875 2948927.0411263704 14174124.425790787 7569033.1725894064
leaf_count=43163952 9319 10557 4650 170627 43645 414459 29050 239677 1373096 646131 507070 1399685 8372335 5185409
internal_value=2.0063e-05 0.00953258 -7.13412e-05 -0.0074016 -0.00981946 -0.005642 0.0345786 0.0114982 9.89726e-05 0.00372144 -0.000147539 -0.00531761 0.000152972 -0.000485773
internal_weight=7.87596e+07 749585 7.801e+07 1.77136e+06 1.67489e+06 1.26485e+06 96465.8 729855 7.62387e+07 4.85753e+06 7.13811e+07 3.92111e+06 6.746e+07 5.32859e+07
internal_count=61569662 259553 61310109 662431 628731 458104 33700 250234 60647678 2019227 58628451 1906755 56721696 48349361
is_linear=0
shrinkage=0.3


Tree=35
num_leaves=15
num_cat=0
split_feature=8 3 2 5 3 2 6 1 5 1 8 2 5 8
split_gain=1011.54 1032.54 880.509 1321.32 1469.79 1661.88 1358.43 1241.54 1172.65 1156.3 1095.03 1034.21 1294.57 873.728
threshold=0.57379275560379039 408.00000000000006 0.057274611666798599 0.1146085597574711 40.000000000000007 0.016277451068162922 0.11118761822581293 0.01016414910554886 0.22428447008132937 0.056874541565775878 1.2223918437957766 0.12890359014272693 0.013337114360183479 3.6547070741653447
decision_type=2 2 2 2 2 2 2 2 2 2 2 2 2 2
left_child=1 -1 3 -2 5 -5 10 11 -8 -9 -7 12 -4 -10
right_child=2 -3 7 4 -6 6 8 9 13 -11 -12 -13 -14 -15
leaf_value=-0.0015400662382714691 0.0007859757684101626 -0.044280537670258739 0.005393107411363317 0.016102582525652526 -0.02501278416181436 0.0012048175696210053 0.0094295746615789804 0.0079100075257964812 -0.010327698139016716 -0.0010052835066127798 -0.012474749804886371 -0.099162043622179313 -0.06703723400014977 0.012269317944042332
leaf_weight=26503088.403250933 41101423.547139391 50968.92856438458 77412.339300692081 376452.98424714804 290514.67097038031 713577.50331193209 896580.00593698025 3706412.6571620107 753371.47469234467 2024465.8346971273 2010487.443631351 15108.01523321867 31143.60418766737 193565.76360762119
leaf_count=26397268 29725405 105226 89825 141614 129512 305314 335669 2214371 236813 919035 870214 24204 19764 53849
internal_value=-0.00011469 -0.0016221 0.000652269 0.000214263 -0.00427479 -0.00305622 -0.00463525 0.00411888 0.00165374 0.00476063 -0.00889134 -0.0256213 -0.0153864 -0.00570859
internal_weight=7.87446e+07 2.65541e+07 5.21905e+07 4.6336e+07 5.23455e+06 4.94404e+06 4.56758e+06 5.85454e+06 1.84352e+06 5.73088e+06 2.72406e+06 123664 108556 946937
internal_count=61568083 26502494 35065589 31798390 2072985 1943473 1801859 3267199 626331 3133406 1175528 133793 109589 290662
is_linear=0
shrinkage=0.3


Tree=36
num_leaves=15
num_cat=0
split_feature=1 0 0 5 2 0 2 0 0 1 5 1 0 8
split_gain=737.74 2960.89 2111.87 1538.29 1248.49 1108.88 1063.71 2305.65 2156.3 3553.9 1315.37 2435.19 1398.03 1384.14
threshold=0.030080205760896209 0.065243534743785872 0.014927647076547148 0.22428447008132937 0.036999445408582694 0.0026503745466470723 0.018362499773502353 0.012944946065545084 0.034753678366541869 0.01831047143787146 0.0011476235231384637 0.0083249718882143515 0.0066730114631354817 0.74996140599250805
decision_type=2 2 2 2 2 2 2 2 2 2 2 2 2 2
left_child=1 3 4 6 -2 -6 7 10 -8 -10 -1 12 -12 -13
right_child=2 -3 -4 -5 5 -7 8 -9 9 -11 11 13 -14 -15
leaf_value=-0.004776044806427778 -0.014341711726861389 0.03350482829247755 -0.00022127716691464547 -0.064612415479523747 -0.035240000759309678 -0.00037787250871252042 0.00079134263178558728 -0.0073064604719830705 0.043597789530639842 0.0062858729524417874 0.0097145721838716153 -0.0022738265398491659 0.067556476538031748 0.012872204318071052
leaf_weight=1192462.6217364222 1548233.6865344793 252293.68408671021 44986121.289210707 32252.407957077026 86957.189200937748 1474488.3123901486 19897174.788754717 3822345.8989063948 249652.01243564487 2881724.9533246756 63884.489334002137 1149053.3542748392 91430.128493756056 1029612.2924246788
leaf_count=1690737 1459274 154274 29610399 12514 88098 1189145 18631195 3748095 174480 2186801 74777 1499925 88847 959346
internal_value=-1.08222e-05 0.00113913 -0.000743937 0.000870609 -0.00830499 -0.00231935 0.000940134 -0.00220242 0.00194298 0.0092606 0.0033299 0.00747133 0.0437648 0.00488401
internal_weight=7.87577e+07 3.06619e+07 4.80958e+07 3.04096e+07 3.10968e+06 1.56145e+06 3.03773e+07 7.34879e+06 2.30286e+07 3.13138e+06 3.52644e+06 2.33398e+06 155315 2.17867e+06
internal_count=61567907 29220991 32346916 29066717 2736517 1277243 29054203 8061727 20992476 2361281 4313632 2622895 163624 2459271
is_linear=0
shrinkage=0.3


Tree=37
num_leaves=15
num_cat=0
split_feature=0 1 3 2 0 2 8 7 3 8 7 1 5 8
split_gain=666.667 3453.89 1430.74 1368.5 1198.14 1185.41 1128 1383.14 1052.89 3107.14 1016.8 932.657 884.18 876.489
threshold=0.072316080331802382 0.037938361987471587 40.000000000000007 0.02465782500803471 0.085804063826799407 1.0000000180025095e-35 0.36044043302536016 0.35474109649658209 24.000000000000004 1.000002443790436 0.26117397844791418 0.059534655883908279 0.051976159214973457 0.63718721270561229
decision_type=2 2 2 2 2 2 2 2 2 2 2 2 2 2
left_child=6 4 3 5 -2 -3 -1 8 9 10 -8 -9 13 -5
right_child=1 2 -4 12 -6 -7 7 11 -10 -11 -12 -13 -14 -15
leaf_value=-0.004445274973817903 0.013256400813362374 -0.098746786795209207 -0.023684708983550008 0.0025918618625171471 0.038534077492497695 0.0087290740398915101 0.018883330480074772 -0.0028842619520866287 0.00048772820303194449 -0.01805587116383715 0.0056779575856390615 0.006954762068578332 -0.0021051313585998487 0.02131640675418851
leaf_weight=5716026.4510999918 524456.10545143485 9278.7512902617455 212775.84344491363 2288947.6607772112 248833.80479568243 2010050.4008851051 903586.1424087882 15904459.358174175 41147198.726848319 384662.20642268658 1251772.4054940045 917079.93263101578 6985888.2901336551 249518.05057454109
leaf_count=6710610 324701 6791 127573 1656121 127997 1081020 750790 10883168 34703031 224895 1064211 497921 3262957 148473
internal_value=-3.72559e-05 0.00196942 0.00069199 0.00114131 0.0213904 0.00823523 -0.000416919 -3.63764e-05 0.000853647 0.00678137 0.011214 -0.00234786 -0.000362728 0.00443239
internal_weight=7.87545e+07 1.25297e+07 1.17565e+07 1.15437e+07 773290 2.01933e+06 6.62248e+07 6.05088e+07 4.36872e+07 2.54002e+06 2.15536e+06 1.68215e+07 9.52435e+06 2.53847e+06
internal_count=61570259 6735633 6282935 6155362 452698 1087811 54834626 48124016 36742927 2039896 1815001 11381089 5067551 1804594
is_linear=0
shrinkage=0.3


Tree=38
num_leaves=15
num_cat=0
split_feature=1 3 0 3 3 2 0 1 2 5 7 7 2 5
split_gain=636.584 3677.46 2743.66 1617.55 1602.02 3221.89 2220.51 2081.74 2073.01 1420.91 1369.95 1334.16 1175.16 1575.39
threshold=0.013637126889079811 232.00000000000003 0.022008107975125316 440.00000000000006 168.00000000000003 0.021008719690144066 0.014198680873960258 0.0097399353981018084 0.020732789300382141 6.891084558446893e-05 0.13193958252668384 0.33463899791240698 0.031282784417271621 0.0062858304008841523
decision_type=2 2 2 2 2 2 2 2 2 2 2 2 2 2
left_child=2 -2 4 -3 5 8 7 -7 10 -6 -1 12 -8 -14
right_child=1 3 -4 -5 9 6 11 -9 -10 -11 -12 -13 13 -15
leaf_value=0.0077752055790185886 5.0215986455877933e-05 -0.0227502790816103 0.030140091696616269 -0.15267218063204413 -0.0014161821621707094 -0.047158046236420614 0.056310588460983899 -0.013573902296997134 0.053903470602970092 0.016427411747211147 -0.025279784652575476 -0.014558505188522735 0.028226867019592539 -0.066359133034667089
leaf_weight=1028168.4898932874 73820207.29786557 527940.86698667705 324297.13438457251 8767.7631414979696 706019.06563204527 215303.00286245346 70943.377503722906 727044.36104103923 80622.857694983482 931650.36396940053 126754.41066151857 116711.10009938478 60952.162131637335 21416.660549789667
leaf_count=1222010 55829986 663447 258032 15371 1004128 250547 64397 790429 70103 1109387 125771 90498 55231 19832
internal_value=7.80193e-05 -0.000129678 0.00358009 -0.0248727 0.00147186 -0.0033871 -0.0143744 -0.021247 0.0073941 0.00873482 0.00414737 0.00961036 0.0280093 0.00363363
internal_weight=7.87668e+07 7.43569e+07 4.40988e+06 536709 4.08559e+06 2.44792e+06 1.21237e+06 942347 1.23555e+06 1.63767e+06 1.15492e+06 270023 153312 82368.8
internal_count=61569169 56508804 5060365 678818 4802333 2688818 1270934 1040976 1417884 2113515 1347781 229958 139460 75063
is_linear=0
shrinkage=0.3


Tree=39
num_leaves=15
num_cat=0
split_feature=8 1 3 1 3 1 4 8 5 1 2 5 2 6
split_gain=828.721 1010.25 867.15 742.47 1378.67 1002.91 856.881 685.082 733.344 1873.59 783.942 703.934 1425.21 1541.15
threshold=2.3230853080749516 0.089474968612194075 680.00000000000011 0.032484635710716254 104.00000000000001 0.038350459188222892 2.5000000000000004 0.24873613566160205 0.0017998408875428142 0.014355433173477651 0.020420230925083164 0.0062858304008841523 0.01549832569435239 0.013818314764648678
decision_type=2 2 2 2 2 2 2 2 2 2 2 2 2 2
left_child=3 2 -2 6 -5 -6 7 8 -1 10 -10 -9 13 -13
right_child=1 -3 -4 4 5 -7 -8 11 9 -11 -12 12 -14 -15
leaf_value=-0.02142585542819701 0.0037595220112553798 0.043504618561714337 -0.15929561091967265 -0.00078740726004820287 -0.0017138268229973923 -0.01943184766121801 0.01304418034841372 0.0026520862796766834 -0.0029013229374444454 -0.011735102259914464 0.0461973348239232 -0.015254292589922242 0.00074734432304134513 -0.00067359251175860802
leaf_weight=252421.76994039118 3910006.3994109333 58053.725682020187 2937.6097803264856 39943837.759512275 532029.22921866179 625640.27090348303 508031.11566090584 12117829.855312452 44354.11891695857 414338.97395220399 86046.446766197681 1107013.2722731829 17562654.319477767 1588779.0082290769
leaf_count=385136 1705865 12607 6666 26757846 507065 563515 329541 13725924 55663 525881 83459 1240634 14304990 1364693
internal_value=-3.24052e-06 0.00421995 0.00363711 -0.000227493 -0.0010832 -0.0112892 0.000816728 0.000629472 -0.00805889 -0.00186489 0.029497 0.000843395 -0.000238495 -0.00666108
internal_weight=7.8754e+07 3.971e+06 3.91294e+06 7.4783e+07 4.11015e+07 1.15767e+06 3.36815e+07 3.31734e+07 797161 544740 130401 3.23763e+07 2.02584e+07 2.69579e+06
internal_count=61569485 1725138 1712531 59844347 27828426 1070580 32015921 31686380 1050139 665003 139122 30636241 16910317 2605327
is_linear=0
shrinkage=0.3


Tree=40
num_leaves=15
num_cat=0
split_feature=4 2 5 6 2 3 3 8 6 5 6 8 6 5
split_gain=602.314 502.923 1541.61 1566.6 1185.67 946.769 678.779 598.797 538.121 1237.04 484.321 483.839 462.43 1526.45
threshold=12.500000000000002 1.0000000180025095e-35 0.023488222621381286 0.022654475644230846 0.0030078291893005375 888.00000000000011 744.00000000000011 0.34735803306102758 0.026043465360999111 0.048349631950259216 0.063330877572298064 0.37246446311473852 0.048103861510753639 0.051976159214973457
decision_type=2 2 2 2 2 2 2 2 2 2 2 2 2 2
left_child=1 2 3 7 6 12 8 -1 11 10 -10 -3 13 -6
right_child=-2 4 -4 -5 5 -7 -8 -9 9 -11 -12 -13 -14 -15
leaf_value=-0.037224514599556703 0.051600676612617101 -0.071348415204659538 -0.028100666340946354 0.044887284598453758 8.0794581128863292e-05 -0.16855308137906988 -0.2831166802552636 0.0090018111122114209 -0.065102006781420474 0.028297400983643719 -0.16059658084095704 -0.0050428888697262525 0.001316470563427432 -0.0053379762671946114
leaf_weight=27151.12053142488 20390.152152657509 11184.219790995121 87041.486220687628 121004.19077965617 53995211.027223498 2998.5111732184887 925.45809638500214 354564.51909686625 29208.669973611832 12798.565684437752 5715.1569168865681 86581.509052142501 18885347.303971648 5122561.967153728
leaf_count=40604 2862 24939 63509 102012 48590233 8201 3837 379722 39348 6572 6937 147561 9162012 2991320
internal_value=4.62146e-05 3.28647e-05 0.0087606 0.0151428 -3.29973e-05 1.76268e-05 -0.0270045 0.00571377 -0.0253753 -0.0514897 -0.0807293 -0.0126281 2.41069e-05 -0.000388743
internal_weight=7.87627e+07 7.87423e+07 589761 502720 7.81525e+07 7.80061e+07 146414 381716 145488 47722.4 34923.8 97765.7 7.80031e+07 5.91178e+07
internal_count=61569669 61566807 585847 522338 60980960 60751766 229194 420326 225357 52857 46285 172500 60743565 51581553
is_linear=0
shrinkage=0.3


Tree=41
num_leaves=15
num_cat=0
split_feature=0 1 5 8 3 5 0 7 3 1 0 8 3 1
split_gain=493.451 2313.25 1358.99 1720.15 1162.77 1072.94 1304.86 1548.36 1509.91 1241.26 1472.95 1113.98 1103.76 1013.24
threshold=0.040282109752297408 0.018824264407157901 0.017189008183777336 0.35729087889194494 56.000000000000007 0.010254157241433861 0.015459300950169565 0.19171945005655291 56.000000000000007 0.0051872471813112506 0.0092643764801323431 0.44245700538158422 104.00000000000001 0.012832428794354202
decision_type=2 2 2 2 2 2 2 2 2 2 2 2 2 2
left_child=5 -2 3 -3 -4 6 8 13 9 -1 -11 -7 -13 -8
right_child=1 2 4 -5 -6 11 7 -9 -10 10 -12 12 -14 -15
leaf_value=0.022976006154849474 0.03775277622011565 0.0013528269102452029 0.00047179765943835628 0.020689686250565466 -0.015555729504947945 -0.0095702435060991027 0.031927241137338552 -0.0045045263771383856 0.00053214372638673896 -0.060470998252548647 -0.0092427415809973809 -0.0010664381904861629 -0.012736050501288234 0.0065629694213575982
leaf_weight=103636.91993847489 152478.90191623569 1065259.0976968706 30671755.36262244 677272.60191714764 412868.0515306294 1631556.9139257073 146533.09505051374 1261693.3388857245 13971110.582422018 52186.517979875207 1576242.0907467157 21941086.005289555 754552.15411141515 4338323.0637605488
leaf_count=102468 107079 1071374 18535960 582097 272962 1634348 151068 1274191 15188513 62899 1672583 15862539 515897 4535062
internal_value=2.46235e-06 0.000887171 0.000715934 0.00886852 0.000258919 -0.000634919 0.000911834 0.0047798 -0.000503641 -0.00885844 -0.0108845 -0.00199872 -0.00145441 0.00739169
internal_weight=7.87566e+07 3.29796e+07 3.28272e+07 1.74253e+06 3.10846e+07 4.57769e+07 2.14497e+07 5.74655e+06 1.57032e+07 1.73207e+06 1.62843e+06 2.43272e+07 2.26956e+07 4.48486e+06
internal_count=61569040 20569472 20462393 1653471 18808922 40999568 22986784 5960321 17026463 1837950 1735482 18012784 16378436 4686130
is_linear=0
shrinkage=0.3


Tree=42
num_leaves=15
num_cat=0
split_feature=8 4 1 7 0 1 4 8 0 6 8 7 4 7
split_gain=748.164 800.186 635.911 555.855 1192.69 1392.04 596.513 718.39 583.729 527.482 854.354 515.822 1908.59 1754.53
threshold=0.61573150753974926 6.5000000000000009 0.055384509265422828 6.7653894424438485 0.097505155950784697 0.044420862570405013 4.5000000000000009 0.97553935647010814 0.13330135494470599 0.17227775603532794 3.6547070741653447 1.025382995605469 1.5000000000000002 0.77896991372108471
decision_type=2 2 2 2 2 2 2 2 2 2 2 2 2 2
left_child=1 11 -3 9 -5 -6 8 -8 -7 -2 -11 12 -1 -14
right_child=3 2 -4 4 5 6 7 -9 -10 10 -12 -13 13 -15
leaf_value=-0.0016165295347984425 0.00084001414649109208 0.093098904087868653 0.017764597397447249 -0.015071702346267965 0.039258380584736748 0.00010379932630533564 0.025084987985497229 -0.010930443306466376 0.029280916013109073 0.0016147913868941285 0.026284946138493578 -0.0053346328408664908 0.014205293643149734 -0.0019653410408097685
leaf_weight=25147382.116092756 46486684.171007052 12087.687734365463 60851.247572958469 615538.59504646063 82142.015579104424 189572.33218431473 55345.73686671257 501561.30494821072 91497.11327445507 367120.93879017234 192628.88253173232 2503158.0756192505 1383453.7693763077 1071654.3497797847
leaf_count=25882791 31242700 5599 28432 235562 25817 63510 18545 145512 25763 119356 60284 1721680 1159028 835249
internal_value=3.81608e-05 -0.00113499 0.0302493 0.000766907 -0.00484978 0.00198846 -0.0016649 -0.00735121 0.00960189 0.000950243 0.0101046 -0.00121103 -0.000837072 0.00714681
internal_weight=7.87607e+07 3.01786e+07 72938.9 4.85821e+07 1.53566e+06 920119 837976 556907 281069 4.70464e+07 559750 3.01056e+07 2.76025e+07 2.45511e+06
internal_count=61569828 29632779 34031 31937049 514709 279147 253330 164057 89273 31422340 179640 29598748 27877068 1994277
is_linear=0
shrinkage=0.3


Tree=43
num_leaves=15
num_cat=0
split_feature=8 0 2 5 0 8 6 3 2 0 6 5 8 2
split_gain=550.105 867.738 628.282 557.459 1455.79 1130.73 944.736 870.303 1442.52 1262.74 1131.34 1572.76 791.822 791.011
threshold=0.2395596578717232 0.10971909761428834 0.0085164527408778685 0.010254157241433861 0.026611181907355789 0.36947265267372137 0.069278150796890273 72.000000000000014 0.019732115790247921 0.014198680873960258 0.03676410764455796 0.039131114259362228 1.038418769836426 0.030878958292305473
decision_type=2 2 2 2 2 2 2 2 2 2 2 2 2 2
left_child=1 2 -1 4 6 -6 -2 9 -9 13 -10 12 -12 -5
right_child=3 -3 -4 7 5 -7 -8 8 10 -11 11 -13 -14 -15
leaf_value=-0.055397204497908095 0.0011062997867109898 0.048264915158109607 -0.0069878141616819267 -0.0036108479238429756 0.0049286512108665977 0.024539886868433388 -0.026685674001187092 -0.018417381517736739 -0.010172000022593523 0.00022662806825415562 -0.0098576180476922706 -0.01531386690923983 0.0098962561434069174 -0.021841088194021845
leaf_weight=24747.892542466521 19606149.428293794 25117.831317335367 964712.54671607912 512661.09855633974 742917.27115866542 410975.15873104334 110702.98509083688 589145.68245059252 996515.88204872608 52633152.352932364 215084.2277263701 358510.16879540682 1210219.1134471893 367957.38660734892
leaf_count=43999 20912039 19001 1191758 389657 800297 372505 75785 489133 803273 35150299 157157 188420 728181 247502
internal_value=0.000139683 -0.00680074 -0.00819861 0.000230246 0.00155639 0.0119135 0.000950258 -0.000256322 -0.00493277 3.81289e-05 -0.00207541 0.0024477 0.00691531 -0.0112282
internal_weight=7.87686e+07 1.01458e+06 989460 7.7754e+07 2.08707e+07 1.15389e+06 1.97169e+07 5.68832e+07 3.36948e+06 5.35138e+07 2.78033e+06 1.78381e+06 1.4253e+06 880618
internal_count=61569006 1254758 1235757 60314248 22160626 1172802 20987824 38153622 2366164 35787458 1877031 1073758 885338 637159
is_linear=0
shrinkage=0.3


Tree=44
num_leaves=15
num_cat=0
split_feature=8 5 0 0 5 6 0 3 6 8 6 6 6 5
split_gain=517.791 885.44 2728.14 2193.62 1771.79 1600.83 1408.2 990.331 1090.24 955.609 943.413 744.652 1205.56 741.442
threshold=0.59555882215499889 0.0027342338580638175 0.0052975418511778125 0.010349628515541555 0.0049188802950084218 0.0041720024310052404 0.020569821819663051 40.000000000000007 0.0047885675448924312 0.3898987770080567 0.0030985811026766901 0.0027404774446040396 0.0065643284469842919 0.016581304371356968
decision_type=2 2 2 2 2 2 2 2 2 2 2 2 2 2
left_child=1 2 10 -3 9 -4 7 11 -9 -5 -1 -6 -13 -8
right_child=-2 3 5 4 6 -7 13 8 -10 -11 -12 12 -14 -15
leaf_value=-0.019260845361320354 0.00049743909817510023 -0.013551356851011605 -0.0050167910183115645 0.0037585923378031039 0.012259159974143709 0.021308915493493969 0.0014948315399350937 0.047413038698686821 -0.0050504509983817156 0.020347107970519484 -0.00028718823297223478 -0.040068592934399204 -0.012520122257271072 -0.002347605965956347
leaf_weight=260861.00757090747 50274763.43375887 1344404.1436937898 270430.65937361121 956956.55568750203 77535.82811793685 898887.39172922075 7690154.4769284725 36235.169499337673 2205050.2131500393 464124.2584399879 2460245.6425726116 182262.46385449171 663126.78358155489 10962632.044380605
leaf_count=446329 33393173 1554771 370654 1165106 65975 1112687 7631063 38143 2342200 495826 3368072 216944 704508 8663334
internal_value=-8.14836e-05 -0.00110369 0.00310163 -0.00176923 -0.00108759 0.0152205 -0.00175615 -0.00760802 -0.00420227 0.00917639 -0.00210611 -0.0158788 -0.0184595 -0.000763449
internal_weight=7.87477e+07 2.84729e+07 3.89042e+06 2.45825e+07 2.32381e+07 1.16932e+06 2.1817e+07 3.16421e+06 2.24129e+06 1.42108e+06 2.72111e+06 922925 845389 1.86528e+07
internal_count=61568785 28175612 5297742 22877870 21323099 1483341 19662167 3367770 2380343 1660932 3814401 987427 921452 16294397
is_linear=0
shrinkage=0.3


Tree=45
num_leaves=15
num_cat=0
split_feature=0 5 8 8 3 5 6 2 2 6 8 2 2 0
split_gain=576.735 1135.38 1410.78 1829.2 1084.5 995.411 1006.07 927.985 894.675 803.633 795.061 779.218 775.416 701.787
threshold=0.0036090534413233404 0.0027342338580638175 0.6935374140739442 0.43252779543399816 136.00000000000003 0.0013224595459178092 0.057341955602169044 0.014788470696657898 0.02465782500803471 0.034209024161100395 0.90323418378829967 0.036610960960388191 0.085822165012359633 0.0066730114631354817
decision_type=2 2 2 2 2 2 2 2 2 2 2 2 2 2
left_child=5 2 3 -2 -3 6 8 -7 -1 -4 -6 -9 -10 -5
right_child=1 4 9 13 10 7 -8 11 12 -11 -12 -13 -14 -15
leaf_value=-0.0048823555285788254 0.0024434252000507654 3.4939918878776662e-05 -0.0095175530607334771 0.016726471150196185 -0.028574518055705281 0.0066146040361855308 -0.07574682760177813 -0.016918420663268739 0.0055603173454290946 -0.075823504522611496 -0.0049798830868221311 -0.0024170977070290364 -0.019960356212241372 0.040130070030815215
leaf_weight=1831584.3418745846 1255811.7114673555 70184864.90671289 243337.61458334327 608601.16439598799 196185.08576087654 290095.20177443326 15859.427811950445 971812.14354157448 1990264.28442581 17643.939502716064 372738.55554619431 507727.65536412597 113247.10738945007 142270.64425565302
leaf_count=2504125 1668681 51629036 225979 697016 210516 326084 15116 900820 2372550 14740 283543 420280 150543 150919
internal_value=-8.62775e-05 0.000140971 0.00674869 0.00944721 -7.08066e-05 -0.00298703 -0.000338576 -0.00890008 -3.46618e-05 -0.0140002 -0.0131162 -0.0119421 0.00418636 0.0211608
internal_weight=7.8742e+07 7.30215e+07 2.26767e+06 2.00668e+06 7.07538e+07 5.72059e+06 3.95096e+06 1.76964e+06 3.9351e+06 260982 568924 1.47954e+06 2.10351e+06 750872
internal_count=61569948 54880430 2757335 2516616 52123095 6689518 5042334 1647184 5027218 240719 494059 1321100 2523093 847935
is_linear=0
shrinkage=0.3


Tree=46
num_leaves=15
num_cat=0
split_feature=5 8 7 6 5 0 6 7 5 2 0 1 7 5
split_gain=518.376 1319.44 1303.04 1600.37 1863.26 1027.78 877.348 853.726 751.57 748.301 744.327 1578.92 1380.85 1082.22
threshold=0.1146085597574711 1.4889218211174013 0.96323543787002575 0.17227775603532794 0.28567025065422064 0.071325011551380171 0.063330877572298064 0.8545307219028474 0.157603994011879 0.017258602194488052 0.060962252318859107 0.03527400083839894 1.071331322193146 0.03303168714046479
decision_type=2 2 2 2 2 2 2 2 2 2 2 2 2 2
left_child=1 10 3 4 -2 -4 8 -3 -7 -8 13 -12 -13 -1
right_child=2 7 5 -5 -6 6 9 -9 -10 -11 11 12 -14 -15
leaf_value=-6.2620017152635764e-05 -0.011711191802867454 0.0023684955916717198 -0.0076679908962972738 0.011393320489525738 -0.080872586966063462 0.0086695782626974149 0.018444179744127771 0.010007825367365136 0.038127466789723209 -0.00056028391580409799 0.013644377883375291 0.0036965138985438628 -0.0029831414711606013 -0.003870795202586908
leaf_weight=43484714.162143007 1440686.2946283221 6883942.9214064777 1138163.5263604522 278660.39204847813 35932.462497830391 416292.93645435572 200073.32651591301 1627943.0779607296 95906.726843476295 2742391.183322072 956523.73512992263 6798200.5868308544 4718682.6402381659 7943010.2992554307
leaf_count=41242025 634671 4062920 461907 91587 14012 182151 63057 789183 35129 982395 665879 4625952 2734932 4983750
internal_value=9.29528e-05 0.00032083 -0.00250645 -0.00945903 -0.0133942 0.000150671 0.00272658 0.00382956 0.0141854 0.000731928 -0.000146546 0.00193246 0.000959734 -0.000650793
internal_weight=7.87611e+07 7.2413e+07 6.34811e+06 1.75528e+06 1.47662e+06 4.59283e+06 3.45466e+06 8.51189e+06 512200 2.94246e+06 6.39011e+07 1.24734e+07 1.15169e+07 5.14277e+07
internal_count=61569550 59104641 2464909 740270 648683 1724639 1262732 4852103 217280 1045452 54252538 8026763 7360884 46225775
is_linear=0
shrinkage=0.3


Tree=47
num_leaves=15
num_cat=0
split_feature=2 1 1 5 0 2 5 6 3 5 0 0 2 1
split_gain=474.107 924.197 547.966 1300.99 1162.85 1699.46 1280.13 1155.04 1330.72 1046.71 2092.71 1660.9 1555.68 1270.69
threshold=0.10763395950198175 0.0046697242651134738 0.025568698532879356 0.0009690167207736523 0.046641621738672263 0.02225148864090443 0.063943445682525649 0.019777791574597362 584.00000000000011 0.0062858304008841523 0.014423453714698555 0.0096896337345242518 0.015696670860052112 0.01483093621209264
decision_type=2 2 2 2 2 2 2 2 2 2 2 2 2 2
left_child=2 -2 4 -4 6 -6 7 9 -9 11 -11 -1 -12 -14
right_child=1 -3 3 -5 5 -7 -8 8 -10 10 12 -13 13 -15
leaf_value=-0.00017465194176749947 -0.090354621002548929 0.0090807358097319719 -0.026350250284604197 -0.00038444927003724753 -0.0058797907153597855 0.028289582103149569 -0.014933169766417913 0.0053977748876541066 -0.27940312363701686 -0.014281214250302141 -0.010873300162510759 0.0091246439412165092 0.014613818338347545 2.7482629543046564e-05
leaf_weight=7113817.0059901625 8516.0623500049114 691808.63425423205 174205.84138596058 56014423.936864153 215169.44041678309 334904.05893146992 446922.53093189001 4918560.1696202606 1476.9835909605026 1182225.3787616193 1022379.1701627672 2283397.5277716219 628021.44671833515 3729705.3051862419
leaf_count=8638259 17907 460042 234170 39043085 170648 222766 234515 3615807 3002 1138667 1102516 2634976 518442 3533723
internal_value=0.000100706 0.00787159 3.09933e-05 -0.000464953 0.0013048 0.0149237 0.000953528 0.00129358 0.00531228 5.46877e-05 -0.00285264 0.00208495 -0.000341321 0.00212962
internal_weight=7.87655e+07 700325 7.80652e+07 5.61886e+07 2.18766e+07 550073 2.13265e+07 2.08796e+07 4.92004e+06 1.59595e+07 6.56233e+06 9.39721e+06 5.38011e+06 4.35773e+06
internal_count=61568525 477949 61090576 39277255 21813321 393414 21419907 21185392 3618809 17566583 6293348 11273235 5154681 4052165
is_linear=0
shrinkage=0.3


Tree=48
num_leaves=15
num_cat=0
split_feature=6 0 6 5 3 5 3 6 0 4 5 2 1 2
split_gain=549.592 1470.57 1462.48 925.621 1760.83 1213.36 1749.14 1121.84 1519.29 1174.25 1053.76 1081.37 1000.69 1115.89
threshold=0.018705195747315887 0.097505155950784697 0.016426999121904377 0.03303168714046479 88.000000000000014 0.004074633354321123 88.000000000000014 0.039712948724627502 0.029610011726617817 7.5000000000000009 0.086276978254318251 0.037180824205279357 0.026439174078404907 0.051512951031327255
decision_type=2 2 2 2 2 2 2 2 2 2 2 2 2 2
left_child=1 2 -1 5 7 6 -2 8 -5 -10 11 -9 -7 -14
right_child=3 -3 -4 4 -6 12 -8 10 9 -11 -12 -13 13 -15
leaf_value=-0.00038089705328660353 -0.034909025063304545 0.026313464796080762 -0.0064514305663756818 -0.018683466193805842 -0.02780018568255269 0.0069326177706186317 -0.0025536039753234372 0.0060474585749613306 -0.0024036280755957633 0.067116337088509351 -0.0014283523730753789 -9.1048289158819122e-05 0.00039124024630447085 0.006479490606354092
leaf_weight=22469783.255018637 165405.11138221622 174126.833586514 4246778.5352961272 536885.04031705856 212904.53287622333 3876725.5006211698 1654725.3227761835 5097368.2275567353 8367931.8562221527 21924.021159172058 9599827.5875864029 5235741.1410484314 13714889.083608344 3376477.3681430519
leaf_count=24406741 145166 128026 3788697 355500 120194 2859423 1506087 2921878 5562884 9295 4032352 2768169 10594944 2370206
internal_value=-6.61425e-05 -0.00116675 -0.00134585 0.000504538 -0.000617562 0.00193608 -0.00549392 -0.000417029 -0.00321201 -0.00222196 0.000834673 0.0029371 0.00258104 0.001594
internal_weight=7.87515e+07 2.68907e+07 2.67166e+07 5.18608e+07 2.90726e+07 2.27882e+07 1.82013e+06 2.88597e+07 8.92674e+06 8.38986e+06 1.99329e+07 1.03331e+07 2.09681e+07 1.70914e+07
internal_count=61569562 28323464 28195438 33246098 15770272 17475826 1651253 15650078 5927679 5572179 9722399 5690047 15824573 12965150
is_linear=0
shrinkage=0.3


Tree=49
num_leaves=15
num_cat=0
split_feature=8 2 5 5 6 3 4 6 2 5 5 3 6 3
split_gain=726.125 684.502 646.667 568.28 1829.48 2171.53 1193.7 1205.47 1534.76 1083.12 894.949 1622.98 995.23 878.643
threshold=0.38713507354259497 0.031550010666251189 0.013337114360183479 0.019408183172345165 0.031303763389587409 56.000000000000007 1.5000000000000002 0.017983363009989265 0.0170652074739337 0.014228717889636757 0.0027342338580638175 120.00000000000001 0.010029253549873831 104.00000000000001
decision_type=2 2 2 2 2 2 2 2 2 2 2 2 2 2
left_child=1 2 -1 4 6 9 7 10 -9 -6 -2 12 -12 -5
right_child=3 -3 -4 13 5 -7 -8 8 -10 -11 11 -13 -14 -15
leaf_value=-0.0020580704243729829 0.0040586252578009583 -0.0054026876821916545 0.0064093101345019795 -0.00027826452366441139 -0.026448975356477059 -0.00023990583669075206 0.020908926940655607 0.015782595150705295 0.0034601411227253016 -0.0076966415286274341 -0.0055250830896000748 -0.022686094057065124 0.0013057160142711745 -0.018260336697138949
leaf_weight=3399722.0409438312 4451202.3700587377 4105883.4688573629 1066375.151288271 41617414.145292729 481886.45947399735 2980824.4740500152 307962.76290255785 1030541.8153285161 7756270.9188927263 652657.60989773273 2545676.3287103772 301971.47672185302 7806142.8365259767 246000.01868340373
leaf_count=4350848 5390283 4150545 991557 25146230 339142 2170289 256929 1031788 6474226 436033 2766537 324467 7588667 151173
internal_value=-2.17151e-07 -0.00260674 -3.63043e-05 0.000318158 0.00135618 -0.00449141 0.00235061 0.0021114 0.00490535 -0.0156615 0.000486114 -0.0010065 -0.000374086 -0.000383932
internal_weight=7.87505e+07 8.57198e+06 4.4661e+06 7.01786e+07 2.83151e+07 4.11537e+06 2.41998e+07 2.38918e+07 8.78681e+06 1.13454e+06 1.5105e+07 1.06538e+07 1.03518e+07 4.18634e+07
internal_count=61568714 9492950 5342405 52075764 26778361 2945464 23832897 23575968 7506014 775175 16069954 10679671 10355204 25297403
is_linear=0
shrinkage=0.3


Tree=50
num_leaves=15
num_cat=0
split_feature=6 5 3 4 6 6 6 5 0 0 1 5 6 6
split_gain=691.652 921.38 709.029 702.514 721.584 715.036 1014.97 893.037 1036.97 1005.44 932.401 789.988 1535.56 691.597
threshold=0.095479480922222151 0.17271380126476291 216.00000000000003 8.5000000000000018 0.069278150796890273 0.051823327317833907 0.057341955602169044 0.051976159214973457 0.080017749220132842 0.028192277997732166 0.042360022664070136 0.078361056745052352 0.03015162888914347 0.023974091745913032
decision_type=2 2 2 2 2 2 2 2 2 2 2 2 2 2
left_child=3 2 -2 4 5 7 -7 8 -1 -9 -10 13 -13 -11
right_child=1 -3 -4 -5 -6 6 -8 9 10 11 -12 12 -14 -15
leaf_value=-0.00023835941321049219 0.0071779443756742256 -0.0011133568166558142 -0.088742547309410516 0.032969066999689475 -0.0037312181090281759 0.0076324344763429195 2.5589927259639758e-06 -0.024448047221702244 0.023416571467010882 0.011230623297527746 0.0041774995023670086 0.048698276384014312 0.00068014960411120443 -0.0061389226800231643
leaf_weight=53530330.610041291 2835711.1365048885 2320265.5492374897 6952.5961218029261 57184.276689946651 5118132.5720905215 2539833.4578692019 4105640.9329234511 205213.6886177063 257659.66902837157 217457.46681666374 1887619.7320319712 62302.987918317318 1578714.537486434 4024221.8025814891
leaf_count=48458333 1196282 765424 5681 18001 2448388 1434493 2182439 122968 186661 129352 1351704 29998 814544 2424778
internal_value=-3.39507e-05 0.00332259 0.00694334 -0.000269457 -0.000295308 -3.82445e-05 0.00291862 -0.00035639 2.08274e-05 -0.00380614 0.00648822 -0.00308607 0.00250321 -0.00524844
internal_weight=7.87472e+07 5.16293e+06 2.84266e+06 7.35843e+07 7.35271e+07 6.8409e+07 6.64547e+06 6.17635e+07 5.56756e+07 6.08791e+06 2.14528e+06 5.8827e+06 1.64102e+06 4.24168e+06
internal_count=61569046 1967387 1201963 59601659 59583658 57135270 3616932 53518338 49996698 3521640 1538365 3398672 844542 2554130
is_linear=0
shrinkage=0.3


Tree=51
num_leaves=15
num_cat=0
split_feature=8 8 5 0 0 8 8 5 0 8 5 0 5 0
split_gain=567.279 438.795 584.043 1834.01 1162.52 1186.15 1209.19 1080.34 949.539 1021.43 1828.59 856.188 738.814 712.028
threshold=0.29935546219348913 2.4231837987899785 0.017189008183777336 0.03019505646079779 0.052294019609689719 0.44791372120380407 0.76591223478317272 0.010254157241433861 0.039201034232974059 0.9335334599018098 0.03303168714046479 0.014680908527225258 0.086276978254318251 0.010592155624181034
decision_type=2 2 2 2 2 2 2 2 2 2 2 2 2 2
left_child=-1 2 3 -2 5 7 -7 -5 9 -4 13 -12 -13 -11
right_child=1 -3 8 4 -6 6 -8 -9 -10 10 11 12 -14 -15
leaf_value=-0.0040279030429852588 0.0002017094985142991 0.0035416944158244879 -0.0062792377165107596 0.018038040963608223 0.030466823006805713 0.015586218134569323 -0.013502284704181806 -0.0012150573894931795 0.00029506652047647835 -0.013948355845946789 -0.03648980084219277 -0.0035651258061016431 -0.021890993476681404 0.0048600285383667624
leaf_weight=2918868.2951350212 25827537.75196594 3445749.5295368731 4752438.9514235258 306729.06847164035 185333.84837836027 1304234.6751222014 142687.22032865882 1810954.4636985958 29933997.983508676 190448.57361730933 76622.873519957066 3939920.060552448 208468.56218439341 3709948.8135197461
leaf_count=3456622 25840488 1477839 3799183 305493 157762 1119137 99740 1760471 18539403 127142 48976 2291800 106341 2434251
internal_value=7.61348e-05 0.000234098 7.66556e-05 0.00110185 0.00730156 0.00609713 0.0127177 0.0015736 -0.000631624 -0.00278568 -0.000742342 -0.00506646 -0.00448605 0.00394165
internal_weight=7.87539e+07 7.58351e+07 7.23893e+07 2.95775e+07 3.74994e+06 3.56461e+06 1.44692e+06 2.11768e+06 4.28118e+07 1.28778e+07 8.12541e+06 4.22501e+06 4.14839e+06 3.9004e+06
internal_count=61564648 58108026 56630187 29283091 3442603 3284841 1218877 2065964 27347096 8807693 5008510 2447117 2398141 2561393
is_linear=0
shrinkage=0.3


Tree=52
num_leaves=15
num_cat=0
split_feature=8 2 1 0 1 7 2 1 5 1 5 5 2 7
split_gain=456.255 731.137 1047.64 602.068 832.082 612.873 567.308 955.747 748.298 711.126 1963.4 1361.01 661.004 655.378
threshold=0.64104321599006664 0.063206318765878691 0.063601884990930571 0.1061365492641926 0.049923535436391837 1.1980889439582827 0.070527385920286192 0.019148751161992553 0.13640616089105609 0.0093351202085614222 0.0001059600035659969 3.2488975421074433e-06 0.10763395950198175 1.1471228599548342
decision_type=2 2 2 2 2 2 2 2 2 2 2 2 2 2
left_child=1 3 -3 -1 -5 -6 8 12 9 -2 11 -11 -8 -10
right_child=6 2 -4 4 5 -7 7 -9 13 10 -12 -13 -14 -15
leaf_value=-0.00070191347833303342 0.0098948969735343281 -0.0026974308649505359 -0.017805873058523953 0.032169329485377506 0.011884666042112938 -0.0026799724307116804 -0.0040801543778470149 0.0071807714283599654 -0.0096661763249783154 -0.20654728299295139 0.00074324926209642743 -0.028114092695345282 -0.044184112087149736 -0.0011922225254361232
leaf_weight=28435624.486833617 756262.65951119363 2111088.5168644339 513540.98973625898 101906.20765227079 467286.61461639404 586240.47133988142 128940.34477379918 2022414.1915850937 1109932.0805333257 3944.1487246751785 39146561.221412152 156643.5618287921 51868.362811639905 3159987.6701626778
leaf_count=28465711 786298 1841019 331266 62608 310473 336569 114849 1002783 453288 8523 26457534 202482 59328 1136370
internal_value=1.30976e-05 -0.000854777 -0.00565358 -0.000429138 0.00628396 0.0037801 0.000613898 0.00531251 0.000380392 0.000782765 0.000607449 -0.0324965 -0.0155847 -0.00339496
internal_weight=7.87522e+07 3.22157e+07 2.62463e+06 2.95911e+07 1.15543e+06 1.05353e+06 4.65366e+07 2.20322e+06 4.43333e+07 4.00634e+07 3.93071e+07 160588 180809 4.26992e+06
internal_count=61569101 31347646 2172285 29175361 709650 647042 30221455 1176960 29044495 27454837 26668539 211005 174177 1589658
is_linear=0
shrinkage=0.3


Tree=53
num_leaves=15
num_cat=0
split_feature=8 0 5 1 2 2 2 6 8 5 0 1 5 8
split_gain=433.346 417.068 1557.5 859.653 963.835 768.118 729.382 955.954 950.626 927.495 680.429 1406.44 896.147 902.017
threshold=1.8428819179534914 0.0073033575899899015 0.008129861671477558 0.036569466814398773 0.031163454055786136 0.0056581648532301196 0.014788470696657898 0.0079291826114058512 0.33273483812808996 0.0027342338580638175 0.024221520870923999 0.016854363493621353 0.039131114259362228 0.95012539625167858
decision_type=2 2 2 2 2 2 2 2 2 2 2 2 2 2
left_child=1 3 -3 4 6 -4 8 9 -1 -8 12 -12 13 -7
right_child=-2 2 5 -5 -6 10 7 -9 -10 -11 11 -13 -14 -15
leaf_value=-0.024945673464600034 0.0021627804651775146 0.0038236673181582942 -0.014580014690562281 -0.018241961649561295 0.0023919722495179944 -0.0047221649235812653 0.0027074218199545433 -0.0097597446300767832 0.0032029958047001183 -0.033587877794654698 0.015952217395198674 -0.00010046298376050771 -0.021076923373263355 0.0011679072966880083
leaf_weight=116290.20996346325 7805195.6432583928 8628749.8098974824 347450.12554359436 287604.05347670615 3374302.0373619199 5542694.9421820045 1105016.3196102232 2495846.7530469745 1510705.1767482981 67220.205650240183 496927.67369237542 42697063.897048086 232704.4705503583 4049687.753651768
leaf_count=206367 3659445 9225368 323344 289907 3550390 5023982 1545688 2547713 1976454 82645 403587 29781974 145559 2806954
internal_value=4.10804e-05 -0.00019232 8.41469e-05 -0.00210587 -0.00157056 -0.00052049 -0.00409569 -0.00644066 0.00119106 0.00062612 -0.000428354 8.4216e-05 -0.00268176 -0.00223551
internal_weight=7.87575e+07 7.09523e+07 6.19953e+07 8.95698e+06 8.66938e+06 5.33665e+07 5.29508e+06 3.66808e+06 1.627e+06 1.17224e+06 5.30191e+07 4.3194e+07 9.82509e+06 9.59238e+06
internal_count=61569377 57909932 47710768 10199164 9909257 38485400 6358867 4176046 2182821 1628333 38162056 30185561 7976495 7830936
is_linear=0
shrinkage=0.3


Tree=54
num_leaves=15
num_cat=0
split_feature=8 6 5 1 5 5 3 6 2 5 8 2 3 8
split_gain=466.038 539.86 1417.85 664.001 639.289 849.75 640.309 588.535 552.842 676.899 990.552 662.87 548.789 668.41
threshold=0.39546138048172003 0.014320828951895239 0.00043577633914537733 0.011614131275564434 0.0049188802950084218 0.026500084437429908 88.000000000000014 0.0049786607269197711 0.029845309443771843 3.2488975421074433e-06 1.3575306534767153 0.0072675796691328296 184.00000000000003 0.71593081951141369
decision_type=2 2 2 2 2 2 2 2 2 2 2 2 2 2
left_child=-1 4 3 -3 7 6 -6 12 9 10 -9 -12 13 -2
right_child=1 2 -4 -5 5 -7 -8 8 -10 -11 11 -13 -14 -15
leaf_value=-0.0020161337262459013 -0.01358369083261317 0.0044509552258968407 -9.3963652737479903e-06 -0.026983010152676852 -0.00014628419699188463 0.01556635141019273 -0.01743554810466284 -0.11688145140352361 0.0098150278567073167 0.0034834087327813177 -0.080426132530395225 0.083780121273523619 0.0021734099529569103 -0.10933500585598174
leaf_weight=9275429.5176633 199286.53674851358 79152.421979300678 57749350.535646349 256376.93580850959 5655442.6238124073 302649.25660821795 199591.49165523052 10242.745908163488 1820080.1540613174 2762842.6274231523 3669.5818019658327 5572.319194406271 418937.53794586658 6784.7715085148811
leaf_count=10213779 268271 77909 38671334 291036 5614208 225719 215375 21165 1996802 3370846 8093 6657 578852 9498
internal_value=-1.87993e-05 0.000247879 -0.000122375 -0.0195676 0.00213685 6.55857e-05 -0.000735656 0.00457672 0.00574977 0.00309045 -0.0526295 0.0185805 -0.00406128 -0.0167362
internal_weight=7.87454e+07 6.947e+07 5.80849e+07 335529 1.13851e+07 6.15768e+06 5.85503e+06 5.22742e+06 4.60241e+06 2.78233e+06 19484.6 9241.9 625009 206071
internal_count=61569544 51355765 39040279 368945 12315486 6055302 5829583 6260184 5403563 3406761 35915 14750 856621 277769
is_linear=0
shrinkage=0.3


Tree=55
num_leaves=15
num_cat=0
split_feature=0 5 3 2 0 3 1 3 1 2 6 5 1 6
split_gain=466.757 1675.12 1132.75 1365.23 983.705 891.329 829.301 817.591 785.411 832.841 714.469 650.697 644.194 628.8
threshold=0.01397152664139867 0.0062858304008841523 56.000000000000007 0.015876478515565399 0.0096896337345242518 104.00000000000001 0.0051872471813112506 40.000000000000007 0.036380149424076087 0.061854703351855285 0.023974091745913032 0.00057737069437280308 0.032484635710716254 0.0090496218763291853
decision_type=2 2 2 2 2 2 2 2 2 2 2 2 2 2
left_child=2 10 3 6 -5 13 -1 -6 -4 -10 11 -2 -9 -3
right_child=1 5 8 4 7 -7 -8 12 9 -11 -12 -13 -14 -15
leaf_value=0.04069608207321266 -0.10984850694411159 -0.0046941862695889366 1.9053180840630317e-06 -0.035298196297489169 -0.023337185775129748 -0.020239158486535281 0.0013618498455513729 -0.0028516697478688361 -0.011591636749561833 0.010309938660287893 -0.022415451885941115 0.010006945066819211 -0.032879217419799427 0.00033695016528011677
leaf_weight=58449.652325339615 4085.0065558254719 2326939.1144824028 14291162.882519983 159703.45163881779 310783.03295838833 193790.46359288692 276192.64659105241 775211.57768514752 979475.57892857492 185923.70442295074 64092.064409762621 1997291.8847734779 70117.247343033552 57050220.039198011
leaf_count=55142 6130 2442778 15030564 169060 305037 154310 316419 731808 869749 145601 51547 2251158 59320 38980875
internal_value=-2.00865e-05 0.000364707 -0.00140649 -0.00887711 -0.0132284 7.34895e-05 0.00823209 -0.0101797 -0.000608779 -0.00809754 0.00876382 0.00976231 -0.00534236 0.000139784
internal_weight=7.87434e+07 6.16364e+07 1.7107e+07 1.65046e+06 1.31582e+06 5.95709e+07 334642 1.15611e+06 1.54566e+07 1.1654e+06 2.06547e+06 2.00138e+06 845329 5.93772e+07
internal_count=61569498 43886798 17682700 1636786 1265225 41577963 371561 1096165 16045914 1015350 2308835 2257288 791128 41423653
is_linear=0
shrinkage=0.3


Tree=56
num_leaves=15
num_cat=0
split_feature=0 3 2 0 5 8 5 0 1 7 1 8 5 3
split_gain=487.882 1633.68 1374.58 933.504 828.349 733.561 992.762 978.157 817.648 1025.96 660.613 621.184 586.979 1410.25
threshold=0.0077900427859276542 72.000000000000014 0.012462443672120573 0.0068758239503949889 0.0049188802950084218 0.54512649774551403 0.010254157241433861 0.019666317850351337 0.014355433173477651 0.17609979957342151 0.026892420835793022 1.038418769836426 0.086276978254318251 56.000000000000007
decision_type=2 2 2 2 2 2 2 2 2 2 2 2 2 2
left_child=1 2 -1 -4 11 7 -7 -6 9 -9 -5 -2 -8 -14
right_child=4 -3 3 10 5 6 12 8 -10 -11 -12 -13 13 -15
leaf_value=0.021592294808779857 0.0055822184892687652 -0.0013389361503393137 -0.049777742964029849 -0.011301459788870916 -0.0075080128656033465 0.0052796320765861448 0.00073713603705320729 0.043566202346715606 -0.0011239770889288514 0.0014752271652362957 -0.078771269969465832 -0.02335227063601818 -0.001378184852074249 -0.026752025827602808
leaf_weight=56184.846923269331 3024475.0538147986 9928720.0431760922 122750.2812423408 177476.9130000174 2283431.7022472024 3670964.6549845934 33707664.518764138 83130.843775570393 15629039.879731879 139709.21787279844 14098.354841142893 68285.345685243607 9625538.6496371627 201257.39878702164
leaf_count=68318 3498069 10896914 137784 181236 2489323 3238982 22660211 79941 13971110 131914 13531 54933 4054064 93416
internal_value=-0.000143814 -0.00206882 -0.0216279 -0.0293534 0.000145899 -8.11784e-05 0.000541859 -0.00170292 -0.000866704 0.0171773 -0.0162667 0.00494337 0.000142354 -0.00189785
internal_weight=7.87327e+07 1.02992e+07 370510 314326 6.84335e+07 6.53407e+07 4.72054e+07 1.81353e+07 1.58519e+07 222840 191575 3.09276e+06 4.35345e+07 9.8268e+06
internal_count=61569746 11297783 400869 332551 50271963 46718961 30046673 16672288 14182965 211855 194767 3553002 26807691 4147480
is_linear=0
shrinkage=0.3


Tree=57
num_leaves=15
num_cat=0
split_feature=8 6 4 5 7 8 2 4 6 4 4 6 5 2
split_gain=441.436 688.892 669.775 694.315 507.022 665.663 626.064 496.714 1075.98 557.467 492.121 430.516 619.072 565.523
threshold=3.6547070741653447 0.17227775603532794 4.5000000000000009 0.13640616089105609 9.2269177436828631 1.3923408985137942 0.010768860578536989 7.5000000000000009 0.12906746566295627 8.5000000000000018 2.5000000000000004 0.087883666157722487 0.050137985497713096 0.052863234654068954
decision_type=2 2 2 2 2 2 2 2 2 2 2 2 2 2
left_child=4 2 3 -2 11 -6 -7 10 -9 -10 -8 -1 13 -13
right_child=1 -3 -4 -5 5 6 7 8 9 -11 -12 12 -14 -15
leaf_value=-0.00013137117301102364 0.0082489952509869034 0.018098164970990375 0.11264670261823424 -0.019138896160387196 0.014502967023082286 0.046910978581332953 -0.032437972120118744 0.016149104385336961 -0.096327991807842558 -0.036184659560101487 -0.0056364157915333871 -0.014489247187316666 0.0037275975732510573 0.009149897548133978
leaf_weight=72224044.462925747 205726.66485081613 309180.41097381711 4579.4309784173965 139998.01861518621 103072.53571403027 16097.398864507675 71507.806189656258 28703.251234054565 19245.247029185295 49663.563004612923 447661.80592191219 326240.99518689513 4699621.7241850495 126358.59443247318
leaf_count=59000069 104275 87317 927 53782 31615 4191 27098 7430 4525 9162 145464 177543 1876238 57087
internal_value=4.83454e-05 0.00777742 -0.00133173 -0.00284148 -1.69094e-05 -0.00785399 -0.0114951 -0.0130195 -0.0326536 -0.0529818 -0.00932793 5.76317e-05 0.00270708 -0.00788957
internal_weight=7.87717e+07 659485 350304 345725 7.81122e+07 735952 632879 616782 97612.1 68908.8 519170 7.73763e+07 5.15222e+06 452600
internal_count=61586723 246301 158984 158057 61340422 229485 197870 193679 21117 13687 172562 61110937 2110868 234630
is_linear=0
shrinkage=0.3


Tree=58
num_leaves=15
num_cat=0
split_feature=1 3 0 3 2 3 2 5 5 0 8 0 2 2
split_gain=410.093 1288.18 723.21 1306.68 1583.57 990.506 1298.88 1064.67 864.419 642.064 573.7 569.121 567.959 527.002
threshold=0.0088431136682629603 552.00000000000011 0.0096896337345242518 40.000000000000007 0.02520281728357077 232.00000000000003 0.018705323338508609 3.2488975421074433e-06 0.006028595846146346 0.0046795078087598094 0.62600654363632213 0.00013018237223150211 0.0079194158315658587 0.066519264131784453
decision_type=2 2 2 2 2 2 2 2 2 2 2 2 2 2
left_child=2 11 5 12 -5 6 9 -7 -8 -1 -6 -2 -4 -14
right_child=1 -3 3 4 10 7 8 -9 -10 -11 -12 -13 13 -15
leaf_value=-0.0070071814179739006 -0.012837784974952641 -0.16191200850663645 -0.066260048479942657 0.079950778836256203 0.026714789323361101 -0.0050534004358240891 -0.021392682591588028 0.020816519609136795 -0.093296824063483441 0.026464288079106103 -0.07404032820201617 -5.0186872076112404e-05 0.011150144684673641 -0.11524074136823705
leaf_weight=131107.09982465208 314512.84517526627 4428.2726566940546 9075.0971970558167 52423.70067602396 11397.3952049613 264668.10560058057 192682.57037296891 311903.9513772428 16321.9531647861 85030.60867165029 9185.1518856287003 77032879.250460982 300888.45055890083 2998.6777049601078
leaf_count=182644 439447 9448 10818 47254 11422 356828 244949 420321 15337 94290 7535 59473794 251611 3387
internal_value=-1.97463e-05 -0.000111448 0.00509185 0.0161251 0.0522657 0.00084064 -0.0101453 0.00894126 -0.0270079 0.00616081 -0.0182481 -0.000102184 0.00769442 0.00990295
internal_weight=7.87395e+07 7.73518e+07 1.38768e+06 385968 73006.2 1.00171e+06 425142 576572 209005 216138 20582.5 7.73474e+07 312962 303887
internal_count=61569085 59922689 1646396 332027 66211 1314369 537220 777149 260286 276934 18957 59913241 265816 254998
is_linear=0
shrinkage=0.3


Tree=59
num_leaves=15
num_cat=0
split_feature=8 0 1 2 0 3 8 2 6 2 2 2 0 6
split_gain=351.463 542.099 489.092 367.172 562.075 498.729 507.857 448.627 342.875 331.709 319.398 310.396 304.895 295.502
threshold=0.32503008842468267 0.13330135494470599 0.0046697242651134738 0.041823854669928558 0.067714840173721327 280.00000000000006 0.19693019241094592 0.02301883697509766 0.0045904095750302085 0.0090290107764303702 0.016480912454426292 0.10763395950198175 0.04249252192676068 0.016713441349565986
decision_type=2 2 2 2 2 2 2 2 2 2 2 2 2 2
left_child=1 2 -1 4 5 6 9 -6 -5 -4 12 -10 -8 -3
right_child=-2 13 3 8 7 -7 10 -9 11 -11 -12 -13 -14 -15
leaf_value=0.031891715787564189 0.00017135812372802626 0.069376853599146665 -0.070127951659201951 0.0051028147482609972 0.027550845511953925 -0.048672656665346897 -0.011139912648679912 0.0028118665375810093 -0.011211088114756559 -0.012941147021489784 0.00046703885192441905 0.018399893666851363 0.010471702404075824 0.015480450307176565
leaf_weight=35796.844274282455 74530593.036887318 11911.617945760489 9457.6081610172987 153801.42847201228 95963.948770910501 21345.666087463498 420005.24222381413 211094.62696391344 909589.87971489131 262477.56272143126 1940321.0375267118 33016.998879477382 68306.199500054121 39569.680583178997
leaf_count=45561 56680568 7848 17580 181895 85719 44746 609381 186690 918734 350611 2309431 29317 75250 25741
internal_value=2.06748e-05 -0.00264522 -0.00302375 -0.00332672 -0.00162393 -0.00299653 -0.0026355 0.0105435 -0.00803092 -0.01493 -0.00125887 -0.0101739 -0.00811683 0.0279509
internal_weight=7.87433e+07 4.21266e+06 4.16118e+06 4.12538e+06 3.02897e+06 2.72191e+06 2.70057e+06 307059 1.09641e+06 271935 2.42863e+06 942607 488311 51481.3
internal_count=61569072 4888504 4854915 4809354 3679408 3406999 3362253 272409 1129946 368191 2994062 948051 684631 33589
is_linear=0
shrinkage=0.3


end of trees

feature_importances:
mem_cur_state=137
sema32=137
mps128=116
sema128=102
tok_since_hit=97
ema128=95
ema32=87
sal16=36
hits16=33

parameters:
[boosting: gbdt]
[objective: tweedie]
[metric: tweedie]
[tree_learner: serial]
[device_type: cpu]
[data_sample_strategy: bagging]
[data: ]
[valid: ]
[num_iterations: 60]
[learning_rate: 0.3]
[num_leaves: 15]
[num_threads: 40]
[seed: 0]
[deterministic: 0]
[force_col_wise: 0]
[force_row_wise: 0]
[histogram_pool_size: -1]
[max_depth: -1]
[min_data_in_leaf: 500]
[min_sum_hessian_in_leaf: 0.001]
[bagging_fraction: 0.5]
[pos_bagging_fraction: 1]
[neg_bagging_fraction: 1]
[bagging_freq: 1]
[bagging_seed: 3]
[bagging_by_query: 0]
[feature_fraction: 0.9]
[feature_fraction_bynode: 1]
[feature_fraction_seed: 2437]
[extra_trees: 0]
[extra_seed: 11797]
[early_stopping_round: 0]
[early_stopping_min_delta: 0]
[first_metric_only: 0]
[max_delta_step: 0]
[lambda_l1: 0]
[lambda_l2: 0]
[linear_lambda: 0]
[min_gain_to_split: 0]
[drop_rate: 0.1]
[max_drop: 50]
[skip_drop: 0.5]
[xgboost_dart_mode: 0]
[uniform_drop: 0]
[drop_seed: 21238]
[top_rate: 0.2]
[other_rate: 0.1]
[min_data_per_group: 100]
[max_cat_threshold: 32]
[cat_l2: 10]
[cat_smooth: 10]
[max_cat_to_onehot: 4]
[top_k: 20]
[monotone_constraints: ]
[monotone_constraints_method: basic]
[monotone_penalty: 0]
[feature_contri: ]
[forcedsplits_filename: ]
[refit_decay_rate: 0.9]
[cegb_tradeoff: 1]
[cegb_penalty_split: 0]
[cegb_penalty_feature_lazy: ]
[cegb_penalty_feature_coupled: ]
[path_smooth: 0]
[interaction_constraints: ]
[verbosity: -1]
[saved_feature_importance_type: 0]
[use_quantized_grad: 0]
[num_grad_quant_bins: 4]
[quant_train_renew_leaf: 0]
[stochastic_rounding: 1]
[linear_tree: 0]
[max_bin: 255]
[max_bin_by_feature: ]
[min_data_in_bin: 3]
[bin_construct_sample_cnt: 200000]
[data_random_seed: 38]
[is_enable_sparse: 1]
[enable_bundle: 1]
[use_missing: 1]
[zero_as_missing: 0]
[feature_pre_filter: 1]
[pre_partition: 0]
[two_round: 0]
[header: 0]
[label_column: ]
[weight_column: ]
[group_column: ]
[ignore_column: ]
[categorical_feature: ]
[forcedbins_filename: ]
[precise_float_parser: 0]
[parser_config_file: ]
[objective_seed: 8855]
[num_class: 1]
[is_unbalance: 0]
[scale_pos_weight: 1]
[sigmoid: 1]
[boost_from_average: 1]
[reg_sqrt: 0]
[alpha: 0.9]
[fair_c: 1]
[poisson_max_delta_step: 0.7]
[tweedie_variance_power: 1.5]
[lambdarank_truncation_level: 30]
[lambdarank_norm: 1]
[label_gain: ]
[lambdarank_position_bias_regularization: 0]
[eval_at: ]
[multi_error_top_k: 1]
[auc_mu_weights: ]
[num_machines: 1]
[local_listen_port: 12400]
[time_out: 120]
[machine_list_filename: ]
[machines: ]
[gpu_platform_id: -1]
[gpu_device_id: -1]
[gpu_device_id_list: ]
[gpu_use_dp: 0]
[num_gpu: 1]

end of parameters

pandas_categorical:null
